year,month,carrier,carrier_name,airport,airport_name,arr_flights,arr_del15,carrier_ct,weather_ct,nas_ct,security_ct,late_aircraft_ct,arr_cancelled,arr_diverted,arr_delay,carrier_delay,weather_delay,nas_delay,security_delay,late_aircraft_delay
2025,6,9E,Endeavor Air Inc.,ABE,"Allentown/Bethlehem/Easton, PA: Lehigh Valley International",90.00,26.00,8.63,3.24,4.41,0.00,9.72,4.00,0.00,1884.00,561.00,223.00,282.00,0.00,818.00
2025,6,9E,Endeavor Air Inc.,ABY,"Albany, GA: Southwest Georgia Regional",5.00,1.00,0.00,0.00,0.00,0.00,1.00,0.00,0.00,124.00,0.00,0.00,0.00,0.00,124.00
2025,6,9E,Endeavor Air Inc.,AEX,"Alexandria, LA: Alexandria International",69.00,23.00,7.21,1.82,8.65,0.00,5.32,2.00,0.00,1698.00,981.00,54.00,294.00,0.00,369.00
2025,6,9E,Endeavor Air Inc.,AGS,"Augusta, GA: Augusta Regional at Bush Field",155.00,43.00,12.78,2.69,10.34,0.00,17.19,9.00,0.00,2877.00,827.00,198.00,517.00,0.00,1335.00
2025,6,9E,Endeavor Air Inc.,ALB,"Albany, NY: Albany International",86.00,29.00,9.32,0.00,4.07,0.00,15.61,4.00,0.00,1934.00,638.00,0.00,194.00,0.00,1102.00
2025,6,9E,Endeavor Air Inc.,ATL,"Atlanta, GA: Hartsfield-Jackson Atlanta International",2695.00,712.00,130.21,43.36,146.40,0.80,391.22,96.00,11.00,69171.00,19049.00,5308.00,10868.00,33.00,33913.00
2025,6,9E,Endeavor Air Inc.,AUS,"Austin, TX: Austin - Bergstrom International",90.00,24.00,9.88,1.39,8.14,0.00,4.59,4.00,1.00,1610.00,537.00,110.00,455.00,0.00,508.00
2025,6,9E,Endeavor Air Inc.,AVL,"Asheville, NC: Asheville Regional",76.00,29.00,8.51,0.94,10.77,0.00,8.77,4.00,0.00,2132.00,607.00,284.00,731.00,0.00,510.00
2025,6,9E,Endeavor Air Inc.,BGR,"Bangor, ME: Bangor International",99.00,24.00,4.33,0.81,4.98,0.00,13.87,7.00,0.00,1767.00,330.00,111.00,161.00,0.00,1165.00
2025,6,9E,Endeavor Air Inc.,BHM,"Birmingham, AL: Birmingham-Shuttlesworth International",137.00,53.00,17.64,0.36,16.58,0.00,18.42,11.00,0.00,4314.00,1095.00,9.00,1888.00,0.00,1322.00
2025,6,9E,Endeavor Air Inc.,BIS,"Bismarck/Mandan, ND: Bismarck Municipal",40.00,4.00,3.00,0.00,0.00,0.00,1.00,0.00,0.00,174.00,145.00,0.00,0.00,0.00,29.00
2025,6,9E,Endeavor Air Inc.,BMI,"Bloomington/Normal, IL: Central Il Regional Airport at Bloomington",55.00,23.00,7.04,2.16,9.04,0.00,4.76,2.00,0.00,1781.00,248.00,329.00,890.00,0.00,314.00
2025,6,9E,Endeavor Air Inc.,BNA,"Nashville, TN: Nashville International",249.00,55.00,16.46,0.07,19.83,0.00,18.63,17.00,1.00,5273.00,1526.00,6.00,1713.00,0.00,2028.00
2025,6,9E,Endeavor Air Inc.,BQK,"Brunswick, GA: Brunswick Golden Isles",90.00,29.00,9.85,2.44,4.61,0.00,12.09,4.00,1.00,2065.00,519.00,234.00,496.00,0.00,816.00
2025,6,9E,Endeavor Air Inc.,BTR,"Baton Rouge, LA: Baton Rouge Metropolitan/Ryan Field",69.00,27.00,9.29,1.43,4.51,0.00,11.76,1.00,0.00,1316.00,439.00,58.00,231.00,0.00,588.00
2025,6,9E,Endeavor Air Inc.,BTV,"Burlington, VT: Patrick Leahy Burlington International",186.00,58.00,18.50,0.77,16.09,0.00,22.65,11.00,0.00,5124.00,2159.00,485.00,831.00,0.00,1649.00
2025,6,9E,Endeavor Air Inc.,BUF,"Buffalo, NY: Buffalo Niagara International",233.00,61.00,21.01,0.92,11.77,0.00,27.30,17.00,0.00,4959.00,2310.00,82.00,460.00,0.00,2107.00
2025,6,9E,Endeavor Air Inc.,CAE,"Columbia, SC: Columbia Metropolitan",88.00,32.00,5.95,1.66,8.12,0.00,16.28,4.00,0.00,3722.00,948.00,393.00,467.00,0.00,1914.00
2025,6,9E,Endeavor Air Inc.,CHA,"Chattanooga, TN: Lovell Field",198.00,61.00,20.07,2.84,13.00,0.00,25.09,4.00,0.00,4392.00,1468.00,238.00,622.00,0.00,2064.00
2025,6,9E,Endeavor Air Inc.,CHO,"Charlottesville, VA: Charlottesville Albemarle",167.00,49.00,16.17,3.39,10.69,0.00,18.76,11.00,1.00,4819.00,2734.00,148.00,587.00,0.00,1350.00
2025,6,9E,Endeavor Air Inc.,CHS,"Charleston, SC: Charleston AFB/International",140.00,40.00,15.97,0.99,10.62,0.00,12.42,8.00,0.00,3712.00,1452.00,80.00,842.00,0.00,1338.00
2025,6,9E,Endeavor Air Inc.,CID,"Cedar Rapids/Iowa City, IA: The Eastern Iowa",82.00,22.00,11.58,0.00,5.70,0.00,4.73,3.00,1.00,1353.00,723.00,0.00,272.00,0.00,358.00
2025,6,9E,Endeavor Air Inc.,CLE,"Cleveland, OH: Cleveland-Hopkins International",328.00,110.00,38.77,0.11,25.77,0.00,45.35,15.00,1.00,9066.00,3639.00,29.00,1649.00,0.00,3749.00
2025,6,9E,Endeavor Air Inc.,CLT,"Charlotte, NC: Charlotte Douglas International",228.00,72.00,14.22,0.58,26.66,0.00,30.54,25.00,0.00,7172.00,1367.00,40.00,2102.00,0.00,3663.00
2025,6,9E,Endeavor Air Inc.,CMH,"Columbus, OH: John Glenn Columbus International",69.00,21.00,9.30,2.13,5.58,0.00,3.99,4.00,0.00,1264.00,527.00,162.00,253.00,0.00,322.00
2025,6,9E,Endeavor Air Inc.,CRW,"Charleston/Dunbar, WV: West Virginia International Yeager",95.00,29.00,10.58,2.63,6.68,0.00,9.11,3.00,0.00,3230.00,866.00,1121.00,341.00,0.00,902.00
2025,6,9E,Endeavor Air Inc.,CSG,"Columbus, GA: Columbus Airport",86.00,28.00,14.64,1.04,5.64,0.00,6.67,5.00,0.00,1952.00,1096.00,47.00,286.00,0.00,523.00
2025,6,9E,Endeavor Air Inc.,CVG,"Cincinnati, OH: Cincinnati/Northern Kentucky International",563.00,187.00,47.54,7.18,42.21,0.00,90.08,24.00,2.00,19005.00,5739.00,592.00,4339.00,0.00,8335.00
2025,6,9E,Endeavor Air Inc.,CWA,"Mosinee, WI: Central Wisconsin",60.00,15.00,5.09,0.02,3.85,0.00,6.04,0.00,0.00,1112.00,474.00,5.00,135.00,0.00,498.00
2025,6,9E,Endeavor Air Inc.,DAY,"Dayton, OH: James M Cox/Dayton International",26.00,14.00,3.50,0.00,3.07,0.00,7.43,4.00,0.00,1741.00,323.00,0.00,359.00,0.00,1059.00
2025,6,9E,Endeavor Air Inc.,DCA,"Washington, DC: Ronald Reagan Washington National",168.00,65.00,7.99,2.81,36.87,0.00,17.33,10.00,0.00,5307.00,734.00,212.00,2745.00,0.00,1616.00
2025,6,9E,Endeavor Air Inc.,DHN,"Dothan, AL: Dothan Regional",67.00,22.00,11.04,0.98,1.75,0.00,8.23,5.00,0.00,1787.00,809.00,59.00,106.00,0.00,813.00
2025,6,9E,Endeavor Air Inc.,DLH,"Duluth, MN: Duluth International",28.00,7.00,1.56,0.00,0.00,0.00,5.44,1.00,0.00,537.00,130.00,0.00,0.00,0.00,407.00
2025,6,9E,Endeavor Air Inc.,DSM,"Des Moines, IA: Des Moines International",256.00,65.00,21.09,1.82,13.05,0.00,29.04,9.00,2.00,5082.00,2082.00,257.00,688.00,0.00,2055.00
2025,6,9E,Endeavor Air Inc.,DTW,"Detroit, MI: Detroit Metro Wayne County",1784.00,423.00,101.74,13.11,63.52,0.00,244.63,47.00,0.00,41401.00,13829.00,1919.00,4446.00,0.00,21207.00
2025,6,9E,Endeavor Air Inc.,ECP,"Panama City, FL: Northwest Florida Beaches International",5.00,0.00,0.00,0.00,0.00,0.00,0.00,2.00,0.00,0.00,0.00,0.00,0.00,0.00,0.00
2025,6,9E,Endeavor Air Inc.,EVV,"Evansville, IN: Evansville Regional",114.00,31.00,7.97,4.08,5.94,0.00,13.01,4.00,1.00,2500.00,484.00,244.00,467.00,0.00,1305.00
2025,6,9E,Endeavor Air Inc.,EWR,"Newark, NJ: Newark Liberty International",88.00,25.00,10.40,0.00,10.00,0.00,4.60,6.00,0.00,1698.00,914.00,0.00,426.00,0.00,358.00
2025,6,9E,Endeavor Air Inc.,FAR,"Fargo, ND: Hector International",32.00,2.00,1.70,0.00,0.30,0.00,0.00,1.00,0.00,40.00,33.00,0.00,7.00,0.00,0.00
2025,6,9E,Endeavor Air Inc.,FAY,"Fayetteville, NC: Fayetteville Regional/Grannis Field",84.00,21.00,3.38,1.90,5.17,0.00,10.54,2.00,1.00,1303.00,216.00,109.00,182.00,0.00,796.00
2025,6,9E,Endeavor Air Inc.,FSD,"Sioux Falls, SD: Joe Foss Field",25.00,8.00,3.01,0.00,1.22,0.00,3.76,0.00,0.00,601.00,304.00,0.00,33.00,0.00,264.00
2025,6,9E,Endeavor Air Inc.,GFK,"Grand Forks, ND: Grand Forks International",25.00,6.00,2.37,0.75,1.75,0.00,1.13,0.00,0.00,633.00,284.00,223.00,71.00,0.00,55.00
2025,6,9E,Endeavor Air Inc.,GRB,"Green Bay, WI: Green Bay Austin Straubel International",53.00,8.00,3.21,1.00,0.21,0.00,3.58,1.00,0.00,522.00,202.00,25.00,19.00,0.00,276.00
2025,6,9E,Endeavor Air Inc.,GRR,"Grand Rapids, MI: Gerald R. Ford International",113.00,35.00,15.09,1.67,6.72,0.00,11.53,1.00,0.00,2310.00,1114.00,101.00,259.00,0.00,836.00
2025,6,9E,Endeavor Air Inc.,GSO,"Greensboro/High Point, NC: Piedmont Triad International",125.00,37.00,13.20,0.00,6.33,0.00,17.48,8.00,0.00,2951.00,1122.00,0.00,408.00,0.00,1421.00
2025,6,9E,Endeavor Air Inc.,GSP,"Greer, SC: Greenville-Spartanburg International",116.00,34.00,9.05,0.00,7.41,0.00,17.54,10.00,1.00,2318.00,681.00,0.00,537.00,0.00,1100.00
2025,6,9E,Endeavor Air Inc.,GTR,"Columbus, MS: Golden Triangle Regional",60.00,26.00,8.07,0.43,3.50,0.00,14.00,3.00,0.00,1600.00,381.00,49.00,223.00,0.00,947.00
2025,6,9E,Endeavor Air Inc.,HPN,"White Plains, NY: Westchester County",137.00,28.00,11.07,1.96,6.83,0.00,8.14,2.00,3.00,1965.00,523.00,302.00,390.00,0.00,750.00
2025,6,9E,Endeavor Air Inc.,HSV,"Huntsville, AL: Huntsville International-Carl T Jones Field",106.00,39.00,14.10,2.46,7.62,0.00,14.82,4.00,0.00,3936.00,1232.00,243.00,783.00,0.00,1678.00
2025,6,9E,Endeavor Air Inc.,IAD,"Washington, DC: Washington Dulles International",84.00,20.00,4.76,0.00,9.61,0.00,5.63,11.00,0.00,1367.00,354.00,0.00,509.00,0.00,504.00
2025,6,9E,Endeavor Air Inc.,ICT,"Wichita, KS: Wichita Dwight D Eisenhower National",6.00,3.00,1.72,0.00,0.38,0.00,0.90,1.00,0.00,204.00,147.00,0.00,21.00,0.00,36.00
2025,6,9E,Endeavor Air Inc.,ILM,"Wilmington, NC: Wilmington International",98.00,29.00,10.37,0.00,9.23,0.00,9.40,8.00,0.00,2953.00,1526.00,0.00,729.00,0.00,698.00
2025,6,9E,Endeavor Air Inc.,IND,"Indianapolis, IN: Indianapolis International",287.00,85.00,27.09,1.45,14.91,0.00,41.55,16.00,0.00,8556.00,1615.00,46.00,3148.00,0.00,3747.00
2025,6,9E,Endeavor Air Inc.,ITH,"Ithaca/Cortland, NY: Ithaca Tompkins International",60.00,15.00,3.47,1.00,1.64,0.00,8.89,3.00,0.00,1784.00,823.00,52.00,112.00,0.00,797.00
2025,6,9E,Endeavor Air Inc.,JAN,"Jackson/Vicksburg, MS: Jackson Medgar Wiley Evers International",34.00,12.00,6.16,1.00,3.74,0.00,1.09,0.00,0.00,568.00,277.00,38.00,157.00,0.00,96.00
2025,6,9E,Endeavor Air Inc.,JAX,"Jacksonville, FL: Jacksonville International",175.00,63.00,18.26,0.00,23.21,0.00,21.53,12.00,1.00,5528.00,1348.00,0.00,1529.00,0.00,2651.00
2025,6,9E,Endeavor Air Inc.,JFK,"New York, NY: John F. Kennedy International",1861.00,489.00,88.79,22.32,218.26,0.00,159.63,167.00,1.00,51729.00,10038.00,2790.00,22372.00,0.00,16529.00
2025,6,9E,Endeavor Air Inc.,LEX,"Lexington, KY: Blue Grass",70.00,26.00,4.09,0.79,3.62,0.00,17.49,4.00,0.00,2451.00,333.00,102.00,418.00,0.00,1598.00
2025,6,9E,Endeavor Air Inc.,LFT,"Lafayette, LA: Lafayette Regional Paul Fournet Field",79.00,25.00,7.99,3.75,4.60,0.00,8.66,2.00,0.00,1274.00,342.00,257.00,243.00,0.00,432.00
2025,6,9E,Endeavor Air Inc.,LGA,"New York, NY: LaGuardia",2612.00,713.00,151.38,40.58,234.83,0.00,286.20,190.00,20.00,77526.00,18032.00,5828.00,25638.00,0.00,28028.00
2025,6,9E,Endeavor Air Inc.,LIT,"Little Rock, AR: Bill and Hillary Clinton Nat Adams Field",31.00,18.00,5.48,0.68,5.49,0.00,6.35,2.00,0.00,1484.00,548.00,59.00,322.00,0.00,555.00
2025,6,9E,Endeavor Air Inc.,MCI,"Kansas City, MO: Kansas City International",81.00,20.00,7.99,0.89,8.84,0.00,2.28,2.00,0.00,1366.00,509.00,244.00,426.00,0.00,187.00
2025,6,9E,Endeavor Air Inc.,MCO,"Orlando, FL: Orlando International",3.00,0.00,0.00,0.00,0.00,0.00,0.00,0.00,0.00,0.00,0.00,0.00,0.00,0.00,0.00
2025,6,9E,Endeavor Air Inc.,MDT,"Harrisburg, PA: Harrisburg International",72.00,17.00,5.69,1.24,2.35,0.00,7.72,1.00,0.00,1324.00,419.00,132.00,185.00,0.00,588.00
2025,6,9E,Endeavor Air Inc.,MDW,"Chicago, IL: Chicago Midway International",25.00,9.00,4.87,0.91,0.54,0.00,2.68,1.00,0.00,477.00,295.00,28.00,16.00,0.00,138.00
2025,6,9E,Endeavor Air Inc.,MEM,"Memphis, TN: Memphis International",86.00,26.00,8.44,0.00,7.02,0.00,10.54,9.00,0.00,2069.00,921.00,0.00,482.00,0.00,666.00
2025,6,9E,Endeavor Air Inc.,MGM,"Montgomery, AL: Montgomery Regional",71.00,21.00,11.32,1.29,3.00,0.00,5.39,0.00,0.00,1419.00,752.00,50.00,245.00,0.00,372.00
2025,6,9E,Endeavor Air Inc.,MKE,"Milwaukee, WI: General Mitchell International",78.00,28.00,8.80,0.00,6.61,0.00,12.59,4.00,0.00,2507.00,1121.00,0.00,426.00,0.00,960.00
2025,6,9E,Endeavor Air Inc.,MLI,"Moline, IL: Quad Cities International",60.00,20.00,3.66,1.32,5.33,0.00,9.69,2.00,0.00,1441.00,230.00,128.00,270.00,0.00,813.00
2025,6,9E,Endeavor Air Inc.,MLU,"Monroe, LA: Monroe Regional",90.00,31.00,9.49,3.31,3.87,0.00,14.33,3.00,0.00,2755.00,1168.00,417.00,131.00,0.00,1039.00
2025,6,9E,Endeavor Air Inc.,MOB,"Mobile, AL: Mobile Regional",93.00,33.00,9.39,2.99,13.33,0.00,7.29,0.00,0.00,1937.00,618.00,200.00,584.00,0.00,535.00
2025,6,9E,Endeavor Air Inc.,MOT,"Minot, ND: Minot International",24.00,8.00,1.07,0.92,0.00,0.00,6.01,0.00,0.00,597.00,60.00,47.00,0.00,0.00,490.00
2025,6,9E,Endeavor Air Inc.,MSN,"Madison, WI: Dane County Regional-Truax Field",58.00,17.00,9.11,1.18,2.23,0.00,4.47,2.00,0.00,1793.00,770.00,219.00,209.00,0.00,595.00
2025,6,9E,Endeavor Air Inc.,MSP,"Minneapolis, MN: Minneapolis-St Paul International",957.00,212.00,46.34,13.31,25.91,0.00,126.45,20.00,0.00,17554.00,4077.00,1100.00,2177.00,0.00,10200.00
2025,6,9E,Endeavor Air Inc.,MYR,"Myrtle Beach, SC: Myrtle Beach International",2.00,0.00,0.00,0.00,0.00,0.00,0.00,1.00,0.00,0.00,0.00,0.00,0.00,0.00,0.00
2025,6,9E,Endeavor Air Inc.,OAJ,"Jacksonville/Camp Lejeune, NC: Albert J Ellis",114.00,34.00,8.88,1.29,8.70,0.00,15.13,1.00,0.00,2600.00,516.00,71.00,586.00,0.00,1427.00
2025,6,9E,Endeavor Air Inc.,OMA,"Omaha, NE: Eppley Airfield",99.00,34.00,9.90,1.17,7.86,0.00,15.07,6.00,0.00,3283.00,992.00,54.00,594.00,0.00,1643.00
2025,6,9E,Endeavor Air Inc.,ORD,"Chicago, IL: Chicago O'Hare International",87.00,15.00,5.99,1.00,6.52,0.00,1.49,8.00,0.00,995.00,341.00,93.00,409.00,0.00,152.00
2025,6,9E,Endeavor Air Inc.,ORF,"Norfolk, VA: Norfolk International",175.00,66.00,19.88,0.00,21.99,0.00,24.14,11.00,1.00,5105.00,1769.00,0.00,1231.00,0.00,2105.00
2025,6,9E,Endeavor Air Inc.,ORH,"Worcester, MA: Worcester Regional",26.00,4.00,2.16,0.00,0.65,0.00,1.19,2.00,0.00,172.00,135.00,0.00,12.00,0.00,25.00
2025,6,9E,Endeavor Air Inc.,PIT,"Pittsburgh, PA: Pittsburgh International",114.00,38.00,17.83,0.28,14.28,0.00,5.61,5.00,0.00,2963.00,1536.00,90.00,645.00,0.00,692.00
2025,6,9E,Endeavor Air Inc.,PNS,"Pensacola, FL: Pensacola International",15.00,4.00,2.72,0.00,1.19,0.00,0.09,0.00,0.00,151.00,124.00,0.00,22.00,0.00,5.00
2025,6,9E,Endeavor Air Inc.,PVD,"Providence, RI: Rhode Island Tf Green International",59.00,9.00,2.88,0.00,1.36,0.00,4.75,3.00,1.00,726.00,228.00,0.00,54.00,0.00,444.00
2025,6,9E,Endeavor Air Inc.,PWM,"Portland, ME: Portland International Jetport",154.00,49.00,10.26,0.90,11.80,0.00,26.04,10.00,1.00,4815.00,1130.00,748.00,466.00,0.00,2471.00
2025,6,9E,Endeavor Air Inc.,RAP,"Rapid City, SD: Rapid City Regional",47.00,14.00,6.92,0.00,2.12,0.00,4.96,0.00,0.00,596.00,246.00,0.00,64.00,0.00,286.00
2025,6,9E,Endeavor Air Inc.,RDU,"Raleigh/Durham, NC: Raleigh-Durham International",611.00,185.00,27.25,1.53,37.50,0.00,118.71,39.00,1.00,18186.00,3361.00,72.00,2895.00,0.00,11858.00
2025,6,9E,Endeavor Air Inc.,RIC,"Richmond, VA: Richmond International",215.00,61.00,14.71,1.12,17.71,0.00,27.46,20.00,0.00,5328.00,960.00,494.00,1133.00,0.00,2741.00
2025,6,9E,Endeavor Air Inc.,ROA,"Roanoke, VA: Roanoke Blacksburg Regional",112.00,31.00,12.14,0.88,6.90,0.00,11.08,7.00,1.00,2417.00,628.00,107.00,896.00,0.00,786.00
2025,6,9E,Endeavor Air Inc.,ROC,"Rochester, NY: Frederick Douglass Grtr Rochester International",228.00,72.00,21.03,0.86,14.90,0.00,35.22,21.00,0.00,6367.00,989.00,205.00,2092.00,0.00,3081.00
2025,6,9E,Endeavor Air Inc.,RST,"Rochester, MN: Rochester International",47.00,17.00,4.99,0.02,2.29,0.00,9.69,0.00,0.00,981.00,217.00,2.00,70.00,0.00,692.00
2025,6,9E,Endeavor Air Inc.,RSW,"Fort Myers, FL: Southwest Florida International",4.00,1.00,1.00,0.00,0.00,0.00,0.00,0.00,0.00,78.00,78.00,0.00,0.00,0.00,0.00
2025,6,9E,Endeavor Air Inc.,SAV,"Savannah, GA: Savannah/Hilton Head International",145.00,40.00,8.20,0.16,19.16,0.00,12.47,9.00,1.00,3524.00,719.00,30.00,1349.00,0.00,1426.00
2025,6,9E,Endeavor Air Inc.,SBN,"South Bend, IN: South Bend International",1.00,0.00,0.00,0.00,0.00,0.00,0.00,0.00,0.00,0.00,0.00,0.00,0.00,0.00,0.00
2025,6,9E,Endeavor Air Inc.,SDF,"Louisville, KY: Louisville Muhammad Ali International",40.00,4.00,2.00,0.00,1.00,0.00,1.00,1.00,0.00,93.00,54.00,0.00,19.00,0.00,20.00
2025,6,9E,Endeavor Air Inc.,SGF,"Springfield, MO: Springfield-Branson National",29.00,3.00,0.26,0.00,1.89,0.00,0.84,1.00,0.00,264.00,9.00,0.00,227.00,0.00,28.00
2025,6,9E,Endeavor Air Inc.,SHV,"Shreveport, LA: Shreveport Regional",20.00,2.00,0.97,0.00,0.50,0.00,0.53,1.00,0.00,123.00,26.00,0.00,43.00,0.00,54.00
2025,6,9E,Endeavor Air Inc.,STL,"St. Louis, MO: St Louis Lambert International",166.00,43.00,18.32,0.94,10.33,0.00,13.42,7.00,0.00,4408.00,2029.00,15.00,917.00,0.00,1447.00
2025,6,9E,Endeavor Air Inc.,SYR,"Syracuse, NY: Syracuse Hancock International",262.00,69.00,24.61,2.09,11.03,0.00,31.27,20.00,0.00,6455.00,2796.00,196.00,934.00,0.00,2529.00
2025,6,9E,Endeavor Air Inc.,TLH,"Tallahassee, FL: Tallahassee International",61.00,17.00,4.39,0.50,5.23,0.00,6.88,0.00,0.00,1030.00,199.00,67.00,273.00,0.00,491.00
2025,6,9E,Endeavor Air Inc.,TRI,"Bristol/Johnson City/Kingsport, TN: Tri Cities",65.00,10.00,5.03,0.65,1.77,0.00,2.56,0.00,1.00,728.00,391.00,55.00,94.00,0.00,188.00
2025,6,9E,Endeavor Air Inc.,TUL,"Tulsa, OK: Tulsa International",27.00,12.00,3.00,0.00,4.93,0.00,4.06,2.00,0.00,1686.00,187.00,0.00,1165.00,0.00,334.00
2025,6,9E,Endeavor Air Inc.,TVC,"Traverse City, MI: Cherry Capital",38.00,8.00,3.34,0.00,0.87,0.00,3.79,2.00,0.00,427.00,193.00,0.00,81.00,0.00,153.00
2025,6,9E,Endeavor Air Inc.,TYS,"Knoxville, TN: McGhee Tyson",306.00,116.00,40.55,9.93,30.58,0.00,34.94,14.00,0.00,10995.00,2964.00,912.00,2870.00,0.00,4249.00
2025,6,9E,Endeavor Air Inc.,VLD,"Valdosta, GA: Valdosta Regional",86.00,32.00,13.64,1.46,4.65,0.00,12.26,2.00,0.00,2279.00,1080.00,206.00,200.00,0.00,793.00
2025,6,9E,Endeavor Air Inc.,XNA,"Fayetteville, AR: Northwest Arkansas National",284.00,83.00,32.95,2.35,20.88,0.00,26.82,13.00,1.00,7048.00,3105.00,618.00,1093.00,0.00,2232.00
2025,6,AA,American Airlines Network,ABQ,"Albuquerque, NM: Albuquerque International Sunport",285.00,112.00,42.18,1.48,16.47,0.00,51.87,9.00,2.00,7735.00,3636.00,33.00,601.00,0.00,3465.00
2025,6,AA,American Airlines Network,ALB,"Albany, NY: Albany International",105.00,43.00,11.02,4.82,4.99,0.90,21.26,2.00,1.00,3399.00,628.00,830.00,213.00,168.00,1560.00
2025,6,AA,American Airlines Network,AMA,"Amarillo, TX: Rick Husband Amarillo International",26.00,15.00,8.49,0.28,0.86,0.00,5.37,1.00,1.00,854.00,438.00,15.00,42.00,0.00,359.00
2025,6,AA,American Airlines Network,ANC,"Anchorage, AK: Ted Stevens Anchorage International",87.00,48.00,21.45,1.25,13.60,0.00,11.70,0.00,0.00,3550.00,974.00,52.00,502.00,0.00,2022.00
2025,6,AA,American Airlines Network,ATL,"Atlanta, GA: Hartsfield-Jackson Atlanta International",655.00,259.00,70.16,5.86,67.93,0.00,115.06,17.00,12.00,22903.00,5928.00,885.00,4407.00,0.00,11683.00
2025,6,AA,American Airlines Network,AUS,"Austin, TX: Austin - Bergstrom International",1003.00,308.00,90.04,15.64,55.26,0.85,146.20,24.00,2.00,24041.00,6994.00,2349.00,2827.00,23.00,11848.00
2025,6,AA,American Airlines Network,AVL,"Asheville, NC: Asheville Regional",86.00,37.00,6.26,3.44,8.96,0.00,18.34,6.00,0.00,3084.00,400.00,549.00,488.00,0.00,1647.00
2025,6,AA,American Airlines Network,BDL,"Hartford, CT: Bradley International",406.00,155.00,50.49,8.12,23.73,0.00,72.66,11.00,1.00,10874.00,3641.00,765.00,1071.00,0.00,5397.00
2025,6,AA,American Airlines Network,BFL,"Bakersfield, CA: Meadows Field",57.00,24.00,8.38,0.09,2.07,0.00,13.47,0.00,0.00,1613.00,454.00,16.00,122.00,0.00,1021.00
2025,6,AA,American Airlines Network,BGR,"Bangor, ME: Bangor International",54.00,16.00,5.43,0.00,4.37,0.00,6.20,2.00,0.00,1041.00,501.00,0.00,117.00,0.00,423.00
2025,6,AA,American Airlines Network,BHM,"Birmingham, AL: Birmingham-Shuttlesworth International",51.00,26.00,8.20,2.47,7.85,0.00,7.47,2.00,2.00,2074.00,884.00,269.00,343.00,0.00,578.00
2025,6,AA,American Airlines Network,BNA,"Nashville, TN: Nashville International",851.00,348.00,84.86,13.79,71.93,0.00,177.41,25.00,5.00,28875.00,7131.00,1360.00,4016.00,0.00,16368.00
2025,6,AA,American Airlines Network,BOI,"Boise, ID: Boise Air Terminal",85.00,30.00,7.48,0.20,3.43,0.00,18.89,2.00,0.00,2268.00,841.00,12.00,166.00,0.00,1249.00
2025,6,AA,American Airlines Network,BOS,"Boston, MA: Logan International",1390.00,433.00,126.63,18.99,110.62,0.01,176.75,34.00,1.00,33216.00,9567.00,2190.00,6044.00,1.00,15414.00
2025,6,AA,American Airlines Network,BTV,"Burlington, VT: Patrick Leahy Burlington International",52.00,11.00,5.02,0.16,2.83,0.00,3.00,1.00,0.00,3055.00,1784.00,16.00,135.00,0.00,1120.00
2025,6,AA,American Airlines Network,BUF,"Buffalo, NY: Buffalo Niagara International",221.00,91.00,27.90,4.08,14.76,0.00,44.26,10.00,0.00,6053.00,1534.00,865.00,670.00,0.00,2984.00
2025,6,AA,American Airlines Network,BUR,"Burbank, CA: Bob Hope",90.00,31.00,9.16,0.16,4.87,0.00,16.81,0.00,0.00,2536.00,661.00,7.00,215.00,0.00,1653.00
2025,6,AA,American Airlines Network,BWI,"Baltimore, MD: Baltimore/Washington International Thurgood Marshall",320.00,142.00,38.11,14.89,27.29,0.00,61.71,9.00,3.00,10435.00,2238.00,2178.00,1444.00,0.00,4575.00
2025,6,AA,American Airlines Network,BZN,"Bozeman, MT: Bozeman Yellowstone International",157.00,47.00,15.98,0.22,9.38,0.00,21.42,2.00,0.00,3947.00,1212.00,75.00,468.00,0.00,2192.00
2025,6,AA,American Airlines Network,CAE,"Columbia, SC: Columbia Metropolitan",8.00,2.00,1.27,0.00,0.14,0.00,0.59,0.00,0.00,43.00,27.00,0.00,3.00,0.00,13.00
2025,6,AA,American Airlines Network,CHS,"Charleston, SC: Charleston AFB/International",509.00,178.00,50.19,14.58,31.52,0.00,81.71,12.00,1.00,14469.00,3733.00,1352.00,1652.00,0.00,7732.00
2025,6,AA,American Airlines Network,CID,"Cedar Rapids/Iowa City, IA: The Eastern Iowa",37.00,22.00,6.57,2.59,1.45,0.00,11.38,1.00,0.00,1898.00,749.00,181.00,142.00,0.00,826.00
2025,6,AA,American Airlines Network,CLE,"Cleveland, OH: Cleveland-Hopkins International",378.00,156.00,45.89,12.83,31.29,0.00,65.99,13.00,1.00,14010.00,3947.00,1535.00,1374.00,0.00,7154.00
2025,6,AA,American Airlines Network,CLT,"Charlotte, NC: Charlotte Douglas International",9929.00,2576.00,618.03,260.59,671.40,6.10,1019.87,279.00,24.00,245345.00,69646.00,30028.00,42919.00,263.00,102489.00
2025,6,AA,American Airlines Network,CMH,"Columbus, OH: John Glenn Columbus International",340.00,121.00,36.23,3.62,24.45,0.03,56.67,17.00,2.00,9759.00,2550.00,356.00,1541.00,5.00,5307.00
2025,6,AA,American Airlines Network,COS,"Colorado Springs, CO: City of Colorado Springs Municipal",116.00,51.00,11.99,3.20,3.89,0.00,31.92,4.00,0.00,4122.00,862.00,550.00,225.00,0.00,2485.00
2025,6,AA,American Airlines Network,CVG,"Cincinnati, OH: Cincinnati/Northern Kentucky International",240.00,87.00,25.76,3.42,12.29,0.00,45.54,6.00,0.00,5858.00,1506.00,330.00,650.00,0.00,3372.00
2025,6,AA,American Airlines Network,DCA,"Washington, DC: Ronald Reagan Washington National",2169.00,661.00,145.62,39.04,187.43,0.30,288.62,80.00,24.00,74510.00,17920.00,8465.00,13714.00,9.00,34402.00
2025,6,AA,American Airlines Network,DEN,"Denver, CO: Denver International",784.00,308.00,86.69,11.19,102.25,0.00,107.87,12.00,3.00,25901.00,7440.00,1020.00,5856.00,0.00,11585.00
2025,6,AA,American Airlines Network,DFW,"Dallas/Fort Worth, TX: Dallas/Fort Worth International",14367.00,4568.00,1099.66,233.87,1171.92,5.69,2056.86,449.00,74.00,433379.00,136231.00,26187.00,62769.00,317.00,207875.00
2025,6,AA,American Airlines Network,DRO,"Durango, CO: Durango La Plata County",4.00,2.00,1.18,0.00,0.00,0.00,0.82,0.00,0.00,97.00,30.00,0.00,0.00,0.00,67.00
2025,6,AA,American Airlines Network,DSM,"Des Moines, IA: Des Moines International",185.00,88.00,27.87,4.50,14.49,0.00,41.14,4.00,1.00,7593.00,2811.00,339.00,658.00,0.00,3785.00
2025,6,AA,American Airlines Network,DTW,"Detroit, MI: Detroit Metro Wayne County",459.00,131.00,40.75,9.14,21.37,0.00,59.73,11.00,0.00,9450.00,2707.00,1172.00,1104.00,0.00,4467.00
2025,6,AA,American Airlines Network,ECP,"Panama City, FL: Northwest Florida Beaches International",61.00,27.00,7.08,0.00,3.06,0.00,16.87,3.00,0.00,2419.00,511.00,0.00,158.00,0.00,1750.00
2025,6,AA,American Airlines Network,EGE,"Eagle, CO: Eagle County Regional",82.00,26.00,5.75,1.25,5.61,0.00,13.39,3.00,1.00,2665.00,639.00,302.00,223.00,0.00,1501.00
2025,6,AA,American Airlines Network,ELP,"El Paso, TX: El Paso International",150.00,78.00,25.77,2.42,9.33,0.00,40.48,4.00,1.00,7025.00,2420.00,292.00,607.00,0.00,3706.00
2025,6,AA,American Airlines Network,EUG,"Eugene, OR: Mahlon Sweet Field",60.00,19.00,7.48,0.00,2.18,0.00,9.34,0.00,0.00,2122.00,999.00,0.00,182.00,0.00,941.00
2025,6,AA,American Airlines Network,EWR,"Newark, NJ: Newark Liberty International",522.00,201.00,51.97,9.94,68.64,0.55,69.90,23.00,4.00,15772.00,3522.00,1292.00,5528.00,14.00,5416.00
2025,6,AA,American Airlines Network,EYW,"Key West, FL: Key West International",110.00,28.00,10.90,1.42,5.37,0.00,10.31,2.00,0.00,2815.00,1304.00,105.00,262.00,0.00,1144.00
2025,6,AA,American Airlines Network,FAT,"Fresno, CA: Fresno Yosemite International",209.00,81.00,20.87,2.82,14.17,0.00,43.13,4.00,1.00,4989.00,1133.00,190.00,673.00,0.00,2993.00
2025,6,AA,American Airlines Network,FCA,"Kalispell, MT: Glacier Park International",112.00,42.00,15.66,1.60,9.98,0.00,14.76,2.00,0.00,2967.00,783.00,202.00,519.00,0.00,1463.00
2025,6,AA,American Airlines Network,FLL,"Fort Lauderdale, FL: Fort Lauderdale-Hollywood International",516.00,191.00,53.94,10.14,45.40,0.00,81.53,16.00,1.00,13783.00,3332.00,1105.00,2206.00,0.00,7140.00
2025,6,AA,American Airlines Network,FSD,"Sioux Falls, SD: Joe Foss Field",56.00,28.00,10.59,1.25,4.39,0.00,11.77,2.00,0.00,2977.00,1111.00,498.00,297.00,0.00,1071.00
2025,6,AA,American Airlines Network,GEG,"Spokane, WA: Spokane International",135.00,25.00,10.14,0.25,3.23,0.00,11.38,1.00,0.00,1538.00,705.00,7.00,259.00,0.00,567.00
2025,6,AA,American Airlines Network,GRR,"Grand Rapids, MI: Gerald R. Ford International",232.00,84.00,21.38,5.61,12.05,0.00,44.96,7.00,0.00,5935.00,1632.00,444.00,536.00,0.00,3323.00
2025,6,AA,American Airlines Network,GSO,"Greensboro/High Point, NC: Piedmont Triad International",132.00,51.00,10.35,6.72,6.54,0.00,27.39,4.00,1.00,4266.00,602.00,611.00,430.00,0.00,2623.00
2025,6,AA,American Airlines Network,GSP,"Greer, SC: Greenville-Spartanburg International",81.00,45.00,14.13,1.55,2.84,0.00,26.47,1.00,0.00,2962.00,791.00,90.00,161.00,0.00,1920.00
2025,6,AA,American Airlines Network,HNL,"Honolulu, HI: Daniel K Inouye International",206.00,76.00,30.78,0.00,16.89,0.00,28.33,0.00,3.00,4312.00,1830.00,0.00,539.00,0.00,1943.00
2025,6,AA,American Airlines Network,HSV,"Huntsville, AL: Huntsville International-Carl T Jones Field",27.00,8.00,4.11,0.00,1.97,0.00,1.91,2.00,0.00,233.00,88.00,0.00,49.00,0.00,96.00
2025,6,AA,American Airlines Network,IAD,"Washington, DC: Washington Dulles International",78.00,33.00,8.37,2.03,3.99,0.00,18.61,1.00,0.00,2896.00,540.00,415.00,229.00,0.00,1712.00
2025,6,AA,American Airlines Network,IAH,"Houston, TX: George Bush Intercontinental/Houston",658.00,264.00,82.43,14.72,78.82,0.00,88.03,17.00,5.00,22789.00,6084.00,2518.00,5907.00,0.00,8280.00
2025,6,AA,American Airlines Network,ICT,"Wichita, KS: Wichita Dwight D Eisenhower National",27.00,20.00,7.50,1.58,2.16,0.00,8.76,1.00,0.00,2165.00,935.00,180.00,163.00,0.00,887.00
2025,6,AA,American Airlines Network,ILM,"Wilmington, NC: Wilmington International",191.00,61.00,17.99,10.11,9.65,0.00,23.25,5.00,0.00,6639.00,1413.00,1647.00,823.00,0.00,2756.00
2025,6,AA,American Airlines Network,IND,"Indianapolis, IN: Indianapolis International",612.00,214.00,52.83,5.16,42.17,0.22,113.62,13.00,0.00,16103.00,2797.00,756.00,2232.00,9.00,10309.00
2025,6,AA,American Airlines Network,JAC,"Jackson, WY: Jackson Hole",172.00,50.00,13.41,0.28,8.58,0.00,27.73,3.00,1.00,3555.00,630.00,20.00,330.00,0.00,2575.00
2025,6,AA,American Airlines Network,JAX,"Jacksonville, FL: Jacksonville International",695.00,262.00,79.77,9.00,59.78,0.05,113.39,22.00,0.00,22575.00,6802.00,1702.00,3554.00,8.00,10509.00
2025,6,AA,American Airlines Network,JFK,"New York, NY: John F. Kennedy International",1191.00,388.00,88.07,15.01,177.93,0.00,106.99,25.00,2.00,34653.00,7389.00,1348.00,12759.00,0.00,13157.00
2025,6,AA,American Airlines Network,KOA,"Kona, HI: Ellison Onizuka Kona International at Keahole",60.00,10.00,4.25,0.00,1.00,0.00,4.75,0.00,3.00,973.00,473.00,0.00,47.00,0.00,453.00
2025,6,AA,American Airlines Network,LAS,"Las Vegas, NV: Harry Reid International",1175.00,406.00,117.44,12.23,88.26,0.04,188.03,19.00,5.00,29266.00,8639.00,1255.00,5176.00,1.00,14195.00
2025,6,AA,American Airlines Network,LAX,"Los Angeles, CA: Los Angeles International",2657.00,776.00,266.58,41.46,173.48,2.15,292.32,22.00,2.00,75412.00,31763.00,4430.00,8153.00,94.00,30972.00
2025,6,AA,American Airlines Network,LBB,"Lubbock, TX: Lubbock Preston Smith International",37.00,23.00,6.64,1.16,1.13,0.00,14.07,3.00,1.00,1792.00,648.00,144.00,62.00,0.00,938.00
2025,6,AA,American Airlines Network,LGA,"New York, NY: LaGuardia",1335.00,516.00,110.99,25.97,192.83,0.00,186.21,56.00,17.00,43583.00,7821.00,3900.00,14051.00,0.00,17811.00
2025,6,AA,American Airlines Network,LIH,"Lihue, HI: Lihue Airport",60.00,8.00,6.22,0.00,0.03,0.00,1.75,0.00,0.00,608.00,340.00,0.00,6.00,0.00,262.00
2025,6,AA,American Airlines Network,LIT,"Little Rock, AR: Bill and Hillary Clinton Nat Adams Field",33.00,17.00,7.36,1.86,1.29,0.00,6.50,1.00,0.00,2417.00,837.00,1008.00,75.00,0.00,497.00
2025,6,AA,American Airlines Network,MCI,"Kansas City, MO: Kansas City International",497.00,247.00,71.59,10.69,45.44,0.00,119.28,13.00,2.00,20852.00,6076.00,1368.00,2190.00,0.00,11218.00
2025,6,AA,American Airlines Network,MCO,"Orlando, FL: Orlando International",1590.00,633.00,155.66,33.27,214.96,1.32,227.78,33.00,10.00,49696.00,10755.00,4332.00,12552.00,122.00,21935.00
2025,6,AA,American Airlines Network,MDT,"Harrisburg, PA: Harrisburg International",55.00,27.00,9.12,1.57,4.12,0.00,12.19,1.00,0.00,2273.00,936.00,162.00,159.00,0.00,1016.00
2025,6,AA,American Airlines Network,MEM,"Memphis, TN: Memphis International",301.00,122.00,36.49,5.71,22.51,0.00,57.29,10.00,0.00,9289.00,2495.00,778.00,1224.00,0.00,4792.00
2025,6,AA,American Airlines Network,MFE,"Mission/McAllen/Edinburg, TX: McAllen International",69.00,36.00,11.35,1.60,3.77,0.00,19.27,3.00,0.00,2207.00,528.00,189.00,227.00,0.00,1263.00
2025,6,AA,American Airlines Network,MIA,"Miami, FL: Miami International",5265.00,1360.00,373.37,85.14,343.17,4.25,554.08,105.00,21.00,129708.00,43280.00,10822.00,17487.00,265.00,57854.00
2025,6,AA,American Airlines Network,MKE,"Milwaukee, WI: General Mitchell International",196.00,72.00,23.81,5.42,6.44,0.00,36.32,4.00,0.00,6977.00,1790.00,1032.00,258.00,0.00,3897.00
2025,6,AA,American Airlines Network,MRY,"Monterey, CA: Monterey Regional",34.00,11.00,2.98,0.88,5.03,0.00,2.11,0.00,0.00,504.00,118.00,22.00,264.00,0.00,100.00
2025,6,AA,American Airlines Network,MSN,"Madison, WI: Dane County Regional-Truax Field",151.00,61.00,20.38,5.18,7.33,0.00,28.11,5.00,2.00,5641.00,1791.00,344.00,439.00,0.00,3067.00
2025,6,AA,American Airlines Network,MSO,"Missoula, MT: Missoula Montana",56.00,30.00,8.73,1.41,2.55,0.00,17.31,0.00,0.00,2292.00,415.00,259.00,232.00,0.00,1386.00
2025,6,AA,American Airlines Network,MSP,"Minneapolis, MN: Minneapolis-St Paul International",425.00,141.00,37.14,6.77,22.14,1.00,73.95,12.00,2.00,9704.00,2652.00,756.00,1087.00,68.00,5141.00
2025,6,AA,American Airlines Network,MSY,"New Orleans, LA: Louis Armstrong New Orleans International",569.00,193.00,48.42,10.61,44.74,1.05,88.18,21.00,2.00,13530.00,3578.00,1248.00,2175.00,96.00,6433.00
2025,6,AA,American Airlines Network,MTJ,"Montrose/Delta, CO: Montrose Regional",52.00,18.00,6.02,0.09,1.23,0.00,10.67,0.00,0.00,1899.00,682.00,5.00,101.00,0.00,1111.00
2025,6,AA,American Airlines Network,MYR,"Myrtle Beach, SC: Myrtle Beach International",124.00,54.00,13.82,5.78,9.05,1.54,23.81,3.00,0.00,3233.00,1047.00,348.00,425.00,83.00,1330.00
2025,6,AA,American Airlines Network,OGG,"Kahului, HI: Kahului Airport",116.00,22.00,12.24,0.00,3.49,0.00,6.27,0.00,1.00,1458.00,785.00,0.00,177.00,0.00,496.00
2025,6,AA,American Airlines Network,OKC,"Oklahoma City, OK: Okc Will Rogers International",189.00,87.00,23.25,7.57,13.32,0.00,42.85,7.00,2.00,7024.00,1854.00,1019.00,781.00,0.00,3370.00
2025,6,AA,American Airlines Network,OMA,"Omaha, NE: Eppley Airfield",310.00,131.00,42.47,5.82,26.09,0.00,56.63,7.00,1.00,11067.00,3363.00,853.00,1236.00,0.00,5615.00
2025,6,AA,American Airlines Network,ONT,"Ontario, CA: Ontario International",318.00,133.00,46.78,7.08,13.90,0.00,65.24,6.00,0.00,10880.00,3638.00,937.00,709.00,0.00,5596.00
2025,6,AA,American Airlines Network,ORD,"Chicago, IL: Chicago O'Hare International",5576.00,1720.00,384.99,91.12,589.90,2.96,651.03,146.00,25.00,180437.00,51881.00,13417.00,35479.00,116.00,79544.00
2025,6,AA,American Airlines Network,ORF,"Norfolk, VA: Norfolk International",232.00,85.00,29.59,4.86,15.54,0.00,35.01,2.00,1.00,6214.00,1728.00,572.00,661.00,0.00,3253.00
2025,6,AA,American Airlines Network,PBI,"West Palm Beach/Palm Beach, FL: Palm Beach International",439.00,164.00,36.92,7.14,45.32,0.00,74.62,10.00,0.00,14563.00,2646.00,1324.00,2988.00,0.00,7605.00
2025,6,AA,American Airlines Network,PDX,"Portland, OR: Portland International",428.00,177.00,59.87,9.42,34.08,1.00,72.63,4.00,1.00,15586.00,4898.00,1387.00,1673.00,28.00,7600.00
2025,6,AA,American Airlines Network,PHL,"Philadelphia, PA: Philadelphia International",4299.00,1233.00,311.46,70.75,358.01,0.64,492.14,106.00,19.00,120456.00,34466.00,10407.00,19845.00,44.00,55694.00
2025,6,AA,American Airlines Network,PHX,"Phoenix, AZ: Phoenix Sky Harbor International",4689.00,1069.00,357.87,43.49,159.54,1.16,506.94,25.00,9.00,102736.00,38819.00,4113.00,7314.00,90.00,52400.00
2025,6,AA,American Airlines Network,PIT,"Pittsburgh, PA: Pittsburgh International",589.00,211.00,61.60,9.97,33.66,0.15,105.62,11.00,2.00,17556.00,4546.00,1474.00,1860.00,13.00,9663.00
2025,6,AA,American Airlines Network,PNS,"Pensacola, FL: Pensacola International",206.00,68.00,19.62,3.95,14.57,0.00,29.86,9.00,0.00,4614.00,921.00,287.00,673.00,0.00,2733.00
2025,6,AA,American Airlines Network,PSP,"Palm Springs, CA: Palm Springs International",120.00,35.00,10.03,0.30,4.29,0.00,20.37,0.00,0.00,2405.00,622.00,29.00,243.00,0.00,1511.00
2025,6,AA,American Airlines Network,PVD,"Providence, RI: Rhode Island Tf Green International",194.00,75.00,24.75,6.69,12.41,0.00,31.14,7.00,0.00,5262.00,1401.00,890.00,526.00,0.00,2445.00
2025,6,AA,American Airlines Network,PWM,"Portland, ME: Portland International Jetport",178.00,63.00,20.21,1.79,13.54,0.00,27.46,2.00,0.00,4242.00,1209.00,352.00,561.00,0.00,2120.00
2025,6,AA,American Airlines Network,RAP,"Rapid City, SD: Rapid City Regional",4.00,1.00,1.00,0.00,0.00,0.00,0.00,0.00,0.00,40.00,40.00,0.00,0.00,0.00,0.00
2025,6,AA,American Airlines Network,RDM,"Bend/Redmond, OR: Roberts Field",26.00,11.00,6.85,0.11,1.50,0.00,2.54,0.00,0.00,630.00,211.00,32.00,78.00,0.00,309.00
2025,6,AA,American Airlines Network,RDU,"Raleigh/Durham, NC: Raleigh-Durham International",957.00,324.00,101.41,10.15,63.61,0.00,148.82,20.00,0.00,23500.00,7179.00,1135.00,3109.00,0.00,12077.00
2025,6,AA,American Airlines Network,RIC,"Richmond, VA: Richmond International",287.00,121.00,35.68,9.76,14.34,0.00,61.23,8.00,1.00,11128.00,3009.00,1855.00,814.00,0.00,5450.00
2025,6,AA,American Airlines Network,RNO,"Reno, NV: Reno/Tahoe International",238.00,59.00,20.86,2.21,9.46,0.00,26.46,1.00,2.00,3855.00,1281.00,191.00,423.00,0.00,1960.00
2025,6,AA,American Airlines Network,ROC,"Rochester, NY: Frederick Douglass Grtr Rochester International",60.00,24.00,7.45,4.18,4.59,0.00,7.77,1.00,0.00,2372.00,566.00,422.00,223.00,0.00,1161.00
2025,6,AA,American Airlines Network,RSW,"Fort Myers, FL: Southwest Florida International",453.00,150.00,43.50,10.23,31.81,0.00,64.46,12.00,2.00,12008.00,3488.00,882.00,1441.00,0.00,6197.00
2025,6,AA,American Airlines Network,SAN,"San Diego, CA: San Diego International",862.00,294.00,93.53,6.69,71.91,0.65,121.22,16.00,2.00,20954.00,6655.00,781.00,3662.00,116.00,9740.00
2025,6,AA,American Airlines Network,SAT,"San Antonio, TX: San Antonio International",637.00,247.00,70.60,12.28,36.16,0.40,127.57,13.00,4.00,22386.00,5429.00,1451.00,1945.00,18.00,13543.00
2025,6,AA,American Airlines Network,SAV,"Savannah, GA: Savannah/Hilton Head International",260.00,116.00,41.36,5.83,25.54,0.00,43.27,10.00,1.00,6600.00,1906.00,398.00,1021.00,0.00,3275.00
2025,6,AA,American Airlines Network,SBA,"Santa Barbara, CA: Santa Barbara Municipal",100.00,26.00,8.88,0.08,8.81,0.00,8.23,1.00,0.00,1724.00,372.00,9.00,392.00,0.00,951.00
2025,6,AA,American Airlines Network,SBP,"San Luis Obispo, CA: San Luis Obispo County Regional",89.00,17.00,5.28,0.80,4.27,0.00,6.65,0.00,0.00,882.00,293.00,12.00,226.00,0.00,351.00
2025,6,AA,American Airlines Network,SDF,"Louisville, KY: Louisville Muhammad Ali International",161.00,75.00,19.47,4.84,11.95,0.00,38.74,10.00,0.00,6125.00,1497.00,877.00,484.00,0.00,3267.00
2025,6,AA,American Airlines Network,SEA,"Seattle, WA: Seattle/Tacoma International",622.00,241.00,90.40,13.64,51.27,0.00,85.70,17.00,0.00,18295.00,7275.00,1691.00,2374.00,0.00,6955.00
2025,6,AA,American Airlines Network,SFO,"San Francisco, CA: San Francisco International",1061.00,358.00,120.43,12.86,85.62,0.00,139.10,22.00,1.00,25620.00,9194.00,1445.00,4274.00,0.00,10707.00
2025,6,AA,American Airlines Network,SJC,"San Jose, CA: Norman Y. Mineta San Jose International",165.00,54.00,16.96,0.44,6.52,0.00,30.08,2.00,0.00,4531.00,1501.00,68.00,246.00,0.00,2716.00
2025,6,AA,American Airlines Network,SJU,"San Juan, PR: Luis Munoz Marin International",338.00,98.00,37.02,4.38,18.38,0.05,38.17,3.00,0.00,6201.00,2556.00,538.00,857.00,2.00,2248.00
2025,6,AA,American Airlines Network,SLC,"Salt Lake City, UT: Salt Lake City International",386.00,123.00,41.35,7.31,16.15,1.00,57.19,9.00,1.00,9533.00,3315.00,1145.00,832.00,61.00,4180.00
2025,6,AA,American Airlines Network,SMF,"Sacramento, CA: Sacramento International",394.00,139.00,47.54,7.64,24.09,0.00,59.73,7.00,0.00,10470.00,3451.00,985.00,1043.00,0.00,4991.00
2025,6,AA,American Airlines Network,SNA,"Santa Ana, CA: John Wayne Airport-Orange County",583.00,154.00,46.35,8.64,42.42,0.45,56.14,12.00,2.00,10398.00,3794.00,1203.00,1582.00,15.00,3804.00
2025,6,AA,American Airlines Network,SRQ,"Sarasota/Bradenton, FL: Sarasota/Bradenton International",216.00,51.00,15.59,3.87,13.39,0.00,18.15,4.00,2.00,2853.00,840.00,394.00,532.00,0.00,1087.00
2025,6,AA,American Airlines Network,STL,"St. Louis, MO: St Louis Lambert International",511.00,184.00,55.11,9.59,26.22,0.00,93.09,11.00,0.00,14608.00,3581.00,1331.00,1802.00,0.00,7894.00
2025,6,AA,American Airlines Network,STS,"Santa Rosa, CA: Charles M. Schulz - Sonoma County",54.00,15.00,4.18,0.13,4.18,0.00,6.52,1.00,0.00,928.00,214.00,5.00,286.00,0.00,423.00
2025,6,AA,American Airlines Network,STT,"Charlotte Amalie, VI: Cyril E King",188.00,36.00,10.00,1.00,14.63,0.00,10.37,0.00,1.00,1736.00,491.00,230.00,364.00,0.00,651.00
2025,6,AA,American Airlines Network,STX,"Christiansted, VI: Henry E. Rohlsen",64.00,21.00,12.09,0.75,3.11,0.00,5.06,0.00,0.00,1630.00,864.00,142.00,158.00,0.00,466.00
2025,6,AA,American Airlines Network,SYR,"Syracuse, NY: Syracuse Hancock International",102.00,49.00,16.28,1.46,4.60,0.00,26.66,2.00,0.00,3394.00,968.00,146.00,246.00,0.00,2034.00
2025,6,AA,American Airlines Network,TPA,"Tampa, FL: Tampa International",1131.00,379.00,96.33,18.27,98.04,1.08,165.28,25.00,10.00,31870.00,6984.00,3234.00,5528.00,33.00,16091.00
2025,6,AA,American Airlines Network,TUL,"Tulsa, OK: Tulsa International",208.00,88.00,31.52,6.55,12.70,0.00,37.23,6.00,1.00,6615.00,2303.00,642.00,611.00,0.00,3059.00
2025,6,AA,American Airlines Network,TUS,"Tucson, AZ: Tucson International",267.00,95.00,35.64,3.98,12.51,0.00,42.87,9.00,0.00,8435.00,3839.00,173.00,506.00,0.00,3917.00
2025,6,AA,American Airlines Network,TVC,"Traverse City, MI: Cherry Capital",38.00,6.00,1.21,0.00,0.98,0.00,3.81,1.00,0.00,511.00,52.00,0.00,56.00,0.00,403.00
2025,6,AA,American Airlines Network,TYS,"Knoxville, TN: McGhee Tyson",152.00,73.00,22.75,6.16,8.75,0.00,35.35,1.00,1.00,6385.00,1811.00,803.00,549.00,0.00,3222.00
2025,6,AA,American Airlines Network,VPS,"Valparaiso, FL: Eglin AFB Destin Fort Walton Beach",249.00,91.00,25.17,5.49,21.12,0.00,39.22,7.00,0.00,7212.00,1949.00,781.00,1015.00,0.00,3467.00
2025,6,AA,American Airlines Network,XNA,"Fayetteville, AR: Northwest Arkansas National",111.00,30.00,7.93,8.53,3.71,0.00,9.83,6.00,1.00,4903.00,1057.00,2548.00,147.00,0.00,1151.00
2025,6,AS,Alaska Airlines Network,ABQ,"Albuquerque, NM: Albuquerque International Sunport",60.00,27.00,5.36,0.00,10.21,0.00,11.43,0.00,0.00,1178.00,395.00,0.00,380.00,0.00,403.00
2025,6,AS,Alaska Airlines Network,ADK,"Adak Island, AK: Adak",8.00,0.00,0.00,0.00,0.00,0.00,0.00,0.00,0.00,0.00,0.00,0.00,0.00,0.00,0.00
2025,6,AS,Alaska Airlines Network,ADQ,"Kodiak, AK: Kodiak Airport",90.00,12.00,2.00,0.00,1.84,0.00,8.16,2.00,0.00,559.00,57.00,0.00,72.00,0.00,430.00
2025,6,AS,Alaska Airlines Network,AKN,"King Salmon, AK: King Salmon Airport",36.00,18.00,9.02,0.00,0.85,0.00,8.13,0.00,0.00,696.00,366.00,0.00,26.00,0.00,304.00
2025,6,AS,Alaska Airlines Network,ANC,"Anchorage, AK: Ted Stevens Anchorage International",1423.00,371.00,108.07,3.41,123.16,5.25,131.12,12.00,3.00,17108.00,6082.00,110.00,4288.00,370.00,6258.00
2025,6,AS,Alaska Airlines Network,ATL,"Atlanta, GA: Hartsfield-Jackson Atlanta International",150.00,67.00,13.62,0.00,32.44,0.00,20.94,0.00,1.00,3137.00,565.00,0.00,1326.00,0.00,1246.00
2025,6,AS,Alaska Airlines Network,AUS,"Austin, TX: Austin - Bergstrom International",239.00,73.00,17.11,0.00,27.07,0.59,28.24,2.00,2.00,3746.00,1246.00,0.00,1026.00,40.00,1434.00
2025,6,AS,Alaska Airlines Network,BET,"Bethel, AK: Bethel Airport",60.00,10.00,2.10,0.00,0.74,0.00,7.16,0.00,0.00,530.00,73.00,0.00,29.00,0.00,428.00
2025,6,AS,Alaska Airlines Network,BNA,"Nashville, TN: Nashville International",120.00,43.00,16.83,0.00,13.13,0.00,13.05,0.00,1.00,1474.00,723.00,0.00,370.00,0.00,381.00
2025,6,AS,Alaska Airlines Network,BOI,"Boise, ID: Boise Air Terminal",97.00,26.00,5.78,0.00,5.00,0.07,15.14,0.00,0.00,1328.00,465.00,0.00,133.00,8.00,722.00
2025,6,AS,Alaska Airlines Network,BOS,"Boston, MA: Logan International",300.00,85.00,22.85,2.01,34.86,0.00,25.29,0.00,1.00,4080.00,1328.00,126.00,1713.00,0.00,913.00
2025,6,AS,Alaska Airlines Network,BRW,"Barrow, AK: Wiley Post/Will Rogers Memorial",30.00,8.00,4.43,0.00,0.00,0.00,3.57,0.00,0.00,290.00,196.00,0.00,0.00,0.00,94.00
2025,6,AS,Alaska Airlines Network,BUR,"Burbank, CA: Bob Hope",221.00,61.00,14.51,0.00,17.68,0.54,28.27,3.00,0.00,3046.00,1225.00,0.00,594.00,45.00,1182.00
2025,6,AS,Alaska Airlines Network,BWI,"Baltimore, MD: Baltimore/Washington International Thurgood Marshall",60.00,12.00,4.07,0.00,3.75,0.00,4.18,0.00,0.00,483.00,183.00,0.00,82.00,0.00,218.00
2025,6,AS,Alaska Airlines Network,BZN,"Bozeman, MT: Bozeman Yellowstone International",60.00,34.00,13.30,0.00,6.40,0.00,14.31,0.00,0.00,1444.00,420.00,0.00,145.00,0.00,879.00
2025,6,AS,Alaska Airlines Network,CDV,"Cordova, AK: Merle K Mudhole Smith",60.00,11.00,1.31,0.00,0.68,0.00,9.01,1.00,1.00,367.00,40.00,0.00,22.00,0.00,305.00
2025,6,AS,Alaska Airlines Network,CHS,"Charleston, SC: Charleston AFB/International",30.00,5.00,4.49,0.00,0.03,0.00,0.49,0.00,0.00,130.00,111.00,0.00,1.00,0.00,18.00
2025,6,AS,Alaska Airlines Network,CLE,"Cleveland, OH: Cleveland-Hopkins International",60.00,17.00,5.17,0.00,3.40,0.00,8.42,0.00,0.00,980.00,517.00,0.00,175.00,0.00,288.00
2025,6,AS,Alaska Airlines Network,CMH,"Columbus, OH: John Glenn Columbus International",60.00,23.00,5.02,0.00,10.21,0.00,7.77,0.00,0.00,718.00,215.00,0.00,256.00,0.00,247.00
2025,6,AS,Alaska Airlines Network,CVG,"Cincinnati, OH: Cincinnati/Northern Kentucky International",50.00,15.00,6.15,0.00,0.51,0.00,8.34,0.00,1.00,757.00,365.00,0.00,20.00,0.00,372.00
2025,6,AS,Alaska Airlines Network,DCA,"Washington, DC: Ronald Reagan Washington National",179.00,62.00,6.54,1.30,35.62,1.00,17.54,0.00,4.00,3921.00,627.00,67.00,2215.00,28.00,984.00
2025,6,AS,Alaska Airlines Network,DEN,"Denver, CO: Denver International",253.00,97.00,11.78,1.36,55.88,0.00,27.98,3.00,4.00,5936.00,769.00,323.00,3425.00,0.00,1419.00
2025,6,AS,Alaska Airlines Network,DFW,"Dallas/Fort Worth, TX: Dallas/Fort Worth International",237.00,90.00,26.92,3.19,37.87,0.00,22.02,1.00,1.00,4929.00,1501.00,365.00,2018.00,0.00,1045.00
2025,6,AS,Alaska Airlines Network,DLG,"Dillingham, AK: Dillingham Airport",19.00,4.00,3.00,0.00,0.00,0.00,1.00,0.00,0.00,143.00,118.00,0.00,0.00,0.00,25.00
2025,6,AS,Alaska Airlines Network,DTW,"Detroit, MI: Detroit Metro Wayne County",60.00,16.00,4.31,0.00,3.22,0.00,8.47,0.00,0.00,581.00,215.00,0.00,90.00,0.00,276.00
2025,6,AS,Alaska Airlines Network,EUG,"Eugene, OR: Mahlon Sweet Field",60.00,30.00,8.21,0.00,4.05,0.00,17.74,0.00,0.00,1174.00,343.00,0.00,131.00,0.00,700.00
2025,6,AS,Alaska Airlines Network,EWR,"Newark, NJ: Newark Liberty International",281.00,51.00,21.00,1.00,18.82,0.00,10.18,5.00,1.00,2988.00,1180.00,257.00,1163.00,0.00,388.00
2025,6,AS,Alaska Airlines Network,FAI,"Fairbanks, AK: Fairbanks International",236.00,79.00,23.95,0.00,26.50,0.91,27.63,1.00,0.00,2971.00,1123.00,0.00,686.00,83.00,1079.00
2025,6,AS,Alaska Airlines Network,FAT,"Fresno, CA: Fresno Yosemite International",30.00,3.00,0.00,0.00,1.09,0.00,1.91,1.00,0.00,153.00,0.00,0.00,23.00,0.00,130.00
2025,6,AS,Alaska Airlines Network,FLL,"Fort Lauderdale, FL: Fort Lauderdale-Hollywood International",30.00,7.00,3.59,0.00,3.41,0.00,0.00,0.00,0.00,157.00,93.00,0.00,64.00,0.00,0.00
2025,6,AS,Alaska Airlines Network,GEG,"Spokane, WA: Spokane International",235.00,90.00,24.12,0.00,14.14,0.00,51.75,1.00,0.00,3557.00,954.00,0.00,421.00,0.00,2182.00
2025,6,AS,Alaska Airlines Network,GST,"Gustavus, AK: Gustavus Airport",24.00,4.00,0.00,1.99,1.01,0.00,1.00,0.00,0.00,167.00,0.00,82.00,24.00,0.00,61.00
2025,6,AS,Alaska Airlines Network,HNL,"Honolulu, HI: Daniel K Inouye International",131.00,41.00,16.24,0.39,7.93,0.00,16.44,0.00,1.00,1939.00,812.00,7.00,276.00,0.00,844.00
2025,6,AS,Alaska Airlines Network,IAD,"Washington, DC: Washington Dulles International",210.00,70.00,16.91,0.00,18.22,1.00,33.87,1.00,4.00,2899.00,814.00,0.00,707.00,50.00,1328.00
2025,6,AS,Alaska Airlines Network,IAH,"Houston, TX: George Bush Intercontinental/Houston",120.00,58.00,15.11,0.00,23.54,0.00,19.34,1.00,2.00,2690.00,815.00,0.00,1099.00,0.00,776.00
2025,6,AS,Alaska Airlines Network,IND,"Indianapolis, IN: Indianapolis International",60.00,21.00,4.26,0.00,7.72,0.00,9.02,1.00,0.00,992.00,352.00,0.00,280.00,0.00,360.00
2025,6,AS,Alaska Airlines Network,JFK,"New York, NY: John F. Kennedy International",330.00,142.00,17.82,4.89,90.60,0.00,28.69,7.00,0.00,9726.00,1311.00,707.00,5910.00,0.00,1798.00
2025,6,AS,Alaska Airlines Network,JNU,"Juneau, AK: Juneau International",463.00,104.00,29.62,0.00,27.96,1.98,44.43,2.00,1.00,4714.00,1274.00,0.00,939.00,81.00,2420.00
2025,6,AS,Alaska Airlines Network,KOA,"Kona, HI: Ellison Onizuka Kona International at Keahole",188.00,68.00,17.35,1.71,34.79,0.90,13.25,2.00,0.00,2738.00,929.00,55.00,1084.00,71.00,599.00
2025,6,AS,Alaska Airlines Network,KTN,"Ketchikan, AK: Ketchikan International",229.00,56.00,21.24,1.98,16.56,0.00,16.22,1.00,0.00,3046.00,1386.00,107.00,564.00,0.00,989.00
2025,6,AS,Alaska Airlines Network,LAS,"Las Vegas, NV: Harry Reid International",464.00,120.00,25.08,1.78,31.49,0.00,61.65,4.00,1.00,5058.00,1188.00,160.00,1077.00,0.00,2633.00
2025,6,AS,Alaska Airlines Network,LAX,"Los Angeles, CA: Los Angeles International",695.00,175.00,53.75,3.39,35.08,1.00,81.78,9.00,0.00,9423.00,3264.00,341.00,1170.00,22.00,4626.00
2025,6,AS,Alaska Airlines Network,LIH,"Lihue, HI: Lihue Airport",120.00,34.00,9.29,0.11,7.35,0.00,17.24,0.00,0.00,1996.00,435.00,6.00,305.00,0.00,1250.00
2025,6,AS,Alaska Airlines Network,MCI,"Kansas City, MO: Kansas City International",86.00,33.00,5.66,0.99,13.39,0.00,12.96,0.00,0.00,1465.00,479.00,95.00,418.00,0.00,473.00
2025,6,AS,Alaska Airlines Network,MCO,"Orlando, FL: Orlando International",210.00,61.00,17.36,0.31,24.24,0.00,19.09,0.00,0.00,2975.00,1122.00,10.00,1055.00,0.00,788.00
2025,6,AS,Alaska Airlines Network,MIA,"Miami, FL: Miami International",30.00,12.00,3.98,0.00,7.10,0.00,0.92,0.00,0.00,401.00,197.00,0.00,135.00,0.00,69.00
2025,6,AS,Alaska Airlines Network,MKE,"Milwaukee, WI: General Mitchell International",60.00,9.00,3.33,0.00,3.08,0.00,2.59,0.00,1.00,477.00,156.00,0.00,76.00,0.00,245.00
2025,6,AS,Alaska Airlines Network,MSO,"Missoula, MT: Missoula Montana",30.00,10.00,1.52,0.00,4.08,0.00,4.40,0.00,0.00,323.00,51.00,0.00,119.00,0.00,153.00
2025,6,AS,Alaska Airlines Network,MSP,"Minneapolis, MN: Minneapolis-St Paul International",128.00,26.00,11.69,0.00,4.74,1.06,8.51,1.00,0.00,1123.00,699.00,0.00,116.00,19.00,289.00
2025,6,AS,Alaska Airlines Network,MSY,"New Orleans, LA: Louis Armstrong New Orleans International",60.00,25.00,8.41,0.00,8.44,0.00,8.14,1.00,2.00,794.00,364.00,0.00,223.00,0.00,207.00
2025,6,AS,Alaska Airlines Network,OAK,"Oakland, CA: Oakland International",60.00,25.00,9.51,0.00,7.39,0.00,8.09,0.00,0.00,871.00,392.00,0.00,192.00,0.00,287.00
2025,6,AS,Alaska Airlines Network,OGG,"Kahului, HI: Kahului Airport",188.00,43.00,14.38,0.00,7.51,0.00,21.11,0.00,1.00,2120.00,1113.00,0.00,245.00,0.00,762.00
2025,6,AS,Alaska Airlines Network,OKC,"Oklahoma City, OK: Okc Will Rogers International",30.00,6.00,0.47,0.00,4.30,0.00,1.24,0.00,0.00,128.00,12.00,0.00,88.00,0.00,28.00
2025,6,AS,Alaska Airlines Network,OMA,"Omaha, NE: Eppley Airfield",60.00,23.00,6.01,0.81,3.02,0.00,13.16,0.00,0.00,1343.00,266.00,101.00,134.00,0.00,842.00
2025,6,AS,Alaska Airlines Network,OME,"Nome, AK: Nome Airport",30.00,6.00,0.02,0.00,0.31,0.00,5.67,0.00,0.00,252.00,1.00,0.00,8.00,0.00,243.00
2025,6,AS,Alaska Airlines Network,ONT,"Ontario, CA: Ontario International",136.00,43.00,8.73,0.00,9.64,0.15,24.48,1.00,0.00,1843.00,423.00,0.00,287.00,7.00,1126.00
2025,6,AS,Alaska Airlines Network,ORD,"Chicago, IL: Chicago O'Hare International",335.00,93.00,19.10,0.00,49.08,0.70,24.11,0.00,1.00,4647.00,1428.00,0.00,2151.00,38.00,1030.00
2025,6,AS,Alaska Airlines Network,OTZ,"Kotzebue, AK: Ralph Wien Memorial",30.00,2.00,0.00,0.00,0.00,0.00,2.00,0.00,0.00,73.00,0.00,0.00,0.00,0.00,73.00
2025,6,AS,Alaska Airlines Network,PAE,"Everett, WA: Seattle Paine Field International",87.00,7.00,0.96,0.00,3.04,0.00,3.00,0.00,0.00,356.00,66.00,0.00,71.00,0.00,219.00
2025,6,AS,Alaska Airlines Network,PDX,"Portland, OR: Portland International",1680.00,416.00,81.70,17.10,109.24,3.52,204.45,9.00,1.00,23356.00,5740.00,947.00,4640.00,127.00,11902.00
2025,6,AS,Alaska Airlines Network,PHL,"Philadelphia, PA: Philadelphia International",60.00,25.00,11.34,0.00,7.33,0.00,6.33,0.00,0.00,1066.00,595.00,0.00,282.00,0.00,189.00
2025,6,AS,Alaska Airlines Network,PHX,"Phoenix, AZ: Phoenix Sky Harbor International",408.00,103.00,29.44,0.00,29.56,0.43,43.58,0.00,3.00,4201.00,1559.00,0.00,844.00,20.00,1778.00
2025,6,AS,Alaska Airlines Network,PIT,"Pittsburgh, PA: Pittsburgh International",60.00,19.00,6.28,0.00,2.44,0.00,10.28,0.00,1.00,847.00,382.00,0.00,96.00,0.00,369.00
2025,6,AS,Alaska Airlines Network,PSC,"Pasco/Kennewick/Richland, WA: Tri Cities",29.00,11.00,3.87,0.00,2.57,0.00,4.56,0.00,0.00,601.00,320.00,0.00,101.00,0.00,180.00
2025,6,AS,Alaska Airlines Network,PSG,"Petersburg, AK: Petersburg James A Johnson",60.00,15.00,3.59,0.00,1.51,0.00,9.90,0.00,0.00,542.00,95.00,0.00,52.00,0.00,395.00
2025,6,AS,Alaska Airlines Network,PSP,"Palm Springs, CA: Palm Springs International",41.00,7.00,2.19,0.00,3.01,0.00,1.80,0.00,0.00,382.00,263.00,0.00,72.00,0.00,47.00
2025,6,AS,Alaska Airlines Network,RDM,"Bend/Redmond, OR: Roberts Field",60.00,26.00,5.80,0.00,4.36,0.00,15.84,0.00,0.00,893.00,208.00,0.00,153.00,0.00,532.00
2025,6,AS,Alaska Airlines Network,RDU,"Raleigh/Durham, NC: Raleigh-Durham International",60.00,17.00,2.85,0.00,3.79,0.00,10.36,0.00,0.00,481.00,64.00,0.00,85.00,0.00,332.00
2025,6,AS,Alaska Airlines Network,RNO,"Reno, NV: Reno/Tahoe International",79.00,29.00,7.86,0.00,4.21,0.00,16.93,1.00,0.00,1259.00,471.00,0.00,147.00,0.00,641.00
2025,6,AS,Alaska Airlines Network,SAN,"San Diego, CA: San Diego International",943.00,253.00,51.37,4.43,99.94,2.60,94.66,5.00,0.00,12689.00,2995.00,255.00,4622.00,101.00,4716.00
2025,6,AS,Alaska Airlines Network,SAT,"San Antonio, TX: San Antonio International",60.00,22.00,2.63,0.00,3.00,0.75,15.62,0.00,0.00,742.00,90.00,0.00,79.00,55.00,518.00
2025,6,AS,Alaska Airlines Network,SBA,"Santa Barbara, CA: Santa Barbara Municipal",30.00,10.00,4.18,0.00,0.75,0.00,5.07,0.00,0.00,396.00,228.00,0.00,22.00,0.00,146.00
2025,6,AS,Alaska Airlines Network,SBP,"San Luis Obispo, CA: San Luis Obispo County Regional",30.00,13.00,2.18,0.20,1.14,0.00,9.48,0.00,0.00,526.00,65.00,26.00,24.00,0.00,411.00
2025,6,AS,Alaska Airlines Network,SCC,"Deadhorse, AK: Deadhorse Airport",43.00,5.00,0.10,1.91,0.70,0.00,2.29,0.00,0.00,321.00,2.00,246.00,19.00,0.00,54.00
2025,6,AS,Alaska Airlines Network,SEA,"Seattle, WA: Seattle/Tacoma International",7151.00,2317.00,345.87,65.56,919.02,20.61,965.94,71.00,5.00,123562.00,26370.00,4250.00,35473.00,1117.00,56352.00
2025,6,AS,Alaska Airlines Network,SFO,"San Francisco, CA: San Francisco International",1032.00,362.00,55.64,13.76,116.81,1.26,174.53,13.00,2.00,20166.00,3461.00,1114.00,5215.00,68.00,10308.00
2025,6,AS,Alaska Airlines Network,SIT,"Sitka, AK: Sitka Rocky Gutierrez",150.00,38.00,7.38,0.00,9.41,0.00,21.21,1.00,0.00,1817.00,313.00,0.00,337.00,0.00,1167.00
2025,6,AS,Alaska Airlines Network,SJC,"San Jose, CA: Norman Y. Mineta San Jose International",209.00,61.00,14.25,0.00,8.22,0.00,38.53,6.00,0.00,2548.00,772.00,0.00,292.00,0.00,1484.00
2025,6,AS,Alaska Airlines Network,SLC,"Salt Lake City, UT: Salt Lake City International",111.00,38.00,11.48,0.00,8.18,0.00,18.34,1.00,0.00,1490.00,381.00,0.00,282.00,0.00,827.00
2025,6,AS,Alaska Airlines Network,SMF,"Sacramento, CA: Sacramento International",120.00,46.00,5.86,0.00,6.66,0.64,32.85,0.00,0.00,2116.00,408.00,0.00,220.00,78.00,1410.00
2025,6,AS,Alaska Airlines Network,SNA,"Santa Ana, CA: John Wayne Airport-Orange County",372.00,61.00,22.90,0.00,15.57,0.03,22.50,4.00,0.00,2638.00,1235.00,0.00,507.00,2.00,894.00
2025,6,AS,Alaska Airlines Network,STL,"St. Louis, MO: St Louis Lambert International",90.00,39.00,10.61,0.00,11.27,0.46,16.65,0.00,1.00,1661.00,564.00,0.00,343.00,32.00,722.00
2025,6,AS,Alaska Airlines Network,STS,"Santa Rosa, CA: Charles M. Schulz - Sonoma County",30.00,13.00,5.13,0.00,2.30,0.00,5.57,0.00,0.00,758.00,502.00,0.00,44.00,0.00,212.00
2025,6,AS,Alaska Airlines Network,TPA,"Tampa, FL: Tampa International",90.00,31.00,9.49,0.00,9.85,0.00,11.66,0.00,1.00,1487.00,625.00,0.00,385.00,0.00,477.00
2025,6,AS,Alaska Airlines Network,TUS,"Tucson, AZ: Tucson International",30.00,6.00,2.00,0.00,2.31,0.00,1.69,0.00,0.00,133.00,36.00,0.00,52.00,0.00,45.00
2025,6,AS,Alaska Airlines Network,WRG,"Wrangell, AK: Wrangell Airport",60.00,15.00,1.90,0.00,1.51,0.00,11.59,0.00,0.00,524.00,53.00,0.00,30.00,0.00,441.00
2025,6,AS,Alaska Airlines Network,YAK,"Yakutat, AK: Yakutat Airport",60.00,11.00,2.75,0.00,0.98,0.00,7.27,0.00,1.00,532.00,79.00,0.00,31.00,0.00,422.00
2025,6,B6,JetBlue Airways,ABQ,"Albuquerque, NM: Albuquerque International Sunport",30.00,11.00,3.08,0.04,5.17,0.00,2.71,1.00,0.00,998.00,295.00,1.00,357.00,0.00,345.00
2025,6,B6,JetBlue Airways,ACK,"Nantucket, MA: Nantucket Memorial",148.00,27.00,8.61,4.00,5.99,0.00,8.40,8.00,1.00,2545.00,376.00,1158.00,293.00,0.00,718.00
2025,6,B6,JetBlue Airways,ALB,"Albany, NY: Albany International",68.00,14.00,4.02,0.85,6.70,0.00,2.43,0.00,1.00,848.00,272.00,80.00,234.00,0.00,262.00
2025,6,B6,JetBlue Airways,ATL,"Atlanta, GA: Hartsfield-Jackson Atlanta International",176.00,55.00,18.27,0.93,21.24,0.00,14.56,4.00,1.00,4826.00,1535.00,81.00,1922.00,0.00,1288.00
2025,6,B6,JetBlue Airways,AUS,"Austin, TX: Austin - Bergstrom International",30.00,10.00,1.64,0.14,7.06,0.00,1.15,0.00,2.00,611.00,102.00,3.00,415.00,0.00,91.00
2025,6,B6,JetBlue Airways,AVL,"Asheville, NC: Asheville Regional",13.00,3.00,0.33,0.00,1.10,0.00,1.57,0.00,0.00,118.00,13.00,0.00,42.00,0.00,63.00
2025,6,B6,JetBlue Airways,BDL,"Hartford, CT: Bradley International",299.00,75.00,21.92,5.35,20.39,1.00,26.35,0.00,0.00,4524.00,1523.00,194.00,791.00,48.00,1968.00
2025,6,B6,JetBlue Airways,BNA,"Nashville, TN: Nashville International",150.00,54.00,23.63,0.23,10.42,1.00,18.72,2.00,3.00,4874.00,2084.00,9.00,592.00,692.00,1497.00
2025,6,B6,JetBlue Airways,BOS,"Boston, MA: Logan International",3199.00,972.00,212.83,16.93,376.47,1.77,364.00,14.00,8.00,80109.00,19930.00,1256.00,20995.00,259.00,37669.00
2025,6,B6,JetBlue Airways,BQN,"Aguadilla, PR: Rafael Hernandez",143.00,42.00,19.58,0.00,8.07,0.00,14.35,1.00,1.00,2121.00,1051.00,0.00,228.00,0.00,842.00
2025,6,B6,JetBlue Airways,BUF,"Buffalo, NY: Buffalo Niagara International",319.00,88.00,36.31,3.21,20.10,0.00,28.37,3.00,0.00,6745.00,2439.00,337.00,880.00,0.00,3089.00
2025,6,B6,JetBlue Airways,BUR,"Burbank, CA: Bob Hope",30.00,18.00,6.21,0.00,9.26,0.00,2.53,0.00,1.00,1413.00,504.00,0.00,634.00,0.00,275.00
2025,6,B6,JetBlue Airways,BZN,"Bozeman, MT: Bozeman Yellowstone International",33.00,7.00,1.01,0.00,4.08,0.00,1.91,0.00,0.00,538.00,21.00,0.00,139.00,0.00,378.00
2025,6,B6,JetBlue Airways,CHS,"Charleston, SC: Charleston AFB/International",134.00,46.00,15.64,0.00,21.24,0.00,9.12,0.00,1.00,3470.00,1319.00,0.00,1300.00,0.00,851.00
2025,6,B6,JetBlue Airways,CLE,"Cleveland, OH: Cleveland-Hopkins International",79.00,26.00,8.44,0.00,4.36,0.00,13.20,0.00,0.00,1422.00,449.00,0.00,140.00,0.00,833.00
2025,6,B6,JetBlue Airways,DCA,"Washington, DC: Ronald Reagan Washington National",555.00,204.00,43.78,6.31,110.14,0.28,43.49,3.00,6.00,16757.00,3117.00,707.00,7741.00,40.00,5152.00
2025,6,B6,JetBlue Airways,DEN,"Denver, CO: Denver International",130.00,43.00,9.18,0.00,23.02,0.00,10.80,0.00,0.00,2458.00,657.00,0.00,1030.00,0.00,771.00
2025,6,B6,JetBlue Airways,DFW,"Dallas/Fort Worth, TX: Dallas/Fort Worth International",30.00,11.00,1.83,0.39,5.47,0.00,3.31,0.00,1.00,878.00,60.00,93.00,319.00,0.00,406.00
2025,6,B6,JetBlue Airways,DTW,"Detroit, MI: Detroit Metro Wayne County",111.00,42.00,17.06,1.16,10.61,0.00,13.17,0.00,0.00,3242.00,1136.00,44.00,636.00,0.00,1426.00
2025,6,B6,JetBlue Airways,EWR,"Newark, NJ: Newark Liberty International",482.00,134.00,19.15,7.32,67.36,0.16,40.01,2.00,5.00,13016.00,1651.00,406.00,6507.00,4.00,4448.00
2025,6,B6,JetBlue Airways,FLL,"Fort Lauderdale, FL: Fort Lauderdale-Hollywood International",1304.00,327.00,91.02,9.84,121.26,0.00,104.89,6.00,6.00,25102.00,6386.00,1344.00,6710.00,0.00,10662.00
2025,6,B6,JetBlue Airways,HPN,"White Plains, NY: Westchester County",450.00,94.00,28.15,3.96,21.27,0.00,40.62,5.00,4.00,8626.00,2355.00,273.00,838.00,0.00,5160.00
2025,6,B6,JetBlue Airways,HYA,"Hyannis, MA: Cape Cod Gateway",5.00,0.00,0.00,0.00,0.00,0.00,0.00,0.00,0.00,0.00,0.00,0.00,0.00,0.00,0.00
2025,6,B6,JetBlue Airways,IAH,"Houston, TX: George Bush Intercontinental/Houston",61.00,13.00,2.75,0.00,7.41,0.00,2.84,0.00,1.00,848.00,106.00,0.00,570.00,0.00,172.00
2025,6,B6,JetBlue Airways,ILM,"Wilmington, NC: Wilmington International",30.00,2.00,1.98,0.00,0.02,0.00,0.00,0.00,0.00,305.00,301.00,0.00,4.00,0.00,0.00
2025,6,B6,JetBlue Airways,ISP,"Islip, NY: Long Island MacArthur",82.00,14.00,4.89,1.33,5.96,0.00,1.82,0.00,0.00,818.00,391.00,73.00,174.00,0.00,180.00
2025,6,B6,JetBlue Airways,JAX,"Jacksonville, FL: Jacksonville International",120.00,40.00,14.15,1.00,10.17,0.00,14.68,1.00,1.00,3379.00,990.00,132.00,558.00,0.00,1699.00
2025,6,B6,JetBlue Airways,JFK,"New York, NY: John F. Kennedy International",3130.00,951.00,234.12,18.93,408.36,0.42,289.17,41.00,17.00,83543.00,21434.00,1939.00,28904.00,19.00,31247.00
2025,6,B6,JetBlue Airways,LAS,"Las Vegas, NV: Harry Reid International",247.00,49.00,12.04,0.95,25.92,0.00,10.08,1.00,1.00,3067.00,700.00,174.00,1424.00,0.00,769.00
2025,6,B6,JetBlue Airways,LAX,"Los Angeles, CA: Los Angeles International",685.00,142.00,37.45,3.68,55.61,0.00,45.27,1.00,0.00,11011.00,2881.00,528.00,2944.00,0.00,4658.00
2025,6,B6,JetBlue Airways,LGA,"New York, NY: LaGuardia",348.00,124.00,29.08,9.06,62.94,0.25,22.67,2.00,7.00,9232.00,1436.00,938.00,4578.00,25.00,2255.00
2025,6,B6,JetBlue Airways,MCO,"Orlando, FL: Orlando International",1490.00,393.00,97.46,5.14,172.43,1.00,116.97,6.00,13.00,33266.00,7116.00,1127.00,11483.00,19.00,13521.00
2025,6,B6,JetBlue Airways,MHT,"Manchester, NH: Manchester Boston Regional",43.00,7.00,1.96,0.71,0.62,0.00,3.71,0.00,0.00,664.00,111.00,145.00,89.00,0.00,319.00
2025,6,B6,JetBlue Airways,MIA,"Miami, FL: Miami International",75.00,28.00,6.52,0.00,10.19,0.00,11.28,0.00,0.00,1554.00,342.00,0.00,379.00,0.00,833.00
2025,6,B6,JetBlue Airways,MKE,"Milwaukee, WI: General Mitchell International",30.00,7.00,2.99,0.00,1.77,0.00,2.24,0.00,0.00,463.00,188.00,0.00,103.00,0.00,172.00
2025,6,B6,JetBlue Airways,MSY,"New Orleans, LA: Louis Armstrong New Orleans International",69.00,12.00,2.47,0.00,4.99,0.00,4.53,0.00,2.00,1031.00,198.00,0.00,159.00,0.00,674.00
2025,6,B6,JetBlue Airways,MVY,"Martha's Vineyard, MA: Martha's Vineyard Airport",34.00,6.00,2.26,0.00,0.10,0.00,3.63,1.00,0.00,283.00,91.00,0.00,9.00,0.00,183.00
2025,6,B6,JetBlue Airways,ONT,"Ontario, CA: Ontario International",30.00,11.00,1.73,0.44,6.51,0.00,2.32,0.00,0.00,721.00,167.00,25.00,338.00,0.00,191.00
2025,6,B6,JetBlue Airways,ORD,"Chicago, IL: Chicago O'Hare International",111.00,27.00,13.12,0.00,8.86,0.00,5.02,2.00,1.00,1735.00,840.00,0.00,588.00,0.00,307.00
2025,6,B6,JetBlue Airways,ORF,"Norfolk, VA: Norfolk International",30.00,15.00,5.21,0.00,4.17,0.00,5.63,0.00,0.00,1060.00,261.00,0.00,381.00,0.00,418.00
2025,6,B6,JetBlue Airways,ORH,"Worcester, MA: Worcester Regional",60.00,9.00,4.19,0.63,2.18,0.00,2.01,0.00,1.00,550.00,252.00,10.00,54.00,0.00,234.00
2025,6,B6,JetBlue Airways,PBI,"West Palm Beach/Palm Beach, FL: Palm Beach International",545.00,165.00,48.43,2.08,64.72,0.00,49.77,2.00,2.00,14004.00,3913.00,338.00,3796.00,0.00,5957.00
2025,6,B6,JetBlue Airways,PDX,"Portland, OR: Portland International",30.00,10.00,1.93,0.00,5.27,0.00,2.81,0.00,0.00,597.00,158.00,0.00,260.00,0.00,179.00
2025,6,B6,JetBlue Airways,PHL,"Philadelphia, PA: Philadelphia International",66.00,25.00,3.87,0.00,13.30,0.00,7.83,0.00,0.00,2074.00,341.00,0.00,1014.00,0.00,719.00
2025,6,B6,JetBlue Airways,PHX,"Phoenix, AZ: Phoenix Sky Harbor International",60.00,21.00,6.27,1.00,11.27,0.00,2.45,0.00,0.00,1012.00,305.00,41.00,507.00,0.00,159.00
2025,6,B6,JetBlue Airways,PIT,"Pittsburgh, PA: Pittsburgh International",138.00,48.00,13.97,0.00,7.19,0.00,26.84,1.00,0.00,3646.00,931.00,0.00,465.00,0.00,2250.00
2025,6,B6,JetBlue Airways,PQI,"Presque Isle/Houlton, ME: Presque Isle International",30.00,11.00,6.88,0.00,1.00,0.00,3.12,0.00,1.00,561.00,340.00,0.00,37.00,0.00,184.00
2025,6,B6,JetBlue Airways,PSE,"Ponce, PR: Mercedita",49.00,16.00,4.24,2.81,4.81,0.00,4.14,1.00,0.00,717.00,250.00,64.00,267.00,0.00,136.00
2025,6,B6,JetBlue Airways,PVD,"Providence, RI: Rhode Island Tf Green International",194.00,49.00,15.14,3.19,11.75,0.00,18.91,0.00,0.00,3768.00,1274.00,450.00,448.00,0.00,1596.00
2025,6,B6,JetBlue Airways,PWM,"Portland, ME: Portland International Jetport",53.00,18.00,4.19,0.00,2.63,0.00,11.18,0.00,0.00,1744.00,534.00,0.00,139.00,0.00,1071.00
2025,6,B6,JetBlue Airways,RDU,"Raleigh/Durham, NC: Raleigh-Durham International",232.00,82.00,29.29,1.86,24.62,0.00,26.23,2.00,0.00,5547.00,2190.00,134.00,1248.00,0.00,1975.00
2025,6,B6,JetBlue Airways,RIC,"Richmond, VA: Richmond International",146.00,46.00,17.43,2.33,12.91,0.00,13.33,0.00,0.00,2755.00,1030.00,188.00,671.00,0.00,866.00
2025,6,B6,JetBlue Airways,RNO,"Reno, NV: Reno/Tahoe International",17.00,9.00,1.23,0.26,4.51,0.00,3.00,0.00,0.00,616.00,81.00,40.00,276.00,0.00,219.00
2025,6,B6,JetBlue Airways,ROC,"Rochester, NY: Frederick Douglass Grtr Rochester International",54.00,26.00,9.60,0.00,3.80,0.00,12.60,0.00,0.00,2227.00,792.00,0.00,171.00,0.00,1264.00
2025,6,B6,JetBlue Airways,RSW,"Fort Myers, FL: Southwest Florida International",256.00,57.00,16.43,0.99,26.48,0.00,13.10,3.00,4.00,3580.00,1121.00,67.00,1431.00,0.00,961.00
2025,6,B6,JetBlue Airways,SAN,"San Diego, CA: San Diego International",142.00,11.00,2.78,0.06,6.74,0.00,1.43,0.00,0.00,480.00,160.00,5.00,266.00,0.00,49.00
2025,6,B6,JetBlue Airways,SAV,"Savannah, GA: Savannah/Hilton Head International",112.00,35.00,9.13,0.00,19.31,0.00,6.56,1.00,1.00,1937.00,481.00,0.00,1095.00,0.00,361.00
2025,6,B6,JetBlue Airways,SEA,"Seattle, WA: Seattle/Tacoma International",79.00,23.00,7.36,1.00,12.15,0.00,2.49,0.00,0.00,1158.00,350.00,27.00,711.00,0.00,70.00
2025,6,B6,JetBlue Airways,SFO,"San Francisco, CA: San Francisco International",379.00,77.00,15.25,2.10,28.12,1.00,30.53,2.00,0.00,6305.00,1337.00,280.00,1451.00,17.00,3220.00
2025,6,B6,JetBlue Airways,SJU,"San Juan, PR: Luis Munoz Marin International",1005.00,205.00,96.79,11.32,41.63,1.78,53.48,1.00,0.00,12169.00,5463.00,799.00,2002.00,51.00,3854.00
2025,6,B6,JetBlue Airways,SLC,"Salt Lake City, UT: Salt Lake City International",49.00,20.00,3.10,0.00,13.98,0.00,2.93,0.00,0.00,1429.00,338.00,0.00,731.00,0.00,360.00
2025,6,B6,JetBlue Airways,SMF,"Sacramento, CA: Sacramento International",60.00,21.00,6.43,1.00,9.68,0.00,3.89,0.00,0.00,1218.00,275.00,23.00,708.00,0.00,212.00
2025,6,B6,JetBlue Airways,SRQ,"Sarasota/Bradenton, FL: Sarasota/Bradenton International",48.00,8.00,4.73,0.00,2.43,0.00,0.85,0.00,0.00,394.00,243.00,0.00,83.00,0.00,68.00
2025,6,B6,JetBlue Airways,STT,"Charlotte Amalie, VI: Cyril E King",34.00,8.00,3.94,0.00,1.26,0.00,2.80,0.00,0.00,343.00,157.00,0.00,24.00,0.00,162.00
2025,6,B6,JetBlue Airways,STX,"Christiansted, VI: Henry E. Rohlsen",30.00,4.00,1.35,0.00,0.06,0.00,2.59,0.00,0.00,264.00,54.00,0.00,5.00,0.00,205.00
2025,6,B6,JetBlue Airways,SYR,"Syracuse, NY: Syracuse Hancock International",97.00,42.00,15.59,0.97,7.29,0.00,18.15,0.00,0.00,3022.00,793.00,110.00,420.00,0.00,1699.00
2025,6,B6,JetBlue Airways,TPA,"Tampa, FL: Tampa International",445.00,106.00,35.29,1.15,31.39,0.58,37.60,4.00,9.00,8745.00,2882.00,75.00,2041.00,11.00,3736.00
2025,6,B6,JetBlue Airways,TVC,"Traverse City, MI: Cherry Capital",10.00,3.00,2.42,0.00,0.32,0.00,0.27,0.00,0.00,109.00,90.00,0.00,12.00,0.00,7.00
2025,6,C5,CommuteAir LLC dba CommuteAir,ALB,"Albany, NY: Albany International",119.00,46.00,19.05,3.02,10.56,0.00,13.37,1.00,0.00,7014.00,2409.00,1016.00,795.00,0.00,2794.00
2025,6,C5,CommuteAir LLC dba CommuteAir,AMA,"Amarillo, TX: Rick Husband Amarillo International",78.00,24.00,6.06,4.05,3.26,0.00,10.63,3.00,0.00,2715.00,1076.00,347.00,102.00,0.00,1190.00
2025,6,C5,CommuteAir LLC dba CommuteAir,AVP,"Scranton/Wilkes-Barre, PA: Wilkes Barre Scranton International",81.00,26.00,10.59,2.98,4.50,0.00,7.93,0.00,0.00,3213.00,1407.00,205.00,179.00,0.00,1422.00
2025,6,C5,CommuteAir LLC dba CommuteAir,BDL,"Hartford, CT: Bradley International",8.00,0.00,0.00,0.00,0.00,0.00,0.00,0.00,0.00,0.00,0.00,0.00,0.00,0.00,0.00
2025,6,C5,CommuteAir LLC dba CommuteAir,BHM,"Birmingham, AL: Birmingham-Shuttlesworth International",87.00,32.00,7.06,5.91,3.92,0.00,15.11,2.00,0.00,2756.00,407.00,447.00,237.00,0.00,1665.00
2025,6,C5,CommuteAir LLC dba CommuteAir,BRO,"Brownsville, TX: Brownsville South Padre Island International",86.00,22.00,7.49,2.20,0.04,0.00,12.26,6.00,0.00,4512.00,2678.00,225.00,8.00,0.00,1601.00
2025,6,C5,CommuteAir LLC dba CommuteAir,BTR,"Baton Rouge, LA: Baton Rouge Metropolitan/Ryan Field",107.00,37.00,14.05,5.71,2.00,0.00,15.24,7.00,0.00,4447.00,1476.00,579.00,118.00,0.00,2274.00
2025,6,C5,CommuteAir LLC dba CommuteAir,BTV,"Burlington, VT: Patrick Leahy Burlington International",11.00,5.00,1.67,0.07,1.07,0.00,2.20,0.00,0.00,477.00,110.00,12.00,130.00,0.00,225.00
2025,6,C5,CommuteAir LLC dba CommuteAir,BUF,"Buffalo, NY: Buffalo Niagara International",79.00,26.00,11.23,0.91,4.14,0.00,9.72,5.00,0.00,3018.00,1422.00,160.00,197.00,0.00,1239.00
2025,6,C5,CommuteAir LLC dba CommuteAir,CAE,"Columbia, SC: Columbia Metropolitan",81.00,28.00,12.03,0.36,6.95,0.00,8.65,2.00,2.00,3173.00,1023.00,47.00,410.00,0.00,1693.00
2025,6,C5,CommuteAir LLC dba CommuteAir,CHO,"Charlottesville, VA: Charlottesville Albemarle",109.00,34.00,11.81,0.00,4.99,0.00,17.20,4.00,0.00,5260.00,2615.00,0.00,281.00,0.00,2364.00
2025,6,C5,CommuteAir LLC dba CommuteAir,CHS,"Charleston, SC: Charleston AFB/International",2.00,0.00,0.00,0.00,0.00,0.00,0.00,0.00,0.00,0.00,0.00,0.00,0.00,0.00,0.00
2025,6,C5,CommuteAir LLC dba CommuteAir,CLE,"Cleveland, OH: Cleveland-Hopkins International",4.00,1.00,0.00,0.73,0.07,0.00,0.20,0.00,0.00,15.00,0.00,11.00,1.00,0.00,3.00
2025,6,C5,CommuteAir LLC dba CommuteAir,CMH,"Columbus, OH: John Glenn Columbus International",6.00,3.00,1.48,0.00,1.44,0.00,0.07,0.00,0.00,94.00,49.00,0.00,42.00,0.00,3.00
2025,6,C5,CommuteAir LLC dba CommuteAir,CRP,"Corpus Christi, TX: Corpus Christi International",125.00,43.00,17.93,3.54,4.61,0.00,16.93,6.00,0.00,5847.00,2074.00,348.00,499.00,0.00,2926.00
2025,6,C5,CommuteAir LLC dba CommuteAir,CVG,"Cincinnati, OH: Cincinnati/Northern Kentucky International",4.00,0.00,0.00,0.00,0.00,0.00,0.00,0.00,0.00,0.00,0.00,0.00,0.00,0.00,0.00
2025,6,C5,CommuteAir LLC dba CommuteAir,DAY,"Dayton, OH: James M Cox/Dayton International",78.00,18.00,7.85,0.09,4.81,0.00,5.25,4.00,0.00,2352.00,663.00,10.00,327.00,0.00,1352.00
2025,6,C5,CommuteAir LLC dba CommuteAir,ECP,"Panama City, FL: Northwest Florida Beaches International",49.00,19.00,5.99,2.39,7.80,0.00,2.82,1.00,0.00,1598.00,789.00,154.00,432.00,0.00,223.00
2025,6,C5,CommuteAir LLC dba CommuteAir,ELP,"El Paso, TX: El Paso International",5.00,4.00,1.78,1.00,0.53,0.00,0.69,0.00,0.00,217.00,71.00,81.00,34.00,0.00,31.00
2025,6,C5,CommuteAir LLC dba CommuteAir,GPT,"Gulfport/Biloxi, MS: Gulfport-Biloxi International",109.00,40.00,12.65,3.67,6.87,0.00,16.82,4.00,2.00,4412.00,1518.00,393.00,461.00,0.00,2040.00
2025,6,C5,CommuteAir LLC dba CommuteAir,GSO,"Greensboro/High Point, NC: Piedmont Triad International",56.00,19.00,8.06,0.55,3.42,0.00,6.97,3.00,0.00,1920.00,575.00,82.00,213.00,0.00,1050.00
2025,6,C5,CommuteAir LLC dba CommuteAir,GSP,"Greer, SC: Greenville-Spartanburg International",114.00,43.00,19.79,1.31,9.45,0.00,12.45,2.00,0.00,5542.00,2010.00,402.00,514.00,0.00,2616.00
2025,6,C5,CommuteAir LLC dba CommuteAir,HRL,"Harlingen/San Benito, TX: Valley International",119.00,42.00,15.24,2.22,4.04,0.00,20.50,6.00,0.00,5969.00,1591.00,249.00,283.00,0.00,3846.00
2025,6,C5,CommuteAir LLC dba CommuteAir,HSV,"Huntsville, AL: Huntsville International-Carl T Jones Field",226.00,91.00,32.10,4.52,18.22,0.00,36.17,6.00,2.00,11071.00,3284.00,518.00,1097.00,0.00,6172.00
2025,6,C5,CommuteAir LLC dba CommuteAir,IAD,"Washington, DC: Washington Dulles International",1672.00,458.00,110.92,16.78,98.18,0.00,232.11,42.00,9.00,71609.00,19287.00,4037.00,8089.00,0.00,40196.00
2025,6,C5,CommuteAir LLC dba CommuteAir,IAH,"Houston, TX: George Bush Intercontinental/Houston",1971.00,603.00,118.58,43.12,196.60,0.00,244.70,89.00,13.00,83056.00,17371.00,10479.00,19195.00,0.00,36011.00
2025,6,C5,CommuteAir LLC dba CommuteAir,ICT,"Wichita, KS: Wichita Dwight D Eisenhower National",13.00,2.00,0.98,0.00,1.02,0.00,0.00,0.00,0.00,284.00,239.00,0.00,45.00,0.00,0.00
2025,6,C5,CommuteAir LLC dba CommuteAir,ITH,"Ithaca/Cortland, NY: Ithaca Tompkins International",60.00,26.00,11.43,3.06,4.73,0.00,6.79,1.00,0.00,3833.00,1219.00,805.00,226.00,0.00,1583.00
2025,6,C5,CommuteAir LLC dba CommuteAir,JAN,"Jackson/Vicksburg, MS: Jackson Medgar Wiley Evers International",138.00,35.00,12.71,4.07,1.61,0.00,16.61,8.00,1.00,3743.00,1008.00,549.00,163.00,0.00,2023.00
2025,6,C5,CommuteAir LLC dba CommuteAir,LBB,"Lubbock, TX: Lubbock Preston Smith International",93.00,32.00,14.58,5.02,3.77,0.00,8.63,4.00,3.00,2663.00,1037.00,497.00,160.00,0.00,969.00
2025,6,C5,CommuteAir LLC dba CommuteAir,LCH,"Lake Charles, LA: Lake Charles Regional",81.00,33.00,10.43,3.63,3.23,0.00,15.71,6.00,0.00,2886.00,874.00,324.00,128.00,0.00,1560.00
2025,6,C5,CommuteAir LLC dba CommuteAir,LFT,"Lafayette, LA: Lafayette Regional Paul Fournet Field",120.00,34.00,11.44,3.15,4.04,0.00,15.36,7.00,2.00,4565.00,1641.00,449.00,409.00,0.00,2066.00
2025,6,C5,CommuteAir LLC dba CommuteAir,LIT,"Little Rock, AR: Bill and Hillary Clinton Nat Adams Field",30.00,7.00,1.87,0.00,1.61,0.00,3.52,2.00,0.00,662.00,193.00,0.00,122.00,0.00,347.00
2025,6,C5,CommuteAir LLC dba CommuteAir,LRD,"Laredo, TX: Laredo International",107.00,33.00,10.58,2.88,1.72,0.00,17.82,4.00,0.00,5313.00,2112.00,307.00,73.00,0.00,2821.00
2025,6,C5,CommuteAir LLC dba CommuteAir,MAF,"Midland/Odessa, TX: Midland International Air and Space Port",1.00,0.00,0.00,0.00,0.00,0.00,0.00,0.00,0.00,0.00,0.00,0.00,0.00,0.00,0.00
2025,6,C5,CommuteAir LLC dba CommuteAir,MDT,"Harrisburg, PA: Harrisburg International",110.00,29.00,13.72,0.62,2.48,0.00,12.17,1.00,0.00,4334.00,2729.00,33.00,105.00,0.00,1467.00
2025,6,C5,CommuteAir LLC dba CommuteAir,MFE,"Mission/McAllen/Edinburg, TX: McAllen International",110.00,33.00,8.46,4.80,3.74,0.00,16.00,2.00,1.00,3878.00,713.00,717.00,360.00,0.00,2088.00
2025,6,C5,CommuteAir LLC dba CommuteAir,MHT,"Manchester, NH: Manchester Boston Regional",85.00,37.00,10.63,0.74,2.57,0.00,23.06,4.00,0.00,6207.00,1641.00,103.00,140.00,0.00,4323.00
2025,6,C5,CommuteAir LLC dba CommuteAir,MOB,"Mobile, AL: Mobile Regional",152.00,54.00,18.96,8.74,9.26,0.00,17.04,6.00,3.00,9475.00,4532.00,925.00,410.00,0.00,3608.00
2025,6,C5,CommuteAir LLC dba CommuteAir,OKC,"Oklahoma City, OK: Okc Will Rogers International",11.00,2.00,0.64,0.00,0.45,0.00,0.91,1.00,0.00,225.00,31.00,0.00,10.00,0.00,184.00
2025,6,C5,CommuteAir LLC dba CommuteAir,ORF,"Norfolk, VA: Norfolk International",11.00,6.00,2.03,0.00,1.50,0.00,2.47,0.00,0.00,791.00,184.00,0.00,123.00,0.00,484.00
2025,6,C5,CommuteAir LLC dba CommuteAir,PHL,"Philadelphia, PA: Philadelphia International",10.00,2.00,1.12,0.00,0.07,0.00,0.81,0.00,0.00,478.00,255.00,0.00,15.00,0.00,208.00
2025,6,C5,CommuteAir LLC dba CommuteAir,PIT,"Pittsburgh, PA: Pittsburgh International",8.00,0.00,0.00,0.00,0.00,0.00,0.00,0.00,0.00,0.00,0.00,0.00,0.00,0.00,0.00
2025,6,C5,CommuteAir LLC dba CommuteAir,PNS,"Pensacola, FL: Pensacola International",33.00,8.00,1.49,1.74,1.57,0.00,3.20,0.00,0.00,714.00,162.00,207.00,74.00,0.00,271.00
2025,6,C5,CommuteAir LLC dba CommuteAir,PVD,"Providence, RI: Rhode Island Tf Green International",14.00,8.00,3.38,2.28,1.25,0.00,1.09,0.00,0.00,653.00,229.00,236.00,112.00,0.00,76.00
2025,6,C5,CommuteAir LLC dba CommuteAir,PWM,"Portland, ME: Portland International Jetport",10.00,2.00,1.83,0.00,0.00,0.00,0.17,0.00,0.00,124.00,119.00,0.00,0.00,0.00,5.00
2025,6,C5,CommuteAir LLC dba CommuteAir,RIC,"Richmond, VA: Richmond International",6.00,4.00,0.56,0.00,1.60,0.00,1.85,1.00,0.00,372.00,63.00,0.00,98.00,0.00,211.00
2025,6,C5,CommuteAir LLC dba CommuteAir,ROA,"Roanoke, VA: Roanoke Blacksburg Regional",105.00,33.00,11.09,1.16,6.33,0.00,14.41,3.00,1.00,3550.00,839.00,355.00,237.00,0.00,2119.00
2025,6,C5,CommuteAir LLC dba CommuteAir,ROC,"Rochester, NY: Frederick Douglass Grtr Rochester International",52.00,19.00,7.29,0.31,3.64,0.00,7.76,3.00,0.00,2364.00,760.00,14.00,276.00,0.00,1314.00
2025,6,C5,CommuteAir LLC dba CommuteAir,SCE,"State College, PA: State College Regional",82.00,28.00,10.36,0.03,6.04,0.00,11.57,2.00,0.00,3521.00,658.00,21.00,269.00,0.00,2573.00
2025,6,C5,CommuteAir LLC dba CommuteAir,SGF,"Springfield, MO: Springfield-Branson National",30.00,7.00,2.13,0.96,1.38,0.00,2.53,4.00,1.00,519.00,181.00,71.00,69.00,0.00,198.00
2025,6,C5,CommuteAir LLC dba CommuteAir,SHV,"Shreveport, LA: Shreveport Regional",4.00,1.00,0.45,0.00,0.00,0.00,0.55,0.00,0.00,102.00,46.00,0.00,0.00,0.00,56.00
2025,6,C5,CommuteAir LLC dba CommuteAir,STL,"St. Louis, MO: St Louis Lambert International",1.00,0.00,0.00,0.00,0.00,0.00,0.00,0.00,0.00,0.00,0.00,0.00,0.00,0.00,0.00
2025,6,C5,CommuteAir LLC dba CommuteAir,SYR,"Syracuse, NY: Syracuse Hancock International",97.00,37.00,18.96,2.55,6.80,0.00,8.69,2.00,0.00,5576.00,1787.00,1012.00,377.00,0.00,2400.00
2025,6,C5,CommuteAir LLC dba CommuteAir,TUL,"Tulsa, OK: Tulsa International",32.00,12.00,3.72,2.00,1.70,0.00,4.59,1.00,0.00,1435.00,522.00,190.00,58.00,0.00,665.00
2025,6,C5,CommuteAir LLC dba CommuteAir,TYS,"Knoxville, TN: McGhee Tyson",238.00,89.00,28.09,10.98,7.43,0.00,42.51,4.00,0.00,15142.00,3932.00,2541.00,448.00,0.00,8221.00
2025,6,C5,CommuteAir LLC dba CommuteAir,XNA,"Fayetteville, AR: Northwest Arkansas National",58.00,24.00,10.69,2.21,3.04,0.00,8.06,3.00,0.00,5051.00,2546.00,897.00,145.00,0.00,1463.00
2025,6,DL,Delta Air Lines Network,ABQ,"Albuquerque, NM: Albuquerque International Sunport",116.00,26.00,14.50,1.71,5.02,0.00,4.77,1.00,2.00,1198.00,716.00,74.00,255.00,0.00,153.00
2025,6,DL,Delta Air Lines Network,AGS,"Augusta, GA: Augusta Regional at Bush Field",47.00,16.00,4.05,1.65,1.62,0.00,8.68,0.00,0.00,1801.00,398.00,270.00,173.00,0.00,960.00
2025,6,DL,Delta Air Lines Network,ALB,"Albany, NY: Albany International",122.00,51.00,18.07,2.56,9.83,0.00,20.55,1.00,2.00,3416.00,1661.00,87.00,486.00,0.00,1182.00
2025,6,DL,Delta Air Lines Network,ANC,"Anchorage, AK: Ted Stevens Anchorage International",336.00,82.00,38.46,1.61,30.69,0.00,11.24,1.00,1.00,4118.00,2305.00,180.00,1046.00,0.00,587.00
2025,6,DL,Delta Air Lines Network,ATL,"Atlanta, GA: Hartsfield-Jackson Atlanta International",21175.00,4877.00,1334.90,188.19,1197.37,1.56,2154.98,548.00,147.00,419635.00,152433.00,20824.00,83298.00,105.00,162975.00
2025,6,DL,Delta Air Lines Network,ATW,"Appleton, WI: Appleton International",30.00,12.00,6.64,2.29,0.59,0.00,2.48,0.00,0.00,1151.00,504.00,482.00,35.00,0.00,130.00
2025,6,DL,Delta Air Lines Network,AUS,"Austin, TX: Austin - Bergstrom International",1082.00,372.00,132.18,9.33,142.18,0.53,87.80,10.00,4.00,24931.00,11709.00,562.00,6412.00,40.00,6208.00
2025,6,DL,Delta Air Lines Network,AVL,"Asheville, NC: Asheville Regional",198.00,59.00,30.29,3.82,9.70,0.00,15.18,6.00,3.00,4087.00,2094.00,782.00,531.00,0.00,680.00
2025,6,DL,Delta Air Lines Network,BDL,"Hartford, CT: Bradley International",391.00,107.00,55.66,8.14,19.67,0.00,23.53,6.00,0.00,6926.00,3501.00,832.00,783.00,0.00,1810.00
2025,6,DL,Delta Air Lines Network,BGR,"Bangor, ME: Bangor International",6.00,0.00,0.00,0.00,0.00,0.00,0.00,1.00,0.00,0.00,0.00,0.00,0.00,0.00,0.00
2025,6,DL,Delta Air Lines Network,BHM,"Birmingham, AL: Birmingham-Shuttlesworth International",265.00,82.00,38.97,6.12,16.97,0.00,19.94,9.00,2.00,4705.00,2364.00,323.00,883.00,0.00,1135.00
2025,6,DL,Delta Air Lines Network,BIL,"Billings, MT: Billings Logan International",60.00,23.00,15.25,2.00,0.37,0.00,5.38,0.00,0.00,3667.00,2583.00,814.00,17.00,0.00,253.00
2025,6,DL,Delta Air Lines Network,BIS,"Bismarck/Mandan, ND: Bismarck Municipal",36.00,11.00,5.62,0.00,0.26,0.00,5.12,0.00,0.00,1394.00,876.00,0.00,25.00,0.00,493.00
2025,6,DL,Delta Air Lines Network,BNA,"Nashville, TN: Nashville International",840.00,223.00,89.37,9.41,68.80,0.98,54.44,15.00,7.00,14874.00,6943.00,593.00,3164.00,121.00,4053.00
2025,6,DL,Delta Air Lines Network,BOI,"Boise, ID: Boise Air Terminal",262.00,51.00,29.58,0.39,7.37,0.00,13.66,4.00,1.00,3668.00,2583.00,47.00,212.00,0.00,826.00
2025,6,DL,Delta Air Lines Network,BOS,"Boston, MA: Logan International",2267.00,601.00,200.68,25.18,179.38,1.00,194.76,19.00,2.00,45449.00,17054.00,1922.00,10968.00,53.00,15452.00
2025,6,DL,Delta Air Lines Network,BTR,"Baton Rouge, LA: Baton Rouge Metropolitan/Ryan Field",70.00,23.00,14.96,0.77,0.36,0.00,6.91,1.00,0.00,1623.00,1118.00,56.00,10.00,0.00,439.00
2025,6,DL,Delta Air Lines Network,BTV,"Burlington, VT: Patrick Leahy Burlington International",33.00,12.00,5.23,1.36,2.78,0.00,2.63,3.00,0.00,512.00,174.00,55.00,174.00,0.00,109.00
2025,6,DL,Delta Air Lines Network,BUF,"Buffalo, NY: Buffalo Niagara International",171.00,57.00,28.81,2.13,9.44,0.00,16.62,6.00,0.00,2966.00,1430.00,214.00,477.00,0.00,845.00
2025,6,DL,Delta Air Lines Network,BUR,"Burbank, CA: Bob Hope",60.00,22.00,11.19,0.00,4.36,0.00,6.45,0.00,0.00,2031.00,1178.00,0.00,147.00,0.00,706.00
2025,6,DL,Delta Air Lines Network,BWI,"Baltimore, MD: Baltimore/Washington International Thurgood Marshall",478.00,164.00,67.11,8.69,42.37,0.20,45.63,8.00,0.00,11859.00,5092.00,942.00,2687.00,34.00,3104.00
2025,6,DL,Delta Air Lines Network,BZN,"Bozeman, MT: Bozeman Yellowstone International",190.00,44.00,24.62,0.00,12.68,0.00,6.70,0.00,0.00,1813.00,940.00,0.00,408.00,0.00,465.00
2025,6,DL,Delta Air Lines Network,CAE,"Columbia, SC: Columbia Metropolitan",188.00,57.00,28.96,2.30,4.56,0.00,21.18,5.00,0.00,3279.00,1154.00,175.00,288.00,0.00,1662.00
2025,6,DL,Delta Air Lines Network,CHA,"Chattanooga, TN: Lovell Field",141.00,59.00,26.04,6.95,6.61,0.00,19.40,6.00,0.00,5093.00,2528.00,603.00,439.00,0.00,1523.00
2025,6,DL,Delta Air Lines Network,CHO,"Charlottesville, VA: Charlottesville Albemarle",9.00,2.00,1.00,0.00,1.00,0.00,0.00,0.00,0.00,81.00,42.00,0.00,39.00,0.00,0.00
2025,6,DL,Delta Air Lines Network,CHS,"Charleston, SC: Charleston AFB/International",409.00,104.00,45.62,6.28,26.49,0.00,25.62,11.00,2.00,5933.00,2948.00,301.00,1014.00,0.00,1670.00
2025,6,DL,Delta Air Lines Network,CID,"Cedar Rapids/Iowa City, IA: The Eastern Iowa",30.00,10.00,2.91,0.68,4.60,0.00,1.81,1.00,0.00,391.00,119.00,15.00,136.00,0.00,121.00
2025,6,DL,Delta Air Lines Network,CLE,"Cleveland, OH: Cleveland-Hopkins International",375.00,107.00,50.84,11.12,15.47,0.00,29.56,10.00,2.00,8819.00,3991.00,1008.00,1582.00,0.00,2238.00
2025,6,DL,Delta Air Lines Network,CLT,"Charlotte, NC: Charlotte Douglas International",519.00,151.00,85.48,7.92,22.73,0.00,34.88,9.00,2.00,12113.00,6987.00,950.00,1580.00,0.00,2596.00
2025,6,DL,Delta Air Lines Network,CMH,"Columbus, OH: John Glenn Columbus International",388.00,113.00,46.13,1.79,34.02,0.00,31.07,10.00,2.00,6803.00,3098.00,197.00,1381.00,0.00,2127.00
2025,6,DL,Delta Air Lines Network,COS,"Colorado Springs, CO: City of Colorado Springs Municipal",77.00,23.00,10.57,4.40,3.60,0.00,4.43,0.00,0.00,1735.00,537.00,663.00,164.00,0.00,371.00
2025,6,DL,Delta Air Lines Network,CVG,"Cincinnati, OH: Cincinnati/Northern Kentucky International",695.00,186.00,63.60,10.99,39.92,0.00,71.49,10.00,1.00,13568.00,5384.00,698.00,2000.00,0.00,5486.00
2025,6,DL,Delta Air Lines Network,DAB,"Daytona Beach, FL: Daytona Beach International",144.00,39.00,20.62,1.93,4.67,0.00,11.78,4.00,1.00,2441.00,1264.00,90.00,326.00,0.00,761.00
2025,6,DL,Delta Air Lines Network,DAL,"Dallas, TX: Dallas Love Field",166.00,50.00,23.82,0.73,6.37,0.00,19.08,11.00,0.00,3789.00,1642.00,39.00,665.00,0.00,1443.00
2025,6,DL,Delta Air Lines Network,DAY,"Dayton, OH: James M Cox/Dayton International",112.00,31.00,16.65,0.45,3.37,0.00,10.53,4.00,0.00,2658.00,1482.00,34.00,153.00,0.00,989.00
2025,6,DL,Delta Air Lines Network,DCA,"Washington, DC: Ronald Reagan Washington National",782.00,284.00,88.85,8.86,127.49,0.00,58.79,19.00,14.00,24129.00,6601.00,852.00,10613.00,0.00,6063.00
2025,6,DL,Delta Air Lines Network,DEN,"Denver, CO: Denver International",1075.00,397.00,119.45,9.97,181.99,0.00,85.59,13.00,7.00,29600.00,10674.00,1129.00,11135.00,0.00,6662.00
2025,6,DL,Delta Air Lines Network,DFW,"Dallas/Fort Worth, TX: Dallas/Fort Worth International",1025.00,356.00,136.87,11.79,116.11,0.00,91.23,16.00,11.00,28072.00,12266.00,1255.00,7000.00,0.00,7551.00
2025,6,DL,Delta Air Lines Network,DLH,"Duluth, MN: Duluth International",4.00,1.00,1.00,0.00,0.00,0.00,0.00,0.00,0.00,15.00,15.00,0.00,0.00,0.00,0.00
2025,6,DL,Delta Air Lines Network,DSM,"Des Moines, IA: Des Moines International",114.00,38.00,17.55,1.04,3.45,0.00,15.95,2.00,0.00,2631.00,757.00,618.00,206.00,0.00,1050.00
2025,6,DL,Delta Air Lines Network,DTW,"Detroit, MI: Detroit Metro Wayne County",5319.00,1136.00,324.12,46.11,262.61,1.72,501.44,62.00,6.00,100559.00,37114.00,6782.00,14586.00,94.00,41983.00
2025,6,DL,Delta Air Lines Network,ECP,"Panama City, FL: Northwest Florida Beaches International",214.00,67.00,29.23,3.66,14.32,0.00,19.79,4.00,1.00,5162.00,2562.00,309.00,795.00,0.00,1496.00
2025,6,DL,Delta Air Lines Network,ELP,"El Paso, TX: El Paso International",60.00,19.00,10.22,2.08,3.61,0.00,3.08,0.00,0.00,1424.00,698.00,253.00,212.00,0.00,261.00
2025,6,DL,Delta Air Lines Network,EWR,"Newark, NJ: Newark Liberty International",554.00,184.00,65.23,5.84,89.03,1.00,22.90,19.00,5.00,16045.00,4985.00,531.00,8892.00,54.00,1583.00
2025,6,DL,Delta Air Lines Network,EYW,"Key West, FL: Key West International",120.00,33.00,14.15,1.02,13.64,0.00,4.19,1.00,0.00,1725.00,920.00,33.00,665.00,0.00,107.00
2025,6,DL,Delta Air Lines Network,FAI,"Fairbanks, AK: Fairbanks International",99.00,26.00,10.59,0.00,4.19,0.00,11.23,0.00,0.00,1169.00,466.00,0.00,109.00,0.00,594.00
2025,6,DL,Delta Air Lines Network,FAR,"Fargo, ND: Hector International",60.00,22.00,14.75,0.91,0.84,0.00,5.49,0.00,1.00,1147.00,696.00,137.00,48.00,0.00,266.00
2025,6,DL,Delta Air Lines Network,FAT,"Fresno, CA: Fresno Yosemite International",30.00,15.00,4.80,3.24,5.22,0.00,1.74,1.00,0.00,1027.00,324.00,388.00,233.00,0.00,82.00
2025,6,DL,Delta Air Lines Network,FAY,"Fayetteville, NC: Fayetteville Regional/Grannis Field",27.00,12.00,6.28,0.90,2.30,0.00,2.52,1.00,0.00,834.00,382.00,127.00,157.00,0.00,168.00
2025,6,DL,Delta Air Lines Network,FCA,"Kalispell, MT: Glacier Park International",75.00,18.00,16.55,0.00,1.45,0.00,0.00,2.00,0.00,617.00,586.00,0.00,31.00,0.00,0.00
2025,6,DL,Delta Air Lines Network,FLL,"Fort Lauderdale, FL: Fort Lauderdale-Hollywood International",986.00,316.00,109.80,12.02,100.55,1.63,91.99,18.00,3.00,21019.00,6521.00,1296.00,6279.00,78.00,6845.00
2025,6,DL,Delta Air Lines Network,FSD,"Sioux Falls, SD: Joe Foss Field",60.00,20.00,9.76,1.52,3.24,0.00,5.49,3.00,0.00,1181.00,387.00,237.00,156.00,0.00,401.00
2025,6,DL,Delta Air Lines Network,GEG,"Spokane, WA: Spokane International",281.00,70.00,32.64,1.68,10.41,0.00,25.27,1.00,0.00,4032.00,2028.00,267.00,365.00,0.00,1372.00
2025,6,DL,Delta Air Lines Network,GNV,"Gainesville, FL: Gainesville Regional",144.00,35.00,17.12,1.07,3.00,0.00,13.81,3.00,0.00,2230.00,1097.00,80.00,122.00,0.00,931.00
2025,6,DL,Delta Air Lines Network,GPT,"Gulfport/Biloxi, MS: Gulfport-Biloxi International",114.00,39.00,17.22,1.30,4.87,0.00,15.61,4.00,0.00,2767.00,1282.00,64.00,224.00,0.00,1197.00
2025,6,DL,Delta Air Lines Network,GRB,"Green Bay, WI: Green Bay Austin Straubel International",30.00,12.00,6.58,1.58,2.16,0.00,1.68,1.00,0.00,1104.00,674.00,155.00,89.00,0.00,186.00
2025,6,DL,Delta Air Lines Network,GRR,"Grand Rapids, MI: Gerald R. Ford International",180.00,54.00,24.95,1.32,8.00,0.00,19.74,3.00,0.00,3859.00,1599.00,114.00,431.00,0.00,1715.00
2025,6,DL,Delta Air Lines Network,GSO,"Greensboro/High Point, NC: Piedmont Triad International",236.00,90.00,38.57,7.25,17.49,0.00,26.69,9.00,0.00,5521.00,2215.00,662.00,929.00,0.00,1715.00
2025,6,DL,Delta Air Lines Network,GSP,"Greer, SC: Greenville-Spartanburg International",266.00,94.00,47.23,7.32,17.37,0.49,21.59,5.00,0.00,5836.00,2780.00,688.00,940.00,83.00,1345.00
2025,6,DL,Delta Air Lines Network,HNL,"Honolulu, HI: Daniel K Inouye International",300.00,52.00,29.90,0.15,11.99,0.00,9.97,1.00,1.00,3481.00,2700.00,7.00,333.00,0.00,441.00
2025,6,DL,Delta Air Lines Network,HOU,"Houston, TX: William P Hobby",136.00,39.00,18.75,1.43,8.50,0.00,10.32,4.00,1.00,2318.00,1119.00,112.00,340.00,0.00,747.00
2025,6,DL,Delta Air Lines Network,HPN,"White Plains, NY: Westchester County",60.00,21.00,8.30,0.44,8.79,0.00,3.48,1.00,2.00,1358.00,454.00,42.00,582.00,0.00,280.00
2025,6,DL,Delta Air Lines Network,HSV,"Huntsville, AL: Huntsville International-Carl T Jones Field",222.00,75.00,42.52,3.78,6.16,0.00,22.53,5.00,1.00,5381.00,3011.00,318.00,439.00,0.00,1613.00
2025,6,DL,Delta Air Lines Network,IAD,"Washington, DC: Washington Dulles International",251.00,76.00,30.28,4.05,15.83,0.00,25.84,9.00,0.00,5305.00,2247.00,415.00,694.00,0.00,1949.00
2025,6,DL,Delta Air Lines Network,IAH,"Houston, TX: George Bush Intercontinental/Houston",689.00,204.00,68.59,7.75,86.70,0.00,40.96,14.00,9.00,17137.00,6738.00,927.00,6031.00,0.00,3441.00
2025,6,DL,Delta Air Lines Network,ICT,"Wichita, KS: Wichita Dwight D Eisenhower National",89.00,27.00,12.89,2.38,5.18,0.00,6.55,1.00,2.00,1460.00,531.00,121.00,210.00,0.00,598.00
2025,6,DL,Delta Air Lines Network,IDA,"Idaho Falls, ID: Idaho Falls Regional",30.00,9.00,5.79,0.00,0.21,0.00,3.00,0.00,0.00,415.00,312.00,0.00,7.00,0.00,96.00
2025,6,DL,Delta Air Lines Network,ILM,"Wilmington, NC: Wilmington International",111.00,37.00,18.45,2.26,7.97,0.00,8.32,4.00,0.00,3103.00,2091.00,124.00,410.00,0.00,478.00
2025,6,DL,Delta Air Lines Network,IND,"Indianapolis, IN: Indianapolis International",413.00,99.00,50.74,5.59,18.16,0.00,24.50,4.00,0.00,5828.00,3274.00,284.00,889.00,0.00,1381.00
2025,6,DL,Delta Air Lines Network,JAC,"Jackson, WY: Jackson Hole",73.00,25.00,11.95,2.05,6.10,0.00,4.90,1.00,0.00,1614.00,612.00,206.00,351.00,0.00,445.00
2025,6,DL,Delta Air Lines Network,JAN,"Jackson/Vicksburg, MS: Jackson Medgar Wiley Evers International",186.00,65.00,33.84,5.50,8.58,0.00,17.07,8.00,0.00,6196.00,3252.00,797.00,455.00,0.00,1692.00
2025,6,DL,Delta Air Lines Network,JAX,"Jacksonville, FL: Jacksonville International",451.00,166.00,73.26,10.29,36.89,0.00,45.56,13.00,2.00,11418.00,5319.00,812.00,1776.00,0.00,3511.00
2025,6,DL,Delta Air Lines Network,JFK,"New York, NY: John F. Kennedy International",2599.00,755.00,197.04,32.75,351.14,1.00,173.07,37.00,16.00,68059.00,21551.00,3287.00,25826.00,27.00,17368.00
2025,6,DL,Delta Air Lines Network,JNU,"Juneau, AK: Juneau International",23.00,8.00,4.17,0.00,1.41,0.00,2.42,0.00,0.00,288.00,168.00,0.00,24.00,0.00,96.00
2025,6,DL,Delta Air Lines Network,KOA,"Kona, HI: Ellison Onizuka Kona International at Keahole",60.00,6.00,3.00,0.00,0.14,0.00,2.86,0.00,0.00,604.00,489.00,0.00,10.00,0.00,105.00
2025,6,DL,Delta Air Lines Network,LAS,"Las Vegas, NV: Harry Reid International",1378.00,333.00,135.85,16.53,92.79,0.00,87.84,12.00,6.00,20810.00,9364.00,1290.00,4581.00,0.00,5575.00
2025,6,DL,Delta Air Lines Network,LAX,"Los Angeles, CA: Los Angeles International",3279.00,629.00,239.19,30.71,123.11,0.00,235.99,29.00,3.00,48170.00,22481.00,2371.00,5767.00,0.00,17551.00
2025,6,DL,Delta Air Lines Network,LEX,"Lexington, KY: Blue Grass",190.00,69.00,33.75,3.70,5.03,0.00,26.52,5.00,0.00,4487.00,1939.00,285.00,252.00,0.00,2011.00
2025,6,DL,Delta Air Lines Network,LGA,"New York, NY: LaGuardia",2394.00,808.00,216.02,33.34,304.47,0.00,254.17,65.00,23.00,81209.00,24577.00,3713.00,29898.00,0.00,23021.00
2025,6,DL,Delta Air Lines Network,LGB,"Long Beach, CA: Long Beach Airport",30.00,3.00,2.52,0.00,0.10,0.00,0.38,1.00,0.00,282.00,264.00,0.00,7.00,0.00,11.00
2025,6,DL,Delta Air Lines Network,LIH,"Lihue, HI: Lihue Airport",60.00,16.00,5.67,0.00,4.05,0.00,6.28,0.00,0.00,921.00,451.00,0.00,102.00,0.00,368.00
2025,6,DL,Delta Air Lines Network,LIT,"Little Rock, AR: Bill and Hillary Clinton Nat Adams Field",191.00,57.00,29.92,5.09,8.70,0.00,13.28,4.00,1.00,4650.00,2520.00,587.00,383.00,0.00,1160.00
2025,6,DL,Delta Air Lines Network,MCI,"Kansas City, MO: Kansas City International",718.00,180.00,83.28,5.89,40.87,1.00,48.96,10.00,8.00,14864.00,8550.00,532.00,1967.00,80.00,3735.00
2025,6,DL,Delta Air Lines Network,MCO,"Orlando, FL: Orlando International",1699.00,639.00,243.06,16.89,234.19,0.70,144.17,24.00,6.00,49136.00,20644.00,1336.00,14901.00,94.00,12161.00
2025,6,DL,Delta Air Lines Network,MDT,"Harrisburg, PA: Harrisburg International",84.00,27.00,14.83,2.28,3.06,0.00,6.83,2.00,0.00,1430.00,797.00,77.00,139.00,0.00,417.00
2025,6,DL,Delta Air Lines Network,MDW,"Chicago, IL: Chicago Midway International",136.00,36.00,22.76,2.30,5.09,0.00,5.85,7.00,0.00,2337.00,1634.00,164.00,221.00,0.00,318.00
2025,6,DL,Delta Air Lines Network,MEM,"Memphis, TN: Memphis International",387.00,94.00,48.15,5.98,18.17,0.00,21.71,14.00,1.00,6214.00,3521.00,647.00,794.00,0.00,1252.00
2025,6,DL,Delta Air Lines Network,MIA,"Miami, FL: Miami International",909.00,317.00,136.60,9.04,104.54,0.00,66.82,13.00,6.00,24634.00,11907.00,718.00,6717.00,0.00,5292.00
2025,6,DL,Delta Air Lines Network,MKE,"Milwaukee, WI: General Mitchell International",411.00,110.00,59.73,5.19,18.96,0.00,26.12,6.00,0.00,7918.00,5114.00,350.00,881.00,0.00,1573.00
2025,6,DL,Delta Air Lines Network,MLB,"Melbourne, FL: Melbourne Orlando International",119.00,33.00,16.71,0.43,3.64,0.00,12.22,5.00,0.00,2054.00,937.00,52.00,164.00,0.00,901.00
2025,6,DL,Delta Air Lines Network,MOB,"Mobile, AL: Mobile Regional",68.00,32.00,14.84,1.69,3.38,0.00,12.09,4.00,0.00,2753.00,1491.00,110.00,157.00,0.00,995.00
2025,6,DL,Delta Air Lines Network,MSN,"Madison, WI: Dane County Regional-Truax Field",157.00,46.00,27.80,2.51,4.66,0.00,11.03,1.00,1.00,3558.00,2339.00,124.00,248.00,0.00,847.00
2025,6,DL,Delta Air Lines Network,MSO,"Missoula, MT: Missoula Montana",83.00,32.00,15.12,0.00,4.61,0.00,12.27,0.00,0.00,2352.00,629.00,0.00,989.00,0.00,734.00
2025,6,DL,Delta Air Lines Network,MSP,"Minneapolis, MN: Minneapolis-St Paul International",6245.00,1215.00,393.88,51.10,249.17,0.00,520.85,50.00,7.00,101202.00,41371.00,6694.00,13524.00,0.00,39613.00
2025,6,DL,Delta Air Lines Network,MSY,"New Orleans, LA: Louis Armstrong New Orleans International",617.00,163.00,62.50,9.47,53.53,0.00,37.50,13.00,11.00,11365.00,4741.00,660.00,3097.00,0.00,2867.00
2025,6,DL,Delta Air Lines Network,MYR,"Myrtle Beach, SC: Myrtle Beach International",246.00,63.00,26.68,3.34,18.11,0.00,14.87,6.00,2.00,4381.00,2369.00,240.00,746.00,0.00,1026.00
2025,6,DL,Delta Air Lines Network,OAK,"Oakland, CA: Oakland International",6.00,0.00,0.00,0.00,0.00,0.00,0.00,0.00,0.00,0.00,0.00,0.00,0.00,0.00,0.00
2025,6,DL,Delta Air Lines Network,OGG,"Kahului, HI: Kahului Airport",90.00,9.00,5.54,0.00,2.54,0.00,0.93,0.00,0.00,693.00,505.00,0.00,163.00,0.00,25.00
2025,6,DL,Delta Air Lines Network,OKC,"Oklahoma City, OK: Okc Will Rogers International",144.00,49.00,25.50,5.41,6.54,0.00,11.55,5.00,1.00,3460.00,2236.00,334.00,342.00,0.00,548.00
2025,6,DL,Delta Air Lines Network,OMA,"Omaha, NE: Eppley Airfield",146.00,50.00,23.41,2.82,6.86,0.00,16.91,5.00,0.00,2639.00,1254.00,163.00,275.00,0.00,947.00
2025,6,DL,Delta Air Lines Network,ONT,"Ontario, CA: Ontario International",171.00,50.00,24.60,2.39,10.32,0.00,12.70,3.00,0.00,3145.00,1845.00,131.00,400.00,0.00,769.00
2025,6,DL,Delta Air Lines Network,ORD,"Chicago, IL: Chicago O'Hare International",1079.00,352.00,123.06,9.00,141.91,0.00,78.04,17.00,2.00,25374.00,10193.00,605.00,8389.00,0.00,6187.00
2025,6,DL,Delta Air Lines Network,ORF,"Norfolk, VA: Norfolk International",289.00,111.00,52.23,9.06,29.38,0.00,20.34,5.00,1.00,7711.00,3455.00,1002.00,1468.00,0.00,1786.00
2025,6,DL,Delta Air Lines Network,PBI,"West Palm Beach/Palm Beach, FL: Palm Beach International",593.00,226.00,101.20,7.86,55.60,0.00,61.34,14.00,1.00,18915.00,9113.00,552.00,3395.00,0.00,5855.00
2025,6,DL,Delta Air Lines Network,PDX,"Portland, OR: Portland International",702.00,135.00,60.80,9.73,26.75,0.00,37.73,8.00,1.00,7740.00,3286.00,1172.00,1284.00,0.00,1998.00
2025,6,DL,Delta Air Lines Network,PHL,"Philadelphia, PA: Philadelphia International",587.00,184.00,65.17,9.81,70.79,0.00,38.23,8.00,1.00,12358.00,4616.00,935.00,4179.00,0.00,2628.00
2025,6,DL,Delta Air Lines Network,PHX,"Phoenix, AZ: Phoenix Sky Harbor International",874.00,209.00,87.05,4.74,55.82,0.00,61.39,5.00,1.00,13127.00,7448.00,643.00,2035.00,0.00,3001.00
2025,6,DL,Delta Air Lines Network,PIT,"Pittsburgh, PA: Pittsburgh International",316.00,70.00,27.78,4.18,20.13,1.00,16.91,9.00,1.00,3915.00,1839.00,217.00,671.00,96.00,1092.00
2025,6,DL,Delta Air Lines Network,PNS,"Pensacola, FL: Pensacola International",262.00,76.00,33.49,7.13,17.53,0.00,17.86,6.00,0.00,5073.00,2181.00,1161.00,754.00,0.00,977.00
2025,6,DL,Delta Air Lines Network,PSC,"Pasco/Kennewick/Richland, WA: Tri Cities",60.00,14.00,4.58,0.00,4.78,0.00,4.64,1.00,0.00,612.00,165.00,0.00,154.00,0.00,293.00
2025,6,DL,Delta Air Lines Network,PSP,"Palm Springs, CA: Palm Springs International",1.00,0.00,0.00,0.00,0.00,0.00,0.00,0.00,0.00,0.00,0.00,0.00,0.00,0.00,0.00
2025,6,DL,Delta Air Lines Network,PVD,"Providence, RI: Rhode Island Tf Green International",112.00,47.00,18.67,4.82,6.75,0.00,16.75,3.00,0.00,2857.00,1042.00,382.00,304.00,0.00,1129.00
2025,6,DL,Delta Air Lines Network,PWM,"Portland, ME: Portland International Jetport",157.00,45.00,15.52,2.58,14.74,0.00,12.16,3.00,0.00,3209.00,1585.00,149.00,595.00,0.00,880.00
2025,6,DL,Delta Air Lines Network,RAP,"Rapid City, SD: Rapid City Regional",4.00,0.00,0.00,0.00,0.00,0.00,0.00,1.00,0.00,0.00,0.00,0.00,0.00,0.00,0.00
2025,6,DL,Delta Air Lines Network,RDU,"Raleigh/Durham, NC: Raleigh-Durham International",1047.00,290.00,100.04,9.97,81.17,0.00,98.81,9.00,3.00,20266.00,8027.00,1226.00,3256.00,0.00,7757.00
2025,6,DL,Delta Air Lines Network,RIC,"Richmond, VA: Richmond International",280.00,84.00,39.66,6.69,19.49,0.00,18.16,9.00,0.00,5837.00,2958.00,745.00,992.00,0.00,1142.00
2025,6,DL,Delta Air Lines Network,RNO,"Reno, NV: Reno/Tahoe International",113.00,40.00,24.68,1.26,4.75,0.00,9.31,3.00,0.00,3506.00,2726.00,93.00,158.00,0.00,529.00
2025,6,DL,Delta Air Lines Network,ROA,"Roanoke, VA: Roanoke Blacksburg Regional",30.00,13.00,7.19,0.18,2.67,0.00,2.97,2.00,0.00,593.00,317.00,11.00,81.00,0.00,184.00
2025,6,DL,Delta Air Lines Network,ROC,"Rochester, NY: Frederick Douglass Grtr Rochester International",90.00,32.00,17.80,0.49,7.77,0.00,5.94,4.00,0.00,1638.00,1047.00,22.00,302.00,0.00,267.00
2025,6,DL,Delta Air Lines Network,RSW,"Fort Myers, FL: Southwest Florida International",565.00,146.00,61.97,6.78,47.45,0.00,29.80,12.00,3.00,9916.00,4577.00,910.00,2109.00,0.00,2320.00
2025,6,DL,Delta Air Lines Network,SAN,"San Diego, CA: San Diego International",829.00,204.00,82.24,11.98,59.25,1.00,49.52,4.00,0.00,11547.00,4837.00,1147.00,2130.00,22.00,3411.00
2025,6,DL,Delta Air Lines Network,SAT,"San Antonio, TX: San Antonio International",599.00,158.00,83.18,6.66,28.95,0.00,39.21,11.00,6.00,11493.00,6137.00,818.00,1314.00,0.00,3224.00
2025,6,DL,Delta Air Lines Network,SAV,"Savannah, GA: Savannah/Hilton Head International",318.00,102.00,43.22,6.13,27.79,0.00,24.87,10.00,0.00,7186.00,3340.00,659.00,1164.00,0.00,2023.00
2025,6,DL,Delta Air Lines Network,SBA,"Santa Barbara, CA: Santa Barbara Municipal",30.00,14.00,4.51,2.85,3.44,0.00,3.20,1.00,0.00,2216.00,1373.00,328.00,189.00,0.00,326.00
2025,6,DL,Delta Air Lines Network,SDF,"Louisville, KY: Louisville Muhammad Ali International",225.00,73.00,36.72,3.76,15.77,0.00,16.76,8.00,0.00,5075.00,2429.00,572.00,818.00,0.00,1256.00
2025,6,DL,Delta Air Lines Network,SEA,"Seattle, WA: Seattle/Tacoma International",2849.00,496.00,205.14,15.36,118.60,0.00,156.89,18.00,7.00,34600.00,15031.00,1772.00,5034.00,0.00,12763.00
2025,6,DL,Delta Air Lines Network,SFO,"San Francisco, CA: San Francisco International",1188.00,292.00,122.05,4.94,76.11,1.00,87.91,8.00,2.00,17466.00,8979.00,270.00,2956.00,73.00,5188.00
2025,6,DL,Delta Air Lines Network,SGF,"Springfield, MO: Springfield-Branson National",38.00,19.00,10.29,1.26,3.11,0.00,4.34,1.00,0.00,1579.00,842.00,189.00,197.00,0.00,351.00
2025,6,DL,Delta Air Lines Network,SHV,"Shreveport, LA: Shreveport Regional",1.00,0.00,0.00,0.00,0.00,0.00,0.00,0.00,0.00,0.00,0.00,0.00,0.00,0.00,0.00
2025,6,DL,Delta Air Lines Network,SJC,"San Jose, CA: Norman Y. Mineta San Jose International",233.00,51.00,22.86,3.73,10.49,0.00,13.92,2.00,0.00,3481.00,1460.00,830.00,409.00,0.00,782.00
2025,6,DL,Delta Air Lines Network,SJU,"San Juan, PR: Luis Munoz Marin International",304.00,69.00,35.05,5.46,19.40,0.63,8.46,2.00,0.00,4162.00,2133.00,497.00,893.00,31.00,608.00
2025,6,DL,Delta Air Lines Network,SLC,"Salt Lake City, UT: Salt Lake City International",4641.00,795.00,292.67,34.94,145.89,0.95,320.55,27.00,7.00,63193.00,29930.00,2700.00,6154.00,69.00,24340.00
2025,6,DL,Delta Air Lines Network,SMF,"Sacramento, CA: Sacramento International",350.00,69.00,28.08,2.72,17.90,0.00,20.30,2.00,0.00,4177.00,1849.00,75.00,597.00,0.00,1656.00
2025,6,DL,Delta Air Lines Network,SNA,"Santa Ana, CA: John Wayne Airport-Orange County",372.00,88.00,48.34,2.57,17.02,0.00,20.07,1.00,1.00,5653.00,3644.00,213.00,690.00,0.00,1106.00
2025,6,DL,Delta Air Lines Network,SRQ,"Sarasota/Bradenton, FL: Sarasota/Bradenton International",232.00,65.00,25.18,2.99,18.57,0.00,18.26,7.00,1.00,3988.00,1610.00,310.00,971.00,0.00,1097.00
2025,6,DL,Delta Air Lines Network,STL,"St. Louis, MO: St Louis Lambert International",489.00,117.00,63.22,6.75,17.48,0.00,29.55,7.00,0.00,7727.00,4525.00,431.00,787.00,0.00,1984.00
2025,6,DL,Delta Air Lines Network,STT,"Charlotte Amalie, VI: Cyril E King",94.00,21.00,6.49,0.00,12.61,0.00,1.90,0.00,0.00,771.00,386.00,0.00,324.00,0.00,61.00
2025,6,DL,Delta Air Lines Network,STX,"Christiansted, VI: Henry E. Rohlsen",4.00,0.00,0.00,0.00,0.00,0.00,0.00,1.00,0.00,0.00,0.00,0.00,0.00,0.00,0.00
2025,6,DL,Delta Air Lines Network,SYR,"Syracuse, NY: Syracuse Hancock International",120.00,40.00,17.07,4.75,6.36,0.00,11.82,1.00,0.00,2736.00,864.00,688.00,271.00,0.00,913.00
2025,6,DL,Delta Air Lines Network,TLH,"Tallahassee, FL: Tallahassee International",132.00,50.00,25.06,5.68,6.25,0.00,13.01,6.00,0.00,4589.00,2491.00,940.00,282.00,0.00,876.00
2025,6,DL,Delta Air Lines Network,TPA,"Tampa, FL: Tampa International",1151.00,382.00,153.02,11.18,97.09,0.00,120.71,14.00,17.00,30206.00,13266.00,1472.00,5055.00,0.00,10413.00
2025,6,DL,Delta Air Lines Network,TRI,"Bristol/Johnson City/Kingsport, TN: Tri Cities",54.00,18.00,8.59,1.58,1.02,0.00,6.82,3.00,0.00,1063.00,552.00,56.00,40.00,0.00,415.00
2025,6,DL,Delta Air Lines Network,TUL,"Tulsa, OK: Tulsa International",143.00,50.00,25.82,1.13,7.03,0.00,16.02,6.00,1.00,3389.00,2006.00,85.00,292.00,0.00,1006.00
2025,6,DL,Delta Air Lines Network,TUS,"Tucson, AZ: Tucson International",60.00,15.00,8.71,1.35,2.47,0.00,2.47,2.00,0.00,808.00,548.00,63.00,102.00,0.00,95.00
2025,6,DL,Delta Air Lines Network,TVC,"Traverse City, MI: Cherry Capital",50.00,18.00,6.94,0.00,1.51,0.00,9.55,2.00,0.00,1337.00,548.00,0.00,46.00,0.00,743.00
2025,6,DL,Delta Air Lines Network,TYS,"Knoxville, TN: McGhee Tyson",154.00,62.00,36.27,2.64,6.91,0.00,16.19,7.00,0.00,3871.00,2271.00,135.00,510.00,0.00,955.00
2025,6,DL,Delta Air Lines Network,VPS,"Valparaiso, FL: Eglin AFB Destin Fort Walton Beach",256.00,67.00,31.93,3.72,8.83,0.00,22.52,6.00,1.00,5288.00,2394.00,144.00,516.00,0.00,2234.00
2025,6,DL,Delta Air Lines Network,XNA,"Fayetteville, AR: Northwest Arkansas National",51.00,14.00,5.24,2.70,0.49,0.00,5.57,2.00,0.00,1445.00,594.00,281.00,39.00,0.00,531.00
2025,6,F9,Frontier Airlines,ATL,"Atlanta, GA: Hartsfield-Jackson Atlanta International",1390.00,667.00,162.70,8.92,240.01,0.00,255.37,78.00,7.00,57019.00,13764.00,741.00,15168.00,0.00,27346.00
2025,6,F9,Frontier Airlines,AUS,"Austin, TX: Austin - Bergstrom International",155.00,59.00,16.11,1.42,24.23,0.00,17.23,2.00,0.00,4332.00,1320.00,126.00,1525.00,0.00,1361.00
2025,6,F9,Frontier Airlines,BDL,"Hartford, CT: Bradley International",56.00,15.00,2.94,1.40,6.75,0.00,3.91,2.00,0.00,928.00,213.00,47.00,253.00,0.00,415.00
2025,6,F9,Frontier Airlines,BNA,"Nashville, TN: Nashville International",77.00,30.00,8.72,2.67,4.24,0.00,14.38,0.00,1.00,1935.00,552.00,185.00,252.00,0.00,946.00
2025,6,F9,Frontier Airlines,BOI,"Boise, ID: Boise Air Terminal",9.00,5.00,2.71,0.00,0.35,0.00,1.95,0.00,0.00,321.00,121.00,0.00,10.00,0.00,190.00
2025,6,F9,Frontier Airlines,BOS,"Boston, MA: Logan International",82.00,19.00,4.94,0.07,2.39,0.00,11.60,3.00,0.00,1166.00,241.00,5.00,95.00,0.00,825.00
2025,6,F9,Frontier Airlines,BQN,"Aguadilla, PR: Rafael Hernandez",39.00,11.00,6.77,0.00,0.62,0.00,3.61,0.00,0.00,926.00,624.00,0.00,23.00,0.00,279.00
2025,6,F9,Frontier Airlines,BTV,"Burlington, VT: Patrick Leahy Burlington International",3.00,3.00,0.68,0.00,1.88,0.00,0.45,0.00,0.00,140.00,21.00,0.00,102.00,0.00,17.00
2025,6,F9,Frontier Airlines,BUF,"Buffalo, NY: Buffalo Niagara International",83.00,23.00,7.92,0.00,5.13,0.00,9.95,2.00,0.00,1755.00,474.00,0.00,266.00,0.00,1015.00
2025,6,F9,Frontier Airlines,BUR,"Burbank, CA: Bob Hope",9.00,2.00,0.80,0.00,0.26,0.00,0.93,0.00,0.00,251.00,93.00,0.00,30.00,0.00,128.00
2025,6,F9,Frontier Airlines,BWI,"Baltimore, MD: Baltimore/Washington International Thurgood Marshall",277.00,117.00,41.70,4.10,26.81,0.00,44.38,10.00,0.00,9978.00,3943.00,274.00,1386.00,0.00,4375.00
2025,6,F9,Frontier Airlines,CHS,"Charleston, SC: Charleston AFB/International",9.00,1.00,0.64,0.00,0.36,0.00,0.00,2.00,0.00,25.00,16.00,0.00,9.00,0.00,0.00
2025,6,F9,Frontier Airlines,CID,"Cedar Rapids/Iowa City, IA: The Eastern Iowa",15.00,6.00,1.88,0.77,1.48,0.00,1.87,0.00,0.00,258.00,70.00,26.00,31.00,0.00,131.00
2025,6,F9,Frontier Airlines,CLE,"Cleveland, OH: Cleveland-Hopkins International",511.00,143.00,44.94,4.97,27.38,0.00,65.71,11.00,1.00,11054.00,3768.00,213.00,1440.00,0.00,5633.00
2025,6,F9,Frontier Airlines,CLT,"Charlotte, NC: Charlotte Douglas International",206.00,69.00,21.01,0.00,20.72,0.00,27.27,6.00,0.00,5517.00,1345.00,0.00,1188.00,0.00,2984.00
2025,6,F9,Frontier Airlines,CMH,"Columbus, OH: John Glenn Columbus International",31.00,8.00,2.03,0.36,0.98,0.00,4.63,3.00,0.00,944.00,276.00,41.00,118.00,0.00,509.00
2025,6,F9,Frontier Airlines,CVG,"Cincinnati, OH: Cincinnati/Northern Kentucky International",257.00,79.00,18.55,2.99,11.91,0.00,45.54,6.00,0.00,6470.00,1146.00,334.00,701.00,0.00,4289.00
2025,6,F9,Frontier Airlines,DCA,"Washington, DC: Ronald Reagan Washington National",79.00,33.00,13.19,1.00,13.57,0.00,5.24,0.00,1.00,3112.00,1173.00,787.00,719.00,0.00,433.00
2025,6,F9,Frontier Airlines,DEN,"Denver, CO: Denver International",1824.00,665.00,155.54,16.67,234.49,0.00,258.30,27.00,1.00,54627.00,12874.00,1379.00,16439.00,0.00,23935.00
2025,6,F9,Frontier Airlines,DFW,"Dallas/Fort Worth, TX: Dallas/Fort Worth International",704.00,242.00,62.18,5.95,61.34,0.00,112.53,25.00,1.00,19345.00,5625.00,807.00,3550.00,0.00,9363.00
2025,6,F9,Frontier Airlines,DSM,"Des Moines, IA: Des Moines International",9.00,2.00,0.85,0.00,0.88,0.00,0.27,0.00,0.00,65.00,17.00,0.00,44.00,0.00,4.00
2025,6,F9,Frontier Airlines,DTW,"Detroit, MI: Detroit Metro Wayne County",203.00,57.00,28.87,0.00,5.13,0.00,23.00,4.00,0.00,4515.00,1480.00,0.00,161.00,0.00,2874.00
2025,6,F9,Frontier Airlines,ELP,"El Paso, TX: El Paso International",41.00,4.00,2.39,0.80,0.37,0.00,0.44,0.00,0.00,236.00,86.00,106.00,36.00,0.00,8.00
2025,6,F9,Frontier Airlines,EWR,"Newark, NJ: Newark Liberty International",90.00,39.00,19.80,0.00,9.41,0.00,9.79,4.00,0.00,3348.00,2216.00,0.00,419.00,0.00,713.00
2025,6,F9,Frontier Airlines,FAR,"Fargo, ND: Hector International",20.00,6.00,2.38,0.00,0.00,0.00,3.62,0.00,0.00,586.00,304.00,0.00,0.00,0.00,282.00
2025,6,F9,Frontier Airlines,FLL,"Fort Lauderdale, FL: Fort Lauderdale-Hollywood International",110.00,51.00,16.01,0.96,7.99,0.00,26.04,4.00,2.00,4849.00,1165.00,60.00,528.00,0.00,3096.00
2025,6,F9,Frontier Airlines,FSD,"Sioux Falls, SD: Joe Foss Field",20.00,8.00,1.41,0.00,0.37,0.00,6.22,0.00,0.00,530.00,78.00,0.00,30.00,0.00,422.00
2025,6,F9,Frontier Airlines,GEG,"Spokane, WA: Spokane International",11.00,3.00,1.32,0.00,0.50,0.00,1.18,0.00,0.00,154.00,64.00,0.00,31.00,0.00,59.00
2025,6,F9,Frontier Airlines,GRB,"Green Bay, WI: Green Bay Austin Straubel International",9.00,2.00,0.00,0.00,0.00,0.00,2.00,1.00,0.00,51.00,0.00,0.00,0.00,0.00,51.00
2025,6,F9,Frontier Airlines,GRR,"Grand Rapids, MI: Gerald R. Ford International",47.00,11.00,3.33,0.13,2.82,0.00,4.72,0.00,0.00,754.00,259.00,13.00,105.00,0.00,377.00
2025,6,F9,Frontier Airlines,IAD,"Washington, DC: Washington Dulles International",175.00,81.00,17.14,3.00,35.69,0.00,25.16,6.00,0.00,7056.00,1101.00,1224.00,1941.00,0.00,2790.00
2025,6,F9,Frontier Airlines,IAH,"Houston, TX: George Bush Intercontinental/Houston",323.00,141.00,33.15,1.22,39.77,0.00,66.85,9.00,2.00,12645.00,2815.00,81.00,3151.00,0.00,6598.00
2025,6,F9,Frontier Airlines,IND,"Indianapolis, IN: Indianapolis International",87.00,27.00,7.35,0.33,7.69,0.00,11.62,2.00,0.00,1848.00,497.00,17.00,408.00,0.00,926.00
2025,6,F9,Frontier Airlines,ISP,"Islip, NY: Long Island MacArthur",82.00,35.00,5.44,2.29,3.73,0.00,23.54,4.00,1.00,5431.00,1347.00,201.00,221.00,0.00,3662.00
2025,6,F9,Frontier Airlines,JAX,"Jacksonville, FL: Jacksonville International",67.00,16.00,4.23,0.00,6.37,0.00,5.40,2.00,0.00,1476.00,548.00,0.00,294.00,0.00,634.00
2025,6,F9,Frontier Airlines,JFK,"New York, NY: John F. Kennedy International",298.00,86.00,32.69,2.85,29.00,0.00,21.45,9.00,1.00,6693.00,2719.00,297.00,1467.00,0.00,2210.00
2025,6,F9,Frontier Airlines,LAS,"Las Vegas, NV: Harry Reid International",992.00,339.00,102.23,10.26,60.05,0.00,166.46,29.00,8.00,32895.00,9498.00,1153.00,3198.00,0.00,19046.00
2025,6,F9,Frontier Airlines,LAX,"Los Angeles, CA: Los Angeles International",419.00,142.00,45.28,5.44,34.80,0.00,56.48,11.00,1.00,9890.00,2901.00,950.00,1750.00,0.00,4289.00
2025,6,F9,Frontier Airlines,LGA,"New York, NY: LaGuardia",207.00,71.00,18.49,1.65,30.29,0.00,20.56,20.00,0.00,6299.00,1120.00,45.00,2442.00,0.00,2692.00
2025,6,F9,Frontier Airlines,LIT,"Little Rock, AR: Bill and Hillary Clinton Nat Adams Field",9.00,7.00,2.15,0.00,0.16,0.00,4.69,0.00,0.00,571.00,152.00,0.00,9.00,0.00,410.00
2025,6,F9,Frontier Airlines,MCI,"Kansas City, MO: Kansas City International",24.00,12.00,6.15,0.00,1.34,0.00,4.51,1.00,0.00,827.00,465.00,0.00,87.00,0.00,275.00
2025,6,F9,Frontier Airlines,MCO,"Orlando, FL: Orlando International",1327.00,487.00,133.65,11.68,102.06,0.00,239.62,35.00,1.00,44427.00,12028.00,1976.00,6373.00,0.00,24050.00
2025,6,F9,Frontier Airlines,MDT,"Harrisburg, PA: Harrisburg International",13.00,4.00,2.76,0.00,0.00,0.00,1.24,0.00,0.00,814.00,216.00,0.00,0.00,0.00,598.00
2025,6,F9,Frontier Airlines,MDW,"Chicago, IL: Chicago Midway International",170.00,74.00,20.10,1.78,12.40,0.00,39.71,4.00,1.00,6603.00,1216.00,79.00,717.00,0.00,4591.00
2025,6,F9,Frontier Airlines,MEM,"Memphis, TN: Memphis International",9.00,3.00,1.19,0.00,0.58,0.00,1.24,0.00,0.00,136.00,32.00,0.00,35.00,0.00,69.00
2025,6,F9,Frontier Airlines,MIA,"Miami, FL: Miami International",317.00,118.00,29.95,3.44,32.34,0.00,52.27,6.00,0.00,9417.00,1407.00,272.00,2027.00,0.00,5711.00
2025,6,F9,Frontier Airlines,MKE,"Milwaukee, WI: General Mitchell International",9.00,2.00,2.00,0.00,0.00,0.00,0.00,0.00,0.00,71.00,71.00,0.00,0.00,0.00,0.00
2025,6,F9,Frontier Airlines,MSN,"Madison, WI: Dane County Regional-Truax Field",11.00,6.00,0.66,2.72,0.51,0.00,2.10,0.00,0.00,332.00,64.00,140.00,32.00,0.00,96.00
2025,6,F9,Frontier Airlines,MSO,"Missoula, MT: Missoula Montana",9.00,0.00,0.00,0.00,0.00,0.00,0.00,0.00,0.00,0.00,0.00,0.00,0.00,0.00,0.00
2025,6,F9,Frontier Airlines,MSP,"Minneapolis, MN: Minneapolis-St Paul International",72.00,25.00,8.61,0.40,0.61,0.00,15.37,1.00,0.00,1986.00,613.00,33.00,61.00,0.00,1279.00
2025,6,F9,Frontier Airlines,MSY,"New Orleans, LA: Louis Armstrong New Orleans International",38.00,18.00,5.66,0.78,2.98,0.00,8.58,2.00,0.00,1309.00,491.00,54.00,108.00,0.00,656.00
2025,6,F9,Frontier Airlines,MYR,"Myrtle Beach, SC: Myrtle Beach International",52.00,21.00,4.44,0.99,4.80,0.00,10.77,3.00,0.00,3048.00,438.00,681.00,243.00,0.00,1686.00
2025,6,F9,Frontier Airlines,OKC,"Oklahoma City, OK: Okc Will Rogers International",50.00,19.00,6.26,0.00,8.23,0.00,4.51,1.00,0.00,961.00,445.00,0.00,326.00,0.00,190.00
2025,6,F9,Frontier Airlines,OMA,"Omaha, NE: Eppley Airfield",23.00,7.00,1.33,0.53,2.00,0.00,3.14,1.00,0.00,373.00,44.00,17.00,73.00,0.00,239.00
2025,6,F9,Frontier Airlines,ONT,"Ontario, CA: Ontario International",210.00,69.00,25.29,0.90,7.53,0.00,35.28,4.00,0.00,5531.00,1595.00,76.00,280.00,0.00,3580.00
2025,6,F9,Frontier Airlines,ORD,"Chicago, IL: Chicago O'Hare International",307.00,166.00,41.24,1.61,31.47,0.00,91.68,11.00,0.00,18785.00,4298.00,98.00,2108.00,0.00,12281.00
2025,6,F9,Frontier Airlines,ORF,"Norfolk, VA: Norfolk International",28.00,7.00,2.76,0.00,2.42,0.00,1.82,0.00,0.00,297.00,91.00,0.00,81.00,0.00,125.00
2025,6,F9,Frontier Airlines,PAE,"Everett, WA: Seattle Paine Field International",27.00,8.00,1.68,0.00,0.07,0.00,6.25,0.00,0.00,790.00,110.00,0.00,11.00,0.00,669.00
2025,6,F9,Frontier Airlines,PBI,"West Palm Beach/Palm Beach, FL: Palm Beach International",32.00,18.00,4.81,1.00,2.01,0.00,10.18,0.00,0.00,1755.00,292.00,36.00,110.00,0.00,1317.00
2025,6,F9,Frontier Airlines,PDX,"Portland, OR: Portland International",137.00,41.00,13.49,0.52,4.15,0.00,22.84,4.00,0.00,3071.00,956.00,49.00,132.00,0.00,1934.00
2025,6,F9,Frontier Airlines,PHL,"Philadelphia, PA: Philadelphia International",717.00,324.00,76.39,7.60,53.87,0.00,186.15,28.00,5.00,31053.00,7899.00,618.00,3774.00,0.00,18762.00
2025,6,F9,Frontier Airlines,PHX,"Phoenix, AZ: Phoenix Sky Harbor International",506.00,179.00,50.21,6.51,38.57,0.00,83.71,12.00,2.00,15839.00,5206.00,913.00,1580.00,0.00,8140.00
2025,6,F9,Frontier Airlines,PIT,"Pittsburgh, PA: Pittsburgh International",41.00,17.00,3.91,0.00,5.98,0.00,7.11,2.00,0.00,902.00,289.00,0.00,290.00,0.00,323.00
2025,6,F9,Frontier Airlines,PNS,"Pensacola, FL: Pensacola International",12.00,4.00,1.75,0.00,1.25,0.00,1.00,0.00,0.00,151.00,106.00,0.00,30.00,0.00,15.00
2025,6,F9,Frontier Airlines,PSE,"Ponce, PR: Mercedita",24.00,0.00,0.00,0.00,0.00,0.00,0.00,0.00,0.00,0.00,0.00,0.00,0.00,0.00,0.00
2025,6,F9,Frontier Airlines,PSP,"Palm Springs, CA: Palm Springs International",9.00,2.00,2.00,0.00,0.00,0.00,0.00,0.00,0.00,165.00,165.00,0.00,0.00,0.00,0.00
2025,6,F9,Frontier Airlines,PWM,"Portland, ME: Portland International Jetport",4.00,2.00,0.87,0.00,1.01,0.00,0.12,0.00,0.00,110.00,75.00,0.00,25.00,0.00,10.00
2025,6,F9,Frontier Airlines,RDU,"Raleigh/Durham, NC: Raleigh-Durham International",352.00,102.00,29.43,3.33,21.08,0.00,48.16,13.00,0.00,8065.00,2063.00,152.00,1040.00,0.00,4810.00
2025,6,F9,Frontier Airlines,RNO,"Reno, NV: Reno/Tahoe International",23.00,6.00,0.36,0.00,0.07,0.00,5.57,0.00,0.00,861.00,40.00,0.00,17.00,0.00,804.00
2025,6,F9,Frontier Airlines,RSW,"Fort Myers, FL: Southwest Florida International",60.00,15.00,4.73,0.00,3.30,0.00,6.97,2.00,0.00,978.00,280.00,0.00,287.00,0.00,411.00
2025,6,F9,Frontier Airlines,SAN,"San Diego, CA: San Diego International",246.00,106.00,27.24,1.31,28.82,0.00,48.62,11.00,0.00,9234.00,3409.00,92.00,1362.00,0.00,4371.00
2025,6,F9,Frontier Airlines,SAT,"San Antonio, TX: San Antonio International",44.00,19.00,3.87,2.36,3.79,0.00,8.99,3.00,0.00,1614.00,143.00,164.00,252.00,0.00,1055.00
2025,6,F9,Frontier Airlines,SAV,"Savannah, GA: Savannah/Hilton Head International",9.00,4.00,0.26,0.00,2.29,0.00,1.45,0.00,0.00,194.00,13.00,0.00,85.00,0.00,96.00
2025,6,F9,Frontier Airlines,SEA,"Seattle, WA: Seattle/Tacoma International",158.00,44.00,9.09,1.07,11.08,0.00,22.76,2.00,0.00,3249.00,622.00,56.00,535.00,0.00,2036.00
2025,6,F9,Frontier Airlines,SFO,"San Francisco, CA: San Francisco International",307.00,111.00,28.14,2.74,31.07,0.00,49.06,11.00,0.00,8099.00,1876.00,393.00,1539.00,0.00,4291.00
2025,6,F9,Frontier Airlines,SJC,"San Jose, CA: Norman Y. Mineta San Jose International",24.00,10.00,4.76,0.00,2.17,0.00,3.07,0.00,0.00,734.00,290.00,0.00,117.00,0.00,327.00
2025,6,F9,Frontier Airlines,SJU,"San Juan, PR: Luis Munoz Marin International",472.00,208.00,73.91,3.98,62.86,0.00,67.25,16.00,3.00,21953.00,11003.00,210.00,3036.00,0.00,7704.00
2025,6,F9,Frontier Airlines,SLC,"Salt Lake City, UT: Salt Lake City International",204.00,61.00,22.93,1.00,8.40,0.00,28.67,3.00,0.00,4676.00,1087.00,86.00,987.00,0.00,2516.00
2025,6,F9,Frontier Airlines,SMF,"Sacramento, CA: Sacramento International",31.00,3.00,1.03,0.80,0.31,0.00,0.86,3.00,0.00,270.00,68.00,106.00,23.00,0.00,73.00
2025,6,F9,Frontier Airlines,SNA,"Santa Ana, CA: John Wayne Airport-Orange County",82.00,23.00,8.69,0.00,6.80,0.00,7.51,5.00,0.00,915.00,315.00,0.00,219.00,0.00,381.00
2025,6,F9,Frontier Airlines,SRQ,"Sarasota/Bradenton, FL: Sarasota/Bradenton International",9.00,1.00,0.00,0.00,1.00,0.00,0.00,0.00,0.00,44.00,0.00,0.00,44.00,0.00,0.00
2025,6,F9,Frontier Airlines,STL,"St. Louis, MO: St Louis Lambert International",80.00,19.00,5.27,0.08,1.93,0.00,11.72,0.00,0.00,993.00,205.00,4.00,99.00,0.00,685.00
2025,6,F9,Frontier Airlines,SYR,"Syracuse, NY: Syracuse Hancock International",27.00,8.00,3.55,0.00,0.93,0.00,3.52,0.00,0.00,636.00,215.00,0.00,65.00,0.00,356.00
2025,6,F9,Frontier Airlines,TPA,"Tampa, FL: Tampa International",583.00,229.00,58.69,2.69,67.75,0.00,99.87,25.00,2.00,21483.00,5599.00,248.00,4075.00,0.00,11561.00
2025,6,F9,Frontier Airlines,TTN,"Trenton, NJ: Trenton Mercer",96.00,36.00,12.27,3.13,3.28,0.00,17.32,3.00,0.00,3076.00,1051.00,357.00,158.00,0.00,1510.00
2025,6,F9,Frontier Airlines,TUS,"Tucson, AZ: Tucson International",18.00,6.00,0.92,0.00,3.10,0.00,1.98,1.00,0.00,770.00,48.00,0.00,109.00,0.00,613.00
2025,6,F9,Frontier Airlines,TYS,"Knoxville, TN: McGhee Tyson",9.00,2.00,0.67,0.00,0.48,0.00,0.85,0.00,0.00,122.00,28.00,0.00,13.00,0.00,81.00
2025,6,F9,Frontier Airlines,XNA,"Fayetteville, AR: Northwest Arkansas National",11.00,2.00,0.08,0.00,0.09,0.00,1.82,0.00,0.00,370.00,21.00,0.00,29.00,0.00,320.00
2025,6,G4,Allegiant Air,ABE,"Allentown/Bethlehem/Easton, PA: Lehigh Valley International",198.00,66.00,9.81,10.13,15.42,0.00,30.64,4.00,0.00,4449.00,403.00,899.00,921.00,0.00,2226.00
2025,6,G4,Allegiant Air,ALB,"Albany, NY: Albany International",61.00,16.00,4.69,4.38,3.44,0.00,3.50,1.00,0.00,934.00,167.00,357.00,159.00,0.00,251.00
2025,6,G4,Allegiant Air,ATW,"Appleton, WI: Appleton International",127.00,40.00,6.61,6.12,5.71,1.00,20.56,1.00,0.00,3678.00,403.00,521.00,424.00,766.00,1564.00
2025,6,G4,Allegiant Air,AUS,"Austin, TX: Austin - Bergstrom International",102.00,21.00,4.13,3.26,6.96,0.00,6.65,0.00,0.00,977.00,218.00,183.00,264.00,0.00,312.00
2025,6,G4,Allegiant Air,AVL,"Asheville, NC: Asheville Regional",348.00,98.00,10.25,11.56,26.83,0.00,49.35,0.00,1.00,8133.00,946.00,1093.00,1356.00,0.00,4738.00
2025,6,G4,Allegiant Air,AZA,"Phoenix, AZ: Mesa Gateway",528.00,96.00,30.30,6.38,20.10,0.34,38.88,0.00,4.00,11045.00,4993.00,2340.00,713.00,11.00,2988.00
2025,6,G4,Allegiant Air,BGR,"Bangor, ME: Bangor International",43.00,5.00,1.43,1.16,1.68,0.00,0.72,0.00,0.00,292.00,117.00,61.00,80.00,0.00,34.00
2025,6,G4,Allegiant Air,BIL,"Billings, MT: Billings Logan International",26.00,2.00,0.28,0.00,0.16,0.00,1.56,0.00,0.00,84.00,11.00,0.00,7.00,0.00,66.00
2025,6,G4,Allegiant Air,BIS,"Bismarck/Mandan, ND: Bismarck Municipal",26.00,5.00,1.91,1.00,1.09,0.00,1.00,0.00,0.00,306.00,123.00,95.00,26.00,0.00,62.00
2025,6,G4,Allegiant Air,BLI,"Bellingham, WA: Bellingham International",96.00,16.00,5.27,0.00,3.21,0.00,7.52,0.00,0.00,1306.00,832.00,0.00,96.00,0.00,378.00
2025,6,G4,Allegiant Air,BLV,"Belleville, IL: Scott AFB MidAmerica St Louis",179.00,48.00,14.43,6.03,8.94,0.00,18.60,2.00,0.00,3768.00,1732.00,312.00,270.00,0.00,1454.00
2025,6,G4,Allegiant Air,BMI,"Bloomington/Normal, IL: Central Il Regional Airport at Bloomington",22.00,9.00,3.32,1.80,0.06,0.00,3.82,0.00,0.00,538.00,270.00,83.00,3.00,0.00,182.00
2025,6,G4,Allegiant Air,BNA,"Nashville, TN: Nashville International",309.00,89.00,12.80,11.96,14.47,0.00,49.76,1.00,3.00,9810.00,1217.00,2679.00,697.00,0.00,5217.00
2025,6,G4,Allegiant Air,BOI,"Boise, ID: Boise Air Terminal",22.00,5.00,1.97,0.42,0.90,0.00,1.72,0.00,0.00,271.00,196.00,10.00,31.00,0.00,34.00
2025,6,G4,Allegiant Air,BOS,"Boston, MA: Logan International",97.00,7.00,2.00,0.74,4.26,0.00,0.00,0.00,1.00,205.00,95.00,20.00,90.00,0.00,0.00
2025,6,G4,Allegiant Air,BZN,"Bozeman, MT: Bozeman Yellowstone International",39.00,6.00,5.21,0.00,0.00,0.00,0.79,0.00,0.00,834.00,685.00,0.00,0.00,0.00,149.00
2025,6,G4,Allegiant Air,CAE,"Columbia, SC: Columbia Metropolitan",18.00,6.00,0.91,0.00,4.40,0.00,0.69,0.00,1.00,204.00,28.00,0.00,158.00,0.00,18.00
2025,6,G4,Allegiant Air,CAK,"Akron, OH: Akron-Canton Regional",130.00,34.00,8.79,7.26,7.02,0.00,10.93,0.00,0.00,2451.00,531.00,702.00,327.00,0.00,891.00
2025,6,G4,Allegiant Air,CHA,"Chattanooga, TN: Lovell Field",39.00,4.00,1.00,1.88,0.14,0.00,0.98,0.00,0.00,457.00,110.00,237.00,8.00,0.00,102.00
2025,6,G4,Allegiant Air,CHS,"Charleston, SC: Charleston AFB/International",31.00,7.00,0.79,0.00,2.49,0.00,3.71,1.00,1.00,316.00,14.00,0.00,135.00,0.00,167.00
2025,6,G4,Allegiant Air,CID,"Cedar Rapids/Iowa City, IA: The Eastern Iowa",103.00,22.00,6.57,3.24,4.99,0.00,7.21,0.00,0.00,2186.00,627.00,458.00,373.00,0.00,728.00
2025,6,G4,Allegiant Air,CKB,"Clarksburg/Fairmont, WV: North Central West Virginia",32.00,12.00,0.78,1.77,3.26,0.00,6.19,2.00,0.00,1051.00,94.00,192.00,205.00,0.00,560.00
2025,6,G4,Allegiant Air,COS,"Colorado Springs, CO: City of Colorado Springs Municipal",18.00,3.00,1.16,0.00,0.00,0.00,1.84,0.00,0.00,204.00,76.00,0.00,0.00,0.00,128.00
2025,6,G4,Allegiant Air,CVG,"Cincinnati, OH: Cincinnati/Northern Kentucky International",430.00,160.00,34.40,20.17,29.33,0.07,76.03,2.00,1.00,12351.00,3605.00,1864.00,1236.00,4.00,5642.00
2025,6,G4,Allegiant Air,DAY,"Dayton, OH: James M Cox/Dayton International",26.00,12.00,1.96,2.83,1.27,0.00,5.94,0.00,0.00,830.00,91.00,167.00,58.00,0.00,514.00
2025,6,G4,Allegiant Air,DEN,"Denver, CO: Denver International",80.00,31.00,3.06,5.73,12.76,0.00,9.45,2.00,4.00,2633.00,240.00,534.00,973.00,0.00,886.00
2025,6,G4,Allegiant Air,DSM,"Des Moines, IA: Des Moines International",223.00,48.00,14.52,6.38,7.68,0.21,19.22,3.00,1.00,3354.00,1263.00,575.00,323.00,22.00,1171.00
2025,6,G4,Allegiant Air,ELM,"Elmira/Corning, NY: Elmira/Corning Regional",24.00,3.00,1.76,0.00,0.22,0.00,1.02,0.00,0.00,225.00,125.00,0.00,13.00,0.00,87.00
2025,6,G4,Allegiant Air,EUG,"Eugene, OR: Mahlon Sweet Field",31.00,12.00,4.42,1.74,2.30,0.00,3.53,0.00,0.00,676.00,179.00,178.00,97.00,0.00,222.00
2025,6,G4,Allegiant Air,EVV,"Evansville, IN: Evansville Regional",31.00,11.00,2.94,2.45,1.27,0.00,4.34,0.00,0.00,715.00,307.00,192.00,47.00,0.00,169.00
2025,6,G4,Allegiant Air,EWR,"Newark, NJ: Newark Liberty International",87.00,9.00,3.23,1.84,2.93,1.00,0.00,1.00,0.00,462.00,109.00,191.00,109.00,53.00,0.00
2025,6,G4,Allegiant Air,EYW,"Key West, FL: Key West International",71.00,11.00,3.66,0.00,3.57,0.00,3.77,0.00,0.00,529.00,224.00,0.00,108.00,0.00,197.00
2025,6,G4,Allegiant Air,FAR,"Fargo, ND: Hector International",53.00,5.00,1.70,2.02,0.66,0.00,0.62,0.00,0.00,372.00,149.00,131.00,18.00,0.00,74.00
2025,6,G4,Allegiant Air,FAT,"Fresno, CA: Fresno Yosemite International",66.00,8.00,2.70,3.00,0.19,0.00,2.11,0.00,0.00,327.00,103.00,98.00,4.00,0.00,122.00
2025,6,G4,Allegiant Air,FCA,"Kalispell, MT: Glacier Park International",31.00,3.00,2.92,0.00,0.08,0.00,0.00,0.00,0.00,177.00,170.00,0.00,7.00,0.00,0.00
2025,6,G4,Allegiant Air,FLL,"Fort Lauderdale, FL: Fort Lauderdale-Hollywood International",425.00,152.00,24.23,8.27,38.63,2.03,78.84,0.00,3.00,12102.00,1689.00,1508.00,1825.00,79.00,7001.00
2025,6,G4,Allegiant Air,FNT,"Flint, MI: Bishop International",143.00,40.00,12.82,3.45,5.53,0.00,18.20,0.00,0.00,2853.00,734.00,510.00,257.00,0.00,1352.00
2025,6,G4,Allegiant Air,FSD,"Sioux Falls, SD: Joe Foss Field",81.00,17.00,4.12,3.05,5.82,0.00,4.02,0.00,2.00,1267.00,379.00,299.00,347.00,0.00,242.00
2025,6,G4,Allegiant Air,FWA,"Fort Wayne, IN: Fort Wayne International",87.00,22.00,11.66,1.54,4.83,0.00,3.97,0.00,0.00,1929.00,676.00,824.00,202.00,0.00,227.00
2025,6,G4,Allegiant Air,GEG,"Spokane, WA: Spokane International",36.00,10.00,1.88,0.52,2.66,0.00,4.94,0.00,0.00,619.00,321.00,11.00,63.00,0.00,224.00
2025,6,G4,Allegiant Air,GFK,"Grand Forks, ND: Grand Forks International",9.00,0.00,0.00,0.00,0.00,0.00,0.00,0.00,0.00,0.00,0.00,0.00,0.00,0.00,0.00
2025,6,G4,Allegiant Air,GRI,"Grand Island, NE: Central Nebraska Regional",22.00,1.00,0.03,0.97,0.00,0.00,0.00,0.00,0.00,30.00,1.00,29.00,0.00,0.00,0.00
2025,6,G4,Allegiant Air,GRR,"Grand Rapids, MI: Gerald R. Ford International",239.00,68.00,17.21,9.59,16.17,0.00,25.04,0.00,2.00,6086.00,1041.00,2290.00,771.00,0.00,1984.00
2025,6,G4,Allegiant Air,GSO,"Greensboro/High Point, NC: Piedmont Triad International",9.00,6.00,2.66,0.79,1.25,0.00,1.30,0.00,0.00,1520.00,1331.00,38.00,55.00,0.00,96.00
2025,6,G4,Allegiant Air,GSP,"Greer, SC: Greenville-Spartanburg International",40.00,18.00,4.18,1.02,4.00,0.00,8.81,0.00,1.00,1183.00,233.00,162.00,163.00,0.00,625.00
2025,6,G4,Allegiant Air,GTF,"Great Falls, MT: Great Falls International",18.00,2.00,0.40,0.00,0.00,0.00,1.60,0.00,0.00,116.00,8.00,0.00,0.00,0.00,108.00
2025,6,G4,Allegiant Air,GUF,"Gulf Shores, AL: Gulf Shores International Jack Edwards Field",52.00,13.00,5.30,0.03,2.53,0.00,5.15,0.00,0.00,570.00,249.00,1.00,73.00,0.00,247.00
2025,6,G4,Allegiant Air,HGR,"Hagerstown, MD: Hagerstown Regional-Richard A. Henson Field",43.00,21.00,3.96,4.86,3.39,0.00,8.79,1.00,0.00,1665.00,256.00,534.00,195.00,0.00,680.00
2025,6,G4,Allegiant Air,HOU,"Houston, TX: William P Hobby",47.00,6.00,0.76,0.00,3.65,0.00,1.59,0.00,1.00,214.00,24.00,0.00,147.00,0.00,43.00
2025,6,G4,Allegiant Air,HTS,"Ashland, WV: Tri-State/Milton J. Ferguson Field",103.00,39.00,11.32,3.39,8.96,0.00,15.33,0.00,0.00,2606.00,626.00,245.00,337.00,0.00,1398.00
2025,6,G4,Allegiant Air,IAD,"Washington, DC: Washington Dulles International",65.00,14.00,4.32,0.00,3.51,0.00,6.17,0.00,0.00,1859.00,638.00,0.00,173.00,0.00,1048.00
2025,6,G4,Allegiant Air,IAG,"Niagara Falls, NY: Niagara Falls International",38.00,12.00,1.93,2.08,2.73,0.00,5.26,1.00,0.00,1740.00,1159.00,90.00,79.00,0.00,412.00
2025,6,G4,Allegiant Air,ICT,"Wichita, KS: Wichita Dwight D Eisenhower National",60.00,17.00,5.99,1.19,5.75,0.00,4.06,0.00,0.00,1083.00,414.00,67.00,300.00,0.00,302.00
2025,6,G4,Allegiant Air,IDA,"Idaho Falls, ID: Idaho Falls Regional",67.00,18.00,3.53,0.52,4.31,0.00,9.64,0.00,0.00,978.00,124.00,13.00,169.00,0.00,672.00
2025,6,G4,Allegiant Air,IND,"Indianapolis, IN: Indianapolis International",224.00,93.00,17.99,9.60,18.02,0.00,47.40,0.00,0.00,6176.00,1021.00,724.00,824.00,0.00,3607.00
2025,6,G4,Allegiant Air,JAX,"Jacksonville, FL: Jacksonville International",129.00,46.00,9.63,2.13,14.66,0.84,18.74,2.00,0.00,4201.00,1291.00,546.00,737.00,16.00,1611.00
2025,6,G4,Allegiant Air,LAS,"Las Vegas, NV: Harry Reid International",702.00,163.00,37.38,10.80,35.85,1.16,77.81,2.00,0.00,15677.00,5543.00,853.00,1646.00,59.00,7576.00
2025,6,G4,Allegiant Air,LAX,"Los Angeles, CA: Los Angeles International",125.00,39.00,5.70,3.96,13.17,0.04,16.12,0.00,0.00,1824.00,151.00,221.00,343.00,5.00,1104.00
2025,6,G4,Allegiant Air,LCK,"Columbus, OH: Rickenbacker International",162.00,55.00,11.86,8.25,15.16,0.00,19.73,3.00,0.00,3550.00,588.00,499.00,930.00,0.00,1533.00
2025,6,G4,Allegiant Air,LEX,"Lexington, KY: Blue Grass",141.00,68.00,13.77,11.72,18.15,0.00,24.36,0.00,0.00,5463.00,976.00,1333.00,1182.00,0.00,1972.00
2025,6,G4,Allegiant Air,LIT,"Little Rock, AR: Bill and Hillary Clinton Nat Adams Field",39.00,12.00,1.56,2.36,2.08,0.00,6.00,0.00,0.00,854.00,87.00,183.00,100.00,0.00,484.00
2025,6,G4,Allegiant Air,LRD,"Laredo, TX: Laredo International",9.00,2.00,1.30,0.00,0.16,0.00,0.53,0.00,0.00,52.00,38.00,0.00,6.00,0.00,8.00
2025,6,G4,Allegiant Air,MCI,"Kansas City, MO: Kansas City International",39.00,17.00,2.96,0.75,6.21,0.00,7.07,0.00,0.00,1242.00,223.00,51.00,354.00,0.00,614.00
2025,6,G4,Allegiant Air,MCO,"Orlando, FL: Orlando International",40.00,18.00,2.22,2.94,10.44,0.00,2.40,0.00,0.00,1548.00,603.00,359.00,511.00,0.00,75.00
2025,6,G4,Allegiant Air,MDT,"Harrisburg, PA: Harrisburg International",111.00,37.00,7.76,4.13,12.45,0.00,12.66,1.00,0.00,1959.00,378.00,302.00,396.00,0.00,883.00
2025,6,G4,Allegiant Air,MDW,"Chicago, IL: Chicago Midway International",58.00,8.00,2.46,0.38,4.19,0.00,0.98,0.00,0.00,1392.00,318.00,6.00,964.00,0.00,104.00
2025,6,G4,Allegiant Air,MEM,"Memphis, TN: Memphis International",66.00,19.00,4.34,4.89,3.16,0.00,6.62,0.00,0.00,2317.00,868.00,798.00,167.00,0.00,484.00
2025,6,G4,Allegiant Air,MFE,"Mission/McAllen/Edinburg, TX: McAllen International",77.00,11.00,3.39,3.53,3.09,0.00,1.00,0.00,0.00,568.00,120.00,280.00,102.00,0.00,66.00
2025,6,G4,Allegiant Air,MFR,"Medford, OR: Rogue Valley International - Medford",36.00,7.00,2.46,0.00,1.42,0.00,3.12,0.00,0.00,297.00,133.00,0.00,40.00,0.00,124.00
2025,6,G4,Allegiant Air,MLB,"Melbourne, FL: Melbourne Orlando International",27.00,5.00,1.11,0.00,0.16,0.00,3.74,0.00,0.00,259.00,46.00,0.00,10.00,0.00,203.00
2025,6,G4,Allegiant Air,MLI,"Moline, IL: Quad Cities International",43.00,9.00,3.81,1.60,2.14,0.00,1.45,0.00,0.00,479.00,95.00,144.00,99.00,0.00,141.00
2025,6,G4,Allegiant Air,MOT,"Minot, ND: Minot International",18.00,3.00,0.83,0.00,1.95,0.00,0.22,0.00,0.00,105.00,15.00,0.00,85.00,0.00,5.00
2025,6,G4,Allegiant Air,MRY,"Monterey, CA: Monterey Regional",9.00,0.00,0.00,0.00,0.00,0.00,0.00,0.00,0.00,0.00,0.00,0.00,0.00,0.00,0.00
2025,6,G4,Allegiant Air,MSO,"Missoula, MT: Missoula Montana",34.00,9.00,3.97,0.00,2.32,0.00,2.71,0.00,0.00,2953.00,1265.00,0.00,878.00,0.00,810.00
2025,6,G4,Allegiant Air,MSP,"Minneapolis, MN: Minneapolis-St Paul International",18.00,7.00,1.31,0.00,2.04,0.00,3.66,0.00,0.00,425.00,219.00,0.00,56.00,0.00,150.00
2025,6,G4,Allegiant Air,MYR,"Myrtle Beach, SC: Myrtle Beach International",300.00,107.00,23.14,6.66,43.56,1.48,32.16,8.00,4.00,7978.00,1968.00,482.00,2226.00,65.00,3237.00
2025,6,G4,Allegiant Air,OAK,"Oakland, CA: Oakland International",40.00,6.00,2.03,0.00,2.65,0.00,1.32,0.00,0.00,213.00,69.00,0.00,71.00,0.00,73.00
2025,6,G4,Allegiant Air,OKC,"Oklahoma City, OK: Okc Will Rogers International",43.00,14.00,1.10,5.17,5.37,0.00,2.36,0.00,1.00,894.00,263.00,371.00,159.00,0.00,101.00
2025,6,G4,Allegiant Air,OMA,"Omaha, NE: Eppley Airfield",73.00,9.00,3.87,2.00,0.92,0.00,2.21,0.00,0.00,595.00,255.00,85.00,47.00,0.00,208.00
2025,6,G4,Allegiant Air,ORF,"Norfolk, VA: Norfolk International",51.00,17.00,2.04,1.68,5.44,0.00,7.84,1.00,0.00,836.00,152.00,128.00,163.00,0.00,393.00
2025,6,G4,Allegiant Air,PBG,"Plattsburgh, NY: Plattsburgh International",37.00,5.00,0.63,0.80,2.58,0.00,1.00,1.00,0.00,154.00,10.00,67.00,54.00,0.00,23.00
2025,6,G4,Allegiant Air,PBI,"West Palm Beach/Palm Beach, FL: Palm Beach International",36.00,8.00,2.00,0.00,3.13,0.00,2.87,0.00,0.00,788.00,282.00,0.00,356.00,0.00,150.00
2025,6,G4,Allegiant Air,PDX,"Portland, OR: Portland International",101.00,25.00,9.78,1.27,6.54,0.00,7.41,0.00,0.00,1469.00,817.00,67.00,180.00,0.00,405.00
2025,6,G4,Allegiant Air,PGD,"Punta Gorda, FL: Punta Gorda Airport",589.00,170.00,29.33,9.70,54.59,0.00,76.39,0.00,2.00,13915.00,3672.00,1611.00,2763.00,0.00,5869.00
2025,6,G4,Allegiant Air,PHX,"Phoenix, AZ: Phoenix Sky Harbor International",29.00,2.00,0.98,0.00,0.00,0.00,1.02,0.00,0.00,170.00,124.00,0.00,0.00,0.00,46.00
2025,6,G4,Allegiant Air,PIA,"Peoria, IL: General Downing - Peoria International",124.00,32.00,5.14,4.75,7.36,0.00,14.75,1.00,0.00,2807.00,541.00,214.00,438.00,0.00,1614.00
2025,6,G4,Allegiant Air,PIE,"St. Petersburg, FL: St Pete Clearwater International",979.00,427.00,68.43,35.73,108.32,1.93,212.59,3.00,9.00,36956.00,8911.00,2903.00,5334.00,85.00,19723.00
2025,6,G4,Allegiant Air,PIT,"Pittsburgh, PA: Pittsburgh International",189.00,68.00,11.82,6.59,12.81,0.00,36.78,0.00,0.00,4876.00,704.00,766.00,541.00,0.00,2865.00
2025,6,G4,Allegiant Air,PSC,"Pasco/Kennewick/Richland, WA: Tri Cities",30.00,7.00,2.13,0.06,2.63,0.00,2.19,0.00,0.00,420.00,159.00,1.00,101.00,0.00,159.00
2025,6,G4,Allegiant Air,PSM,"Portsmouth, NH: Portsmouth International at Pease",36.00,9.00,2.13,2.92,3.05,0.00,0.89,0.00,0.00,561.00,47.00,318.00,163.00,0.00,33.00
2025,6,G4,Allegiant Air,PVD,"Providence, RI: Rhode Island Tf Green International",13.00,1.00,0.00,0.79,0.21,0.00,0.00,0.00,0.00,28.00,0.00,22.00,6.00,0.00,0.00
2025,6,G4,Allegiant Air,PVU,"Provo, UT: Provo Municipal",172.00,59.00,10.33,4.54,12.84,0.00,31.30,0.00,0.00,7732.00,1514.00,983.00,1563.00,0.00,3672.00
2025,6,G4,Allegiant Air,RAP,"Rapid City, SD: Rapid City Regional",34.00,6.00,1.30,1.00,1.41,0.00,2.29,0.00,1.00,434.00,146.00,36.00,182.00,0.00,70.00
2025,6,G4,Allegiant Air,RFD,"Rockford, IL: Chicago/Rockford International",86.00,12.00,4.84,0.27,2.58,0.00,4.31,1.00,1.00,995.00,376.00,58.00,104.00,0.00,457.00
2025,6,G4,Allegiant Air,RIC,"Richmond, VA: Richmond International",18.00,7.00,1.73,0.14,2.04,0.00,3.08,0.00,0.00,253.00,43.00,5.00,62.00,0.00,143.00
2025,6,G4,Allegiant Air,ROA,"Roanoke, VA: Roanoke Blacksburg Regional",33.00,18.00,2.47,2.71,4.30,0.00,8.52,1.00,0.00,1247.00,506.00,200.00,179.00,0.00,362.00
2025,6,G4,Allegiant Air,SAN,"San Diego, CA: San Diego International",36.00,10.00,1.72,0.31,3.76,0.00,4.21,0.00,0.00,368.00,103.00,5.00,75.00,0.00,185.00
2025,6,G4,Allegiant Air,SAV,"Savannah, GA: Savannah/Hilton Head International",130.00,46.00,10.18,3.27,7.27,0.00,25.27,1.00,0.00,3542.00,704.00,247.00,436.00,0.00,2155.00
2025,6,G4,Allegiant Air,SBN,"South Bend, IN: South Bend International",100.00,24.00,8.64,3.47,5.20,0.00,6.70,0.00,0.00,2804.00,1847.00,202.00,240.00,0.00,515.00
2025,6,G4,Allegiant Air,SCK,"Stockton, CA: Stockton Metro",59.00,16.00,2.93,1.87,5.85,0.00,5.35,1.00,0.00,1272.00,255.00,76.00,496.00,0.00,445.00
2025,6,G4,Allegiant Air,SDF,"Louisville, KY: Louisville Muhammad Ali International",87.00,28.00,6.80,0.82,9.65,0.00,10.73,0.00,0.00,1640.00,485.00,61.00,410.00,0.00,684.00
2025,6,G4,Allegiant Air,SFB,"Sanford, FL: Orlando Sanford International",1042.00,446.00,75.29,30.83,94.04,2.02,243.82,6.00,2.00,41055.00,8921.00,2959.00,5931.00,69.00,23175.00
2025,6,G4,Allegiant Air,SGF,"Springfield, MO: Springfield-Branson National",133.00,28.00,7.08,2.63,10.85,0.00,7.44,0.00,3.00,1419.00,288.00,204.00,324.00,0.00,603.00
2025,6,G4,Allegiant Air,SHV,"Shreveport, LA: Shreveport Regional",36.00,3.00,1.70,0.79,0.25,0.00,0.26,0.00,0.00,344.00,197.00,64.00,25.00,0.00,58.00
2025,6,G4,Allegiant Air,SMX,"Santa Maria, CA: Santa Maria Public/Capt. G. Allan Hancock Field",9.00,3.00,1.43,0.00,1.57,0.00,0.00,0.00,0.00,146.00,99.00,0.00,47.00,0.00,0.00
2025,6,G4,Allegiant Air,SNA,"Santa Ana, CA: John Wayne Airport-Orange County",120.00,39.00,12.34,0.77,13.20,0.10,12.58,0.00,0.00,3921.00,1868.00,16.00,1445.00,4.00,588.00
2025,6,G4,Allegiant Air,SPI,"Springfield, IL: Abraham Lincoln Capital",9.00,4.00,0.00,3.00,0.00,0.00,1.00,0.00,0.00,352.00,0.00,308.00,0.00,0.00,44.00
2025,6,G4,Allegiant Air,SRQ,"Sarasota/Bradenton, FL: Sarasota/Bradenton International",270.00,64.00,10.13,3.43,20.47,0.79,29.19,0.00,0.00,7004.00,3104.00,423.00,1027.00,37.00,2413.00
2025,6,G4,Allegiant Air,STC,"St. Cloud, MN: St. Cloud Regional",9.00,5.00,2.21,0.00,1.44,0.00,1.35,0.00,0.00,193.00,73.00,0.00,41.00,0.00,79.00
2025,6,G4,Allegiant Air,SWF,"Newburgh/Poughkeepsie, NY: New York Stewart International",57.00,13.00,4.90,1.91,2.63,0.00,3.56,0.00,1.00,803.00,235.00,263.00,77.00,0.00,228.00
2025,6,G4,Allegiant Air,SYR,"Syracuse, NY: Syracuse Hancock International",67.00,15.00,5.35,1.07,1.97,0.00,6.62,0.00,0.00,1140.00,281.00,123.00,152.00,0.00,584.00
2025,6,G4,Allegiant Air,TOL,"Toledo, OH: Eugene F Kranz Toledo Express",30.00,13.00,1.16,4.29,0.98,0.00,6.57,0.00,0.00,1275.00,33.00,623.00,65.00,0.00,554.00
2025,6,G4,Allegiant Air,TRI,"Bristol/Johnson City/Kingsport, TN: Tri Cities",22.00,16.00,6.89,0.50,0.92,0.00,7.68,0.00,0.00,1090.00,488.00,23.00,76.00,0.00,503.00
2025,6,G4,Allegiant Air,TUL,"Tulsa, OK: Tulsa International",53.00,13.00,5.69,1.00,3.33,0.00,2.97,0.00,0.00,1012.00,316.00,189.00,153.00,0.00,354.00
2025,6,G4,Allegiant Air,TVC,"Traverse City, MI: Cherry Capital",36.00,7.00,1.52,1.18,1.20,0.00,3.09,0.00,0.00,506.00,65.00,88.00,94.00,0.00,259.00
2025,6,G4,Allegiant Air,TYS,"Knoxville, TN: McGhee Tyson",355.00,124.00,18.07,16.36,27.16,1.00,61.42,1.00,0.00,12934.00,3074.00,1534.00,1392.00,18.00,6916.00
2025,6,G4,Allegiant Air,USA,"Concord, NC: Concord Padgett Regional",64.00,33.00,9.92,2.56,5.65,0.00,14.88,0.00,0.00,1630.00,717.00,85.00,180.00,0.00,648.00
2025,6,G4,Allegiant Air,VPS,"Valparaiso, FL: Eglin AFB Destin Fort Walton Beach",485.00,149.00,25.57,9.83,45.98,2.00,65.61,2.00,0.00,11371.00,2730.00,799.00,2337.00,127.00,5378.00
2025,6,G4,Allegiant Air,XNA,"Fayetteville, AR: Northwest Arkansas National",123.00,41.00,12.69,6.21,10.01,0.32,11.77,0.00,0.00,2364.00,852.00,479.00,429.00,8.00,596.00
2025,6,G7,GoJet Airlines LLC d/b/a United Express,ABE,"Allentown/Bethlehem/Easton, PA: Lehigh Valley International",60.00,17.00,3.49,0.95,3.63,0.00,8.93,0.00,0.00,2198.00,728.00,163.00,88.00,0.00,1219.00
2025,6,G7,GoJet Airlines LLC d/b/a United Express,ACK,"Nantucket, MA: Nantucket Memorial",10.00,7.00,0.59,0.99,0.12,0.00,5.30,0.00,0.00,790.00,34.00,119.00,19.00,0.00,618.00
2025,6,G7,GoJet Airlines LLC d/b/a United Express,AVL,"Asheville, NC: Asheville Regional",74.00,21.00,4.56,0.91,4.33,0.00,11.20,3.00,0.00,1989.00,505.00,197.00,248.00,0.00,1039.00
2025,6,G7,GoJet Airlines LLC d/b/a United Express,AVP,"Scranton/Wilkes-Barre, PA: Wilkes Barre Scranton International",60.00,19.00,3.54,1.01,3.79,0.00,10.66,0.00,0.00,3296.00,224.00,30.00,735.00,0.00,2307.00
2025,6,G7,GoJet Airlines LLC d/b/a United Express,BGR,"Bangor, ME: Bangor International",7.00,4.00,2.36,0.00,1.64,0.00,0.00,0.00,0.00,127.00,91.00,0.00,36.00,0.00,0.00
2025,6,G7,GoJet Airlines LLC d/b/a United Express,BHM,"Birmingham, AL: Birmingham-Shuttlesworth International",60.00,14.00,3.69,1.36,5.83,0.00,3.11,0.00,0.00,1712.00,230.00,1007.00,195.00,0.00,280.00
2025,6,G7,GoJet Airlines LLC d/b/a United Express,BTV,"Burlington, VT: Patrick Leahy Burlington International",50.00,6.00,3.57,0.00,0.00,0.00,2.43,0.00,0.00,1343.00,1073.00,0.00,1.00,0.00,269.00
2025,6,G7,GoJet Airlines LLC d/b/a United Express,BUF,"Buffalo, NY: Buffalo Niagara International",128.00,35.00,9.95,2.11,6.00,0.00,16.94,6.00,0.00,4156.00,985.00,451.00,381.00,0.00,2339.00
2025,6,G7,GoJet Airlines LLC d/b/a United Express,CAE,"Columbia, SC: Columbia Metropolitan",60.00,23.00,8.05,1.00,5.14,0.00,8.80,0.00,0.00,1673.00,406.00,60.00,213.00,0.00,994.00
2025,6,G7,GoJet Airlines LLC d/b/a United Express,CHA,"Chattanooga, TN: Lovell Field",104.00,22.00,7.45,0.00,6.52,0.00,8.03,0.00,0.00,2215.00,943.00,0.00,267.00,0.00,1005.00
2025,6,G7,GoJet Airlines LLC d/b/a United Express,CID,"Cedar Rapids/Iowa City, IA: The Eastern Iowa",41.00,8.00,1.14,0.00,2.07,0.00,4.79,0.00,0.00,996.00,64.00,0.00,63.00,0.00,869.00
2025,6,G7,GoJet Airlines LLC d/b/a United Express,CLE,"Cleveland, OH: Cleveland-Hopkins International",1.00,0.00,0.00,0.00,0.00,0.00,0.00,0.00,0.00,0.00,0.00,0.00,0.00,0.00,0.00
2025,6,G7,GoJet Airlines LLC d/b/a United Express,CLT,"Charlotte, NC: Charlotte Douglas International",3.00,1.00,1.00,0.00,0.00,0.00,0.00,0.00,0.00,255.00,255.00,0.00,0.00,0.00,0.00
2025,6,G7,GoJet Airlines LLC d/b/a United Express,CMH,"Columbus, OH: John Glenn Columbus International",6.00,1.00,0.00,0.00,1.00,0.00,0.00,0.00,0.00,25.00,0.00,0.00,25.00,0.00,0.00
2025,6,G7,GoJet Airlines LLC d/b/a United Express,CVG,"Cincinnati, OH: Cincinnati/Northern Kentucky International",104.00,35.00,9.55,3.86,8.03,0.00,13.57,3.00,0.00,3359.00,758.00,768.00,491.00,0.00,1342.00
2025,6,G7,GoJet Airlines LLC d/b/a United Express,DAY,"Dayton, OH: James M Cox/Dayton International",50.00,15.00,3.93,0.00,2.35,0.00,8.72,0.00,0.00,1411.00,344.00,0.00,103.00,0.00,964.00
2025,6,G7,GoJet Airlines LLC d/b/a United Express,DCA,"Washington, DC: Ronald Reagan Washington National",166.00,52.00,9.64,1.46,18.60,0.00,22.30,11.00,1.00,6355.00,1201.00,209.00,1650.00,0.00,3295.00
2025,6,G7,GoJet Airlines LLC d/b/a United Express,DSM,"Des Moines, IA: Des Moines International",9.00,0.00,0.00,0.00,0.00,0.00,0.00,0.00,0.00,0.00,0.00,0.00,0.00,0.00,0.00
2025,6,G7,GoJet Airlines LLC d/b/a United Express,DTW,"Detroit, MI: Detroit Metro Wayne County",12.00,0.00,0.00,0.00,0.00,0.00,0.00,0.00,0.00,0.00,0.00,0.00,0.00,0.00,0.00
2025,6,G7,GoJet Airlines LLC d/b/a United Express,EWR,"Newark, NJ: Newark Liberty International",629.00,191.00,33.98,9.88,86.96,0.00,60.17,38.00,2.00,26410.00,3027.00,2783.00,10201.00,0.00,10399.00
2025,6,G7,GoJet Airlines LLC d/b/a United Express,FAR,"Fargo, ND: Hector International",17.00,5.00,2.36,1.00,0.66,0.00,0.98,0.00,0.00,936.00,747.00,43.00,25.00,0.00,121.00
2025,6,G7,GoJet Airlines LLC d/b/a United Express,FSD,"Sioux Falls, SD: Joe Foss Field",81.00,15.00,4.72,1.00,2.89,0.00,6.39,0.00,1.00,1256.00,353.00,64.00,80.00,0.00,759.00
2025,6,G7,GoJet Airlines LLC d/b/a United Express,GRB,"Green Bay, WI: Green Bay Austin Straubel International",13.00,5.00,0.01,0.00,2.47,0.00,2.52,0.00,0.00,268.00,1.00,0.00,129.00,0.00,138.00
2025,6,G7,GoJet Airlines LLC d/b/a United Express,GRR,"Grand Rapids, MI: Gerald R. Ford International",33.00,9.00,2.65,0.00,3.56,0.00,2.79,0.00,0.00,440.00,117.00,0.00,102.00,0.00,221.00
2025,6,G7,GoJet Airlines LLC d/b/a United Express,GSO,"Greensboro/High Point, NC: Piedmont Triad International",149.00,38.00,15.41,1.00,5.55,0.00,16.04,4.00,2.00,5850.00,2585.00,74.00,329.00,0.00,2862.00
2025,6,G7,GoJet Airlines LLC d/b/a United Express,GSP,"Greer, SC: Greenville-Spartanburg International",39.00,10.00,4.43,0.00,2.00,0.00,3.57,0.00,1.00,859.00,518.00,0.00,55.00,0.00,286.00
2025,6,G7,GoJet Airlines LLC d/b/a United Express,HSV,"Huntsville, AL: Huntsville International-Carl T Jones Field",6.00,3.00,1.52,0.00,1.06,0.00,0.42,0.00,0.00,1066.00,852.00,0.00,30.00,0.00,184.00
2025,6,G7,GoJet Airlines LLC d/b/a United Express,IAD,"Washington, DC: Washington Dulles International",488.00,126.00,34.78,4.12,39.21,0.00,47.89,4.00,5.00,16517.00,5400.00,1449.00,2168.00,0.00,7500.00
2025,6,G7,GoJet Airlines LLC d/b/a United Express,ICT,"Wichita, KS: Wichita Dwight D Eisenhower National",12.00,3.00,1.57,0.00,0.09,0.00,1.35,1.00,0.00,414.00,171.00,0.00,15.00,0.00,228.00
2025,6,G7,GoJet Airlines LLC d/b/a United Express,ILM,"Wilmington, NC: Wilmington International",33.00,13.00,1.67,0.00,2.73,0.00,8.60,3.00,0.00,1308.00,151.00,0.00,168.00,0.00,989.00
2025,6,G7,GoJet Airlines LLC d/b/a United Express,IND,"Indianapolis, IN: Indianapolis International",10.00,0.00,0.00,0.00,0.00,0.00,0.00,0.00,0.00,0.00,0.00,0.00,0.00,0.00,0.00
2025,6,G7,GoJet Airlines LLC d/b/a United Express,LEX,"Lexington, KY: Blue Grass",61.00,23.00,7.52,0.00,4.00,0.00,11.48,0.00,0.00,1586.00,475.00,0.00,129.00,0.00,982.00
2025,6,G7,GoJet Airlines LLC d/b/a United Express,LIT,"Little Rock, AR: Bill and Hillary Clinton Nat Adams Field",80.00,22.00,7.25,0.35,3.30,0.00,11.10,1.00,0.00,2703.00,725.00,11.00,118.00,0.00,1849.00
2025,6,G7,GoJet Airlines LLC d/b/a United Express,MDT,"Harrisburg, PA: Harrisburg International",60.00,13.00,3.31,0.00,2.15,0.00,7.54,0.00,0.00,1117.00,276.00,0.00,109.00,0.00,732.00
2025,6,G7,GoJet Airlines LLC d/b/a United Express,MEM,"Memphis, TN: Memphis International",21.00,5.00,3.09,0.00,0.30,0.00,1.61,0.00,0.00,324.00,166.00,0.00,25.00,0.00,133.00
2025,6,G7,GoJet Airlines LLC d/b/a United Express,MLI,"Moline, IL: Quad Cities International",60.00,15.00,5.56,0.00,1.50,0.00,7.94,0.00,1.00,753.00,208.00,0.00,29.00,0.00,516.00
2025,6,G7,GoJet Airlines LLC d/b/a United Express,MSN,"Madison, WI: Dane County Regional-Truax Field",78.00,15.00,2.31,1.00,3.14,0.00,8.55,0.00,0.00,1386.00,146.00,131.00,147.00,0.00,962.00
2025,6,G7,GoJet Airlines LLC d/b/a United Express,OMA,"Omaha, NE: Eppley Airfield",4.00,2.00,1.75,0.00,0.25,0.00,0.00,0.00,0.00,88.00,81.00,0.00,7.00,0.00,0.00
2025,6,G7,GoJet Airlines LLC d/b/a United Express,ORD,"Chicago, IL: Chicago O'Hare International",1880.00,493.00,83.93,17.45,209.54,0.00,182.07,3.00,13.00,48889.00,7982.00,1687.00,12336.00,0.00,26884.00
2025,6,G7,GoJet Airlines LLC d/b/a United Express,ORF,"Norfolk, VA: Norfolk International",80.00,25.00,3.25,3.72,4.69,0.00,13.33,2.00,0.00,2565.00,185.00,401.00,295.00,0.00,1684.00
2025,6,G7,GoJet Airlines LLC d/b/a United Express,PHL,"Philadelphia, PA: Philadelphia International",33.00,16.00,3.66,1.87,4.84,0.00,5.62,0.00,0.00,1542.00,206.00,492.00,275.00,0.00,569.00
2025,6,G7,GoJet Airlines LLC d/b/a United Express,PIT,"Pittsburgh, PA: Pittsburgh International",24.00,7.00,2.89,0.96,1.70,0.00,1.45,0.00,0.00,549.00,203.00,148.00,85.00,0.00,113.00
2025,6,G7,GoJet Airlines LLC d/b/a United Express,PVD,"Providence, RI: Rhode Island Tf Green International",29.00,7.00,2.14,0.00,3.61,0.00,1.25,1.00,0.00,363.00,96.00,0.00,134.00,0.00,133.00
2025,6,G7,GoJet Airlines LLC d/b/a United Express,PWM,"Portland, ME: Portland International Jetport",4.00,0.00,0.00,0.00,0.00,0.00,0.00,0.00,0.00,0.00,0.00,0.00,0.00,0.00,0.00
2025,6,G7,GoJet Airlines LLC d/b/a United Express,RDU,"Raleigh/Durham, NC: Raleigh-Durham International",3.00,2.00,0.80,0.00,1.20,0.00,0.00,0.00,0.00,71.00,28.00,0.00,43.00,0.00,0.00
2025,6,G7,GoJet Airlines LLC d/b/a United Express,RIC,"Richmond, VA: Richmond International",200.00,59.00,15.01,3.46,12.92,0.00,27.61,10.00,0.00,7734.00,1276.00,914.00,783.00,0.00,4761.00
2025,6,G7,GoJet Airlines LLC d/b/a United Express,ROA,"Roanoke, VA: Roanoke Blacksburg Regional",53.00,16.00,3.06,0.06,4.55,0.00,8.34,0.00,0.00,1445.00,184.00,4.00,136.00,0.00,1121.00
2025,6,G7,GoJet Airlines LLC d/b/a United Express,ROC,"Rochester, NY: Frederick Douglass Grtr Rochester International",68.00,19.00,6.79,0.18,2.25,0.00,9.77,0.00,0.00,2527.00,893.00,14.00,109.00,0.00,1511.00
2025,6,G7,GoJet Airlines LLC d/b/a United Express,SCE,"State College, PA: State College Regional",90.00,21.00,9.62,0.61,3.84,0.00,6.94,0.00,0.00,2862.00,977.00,42.00,160.00,0.00,1683.00
2025,6,G7,GoJet Airlines LLC d/b/a United Express,SDF,"Louisville, KY: Louisville Muhammad Ali International",33.00,5.00,0.02,0.00,3.79,0.00,1.20,0.00,0.00,417.00,5.00,0.00,123.00,0.00,289.00
2025,6,G7,GoJet Airlines LLC d/b/a United Express,SGF,"Springfield, MO: Springfield-Branson National",78.00,27.00,6.90,0.00,5.37,0.00,14.73,0.00,0.00,1805.00,288.00,0.00,184.00,0.00,1333.00
2025,6,G7,GoJet Airlines LLC d/b/a United Express,STL,"St. Louis, MO: St Louis Lambert International",182.00,62.00,21.07,3.49,11.70,0.00,25.75,0.00,0.00,6719.00,2096.00,494.00,480.00,0.00,3649.00
2025,6,G7,GoJet Airlines LLC d/b/a United Express,SYR,"Syracuse, NY: Syracuse Hancock International",37.00,5.00,0.97,1.00,1.38,0.00,1.66,0.00,0.00,940.00,29.00,805.00,35.00,0.00,71.00
2025,6,G7,GoJet Airlines LLC d/b/a United Express,TUL,"Tulsa, OK: Tulsa International",54.00,20.00,6.06,0.84,6.44,0.00,6.66,0.00,0.00,1107.00,508.00,97.00,224.00,0.00,278.00
2025,6,G7,GoJet Airlines LLC d/b/a United Express,TVC,"Traverse City, MI: Cherry Capital",122.00,24.00,6.87,0.84,5.03,0.00,11.26,0.00,0.00,1861.00,413.00,216.00,187.00,0.00,1045.00
2025,6,G7,GoJet Airlines LLC d/b/a United Express,TYS,"Knoxville, TN: McGhee Tyson",2.00,0.00,0.00,0.00,0.00,0.00,0.00,0.00,0.00,0.00,0.00,0.00,0.00,0.00,0.00
2025,6,G7,GoJet Airlines LLC d/b/a United Express,XNA,"Fayetteville, AR: Northwest Arkansas National",88.00,18.00,9.16,0.82,2.43,0.00,5.58,0.00,2.00,2052.00,579.00,706.00,76.00,0.00,691.00
2025,6,HA,Hawaiian Airlines Network,ANC,"Anchorage, AK: Ted Stevens Anchorage International",38.00,16.00,13.47,0.00,1.20,1.00,0.33,0.00,0.00,1155.00,1026.00,0.00,30.00,77.00,22.00
2025,6,HA,Hawaiian Airlines Network,BOS,"Boston, MA: Logan International",22.00,5.00,4.25,0.00,0.00,0.00,0.75,0.00,0.00,308.00,290.00,0.00,0.00,0.00,18.00
2025,6,HA,Hawaiian Airlines Network,HNL,"Honolulu, HI: Daniel K Inouye International",2791.00,576.00,330.23,2.05,16.02,9.46,218.24,8.00,1.00,31732.00,20471.00,137.00,483.00,788.00,9853.00
2025,6,HA,Hawaiian Airlines Network,ITO,"Hilo, HI: Hilo International",398.00,41.00,23.67,0.00,0.00,0.89,16.44,0.00,0.00,1494.00,818.00,0.00,0.00,34.00,642.00
2025,6,HA,Hawaiian Airlines Network,JFK,"New York, NY: John F. Kennedy International",30.00,3.00,2.86,0.00,0.14,0.00,0.00,0.00,0.00,215.00,205.00,0.00,10.00,0.00,0.00
2025,6,HA,Hawaiian Airlines Network,KOA,"Kona, HI: Ellison Onizuka Kona International at Keahole",624.00,79.00,48.55,0.00,0.00,1.00,29.45,0.00,0.00,3084.00,1980.00,0.00,0.00,15.00,1089.00
2025,6,HA,Hawaiian Airlines Network,LAS,"Las Vegas, NV: Harry Reid International",120.00,17.00,11.92,0.00,0.00,0.00,5.08,0.00,0.00,878.00,630.00,0.00,0.00,0.00,248.00
2025,6,HA,Hawaiian Airlines Network,LAX,"Los Angeles, CA: Los Angeles International",187.00,56.00,36.19,0.00,0.00,0.30,19.50,0.00,1.00,3363.00,2233.00,0.00,0.00,17.00,1113.00
2025,6,HA,Hawaiian Airlines Network,LGB,"Long Beach, CA: Long Beach Airport",60.00,13.00,3.70,0.00,0.00,0.00,9.30,0.00,0.00,361.00,105.00,0.00,0.00,0.00,256.00
2025,6,HA,Hawaiian Airlines Network,LIH,"Lihue, HI: Lihue Airport",729.00,93.00,48.81,0.00,0.00,0.00,44.19,1.00,0.00,3406.00,1834.00,0.00,0.00,0.00,1572.00
2025,6,HA,Hawaiian Airlines Network,OAK,"Oakland, CA: Oakland International",83.00,22.00,13.58,0.00,0.00,0.00,8.42,0.00,0.00,1896.00,1606.00,0.00,0.00,0.00,290.00
2025,6,HA,Hawaiian Airlines Network,OGG,"Kahului, HI: Kahului Airport",1098.00,134.00,93.02,0.59,0.55,1.00,38.85,3.00,2.00,4968.00,3298.00,24.00,12.00,42.00,1592.00
2025,6,HA,Hawaiian Airlines Network,ONT,"Ontario, CA: Ontario International",11.00,2.00,0.29,0.00,0.00,0.00,1.71,0.00,0.00,58.00,5.00,0.00,0.00,0.00,53.00
2025,6,HA,Hawaiian Airlines Network,PDX,"Portland, OR: Portland International",76.00,17.00,13.16,0.00,0.00,0.67,3.17,0.00,1.00,1174.00,933.00,0.00,0.00,10.00,231.00
2025,6,HA,Hawaiian Airlines Network,PHX,"Phoenix, AZ: Phoenix Sky Harbor International",30.00,8.00,7.00,0.00,0.00,0.00,1.00,0.00,0.00,653.00,594.00,0.00,0.00,0.00,59.00
2025,6,HA,Hawaiian Airlines Network,PPG,"Pago Pago, TT: Pago Pago International",13.00,1.00,1.00,0.00,0.00,0.00,0.00,0.00,0.00,33.00,33.00,0.00,0.00,0.00,0.00
2025,6,HA,Hawaiian Airlines Network,SAN,"San Diego, CA: San Diego International",75.00,20.00,17.53,0.00,0.00,0.21,2.25,0.00,0.00,1327.00,906.00,0.00,0.00,6.00,415.00
2025,6,HA,Hawaiian Airlines Network,SEA,"Seattle, WA: Seattle/Tacoma International",188.00,78.00,58.20,0.50,0.00,1.53,17.78,0.00,0.00,3769.00,2037.00,76.00,0.00,92.00,1564.00
2025,6,HA,Hawaiian Airlines Network,SFO,"San Francisco, CA: San Francisco International",86.00,21.00,12.41,0.00,0.00,1.49,7.10,1.00,0.00,789.00,360.00,0.00,0.00,38.00,391.00
2025,6,HA,Hawaiian Airlines Network,SJC,"San Jose, CA: Norman Y. Mineta San Jose International",60.00,8.00,5.23,0.00,0.00,0.00,2.77,0.00,0.00,464.00,198.00,0.00,0.00,0.00,266.00
2025,6,HA,Hawaiian Airlines Network,SLC,"Salt Lake City, UT: Salt Lake City International",30.00,2.00,2.00,0.00,0.00,0.00,0.00,0.00,0.00,345.00,345.00,0.00,0.00,0.00,0.00
2025,6,HA,Hawaiian Airlines Network,SMF,"Sacramento, CA: Sacramento International",90.00,10.00,7.91,0.29,0.00,0.00,1.80,0.00,0.00,1100.00,1002.00,30.00,0.00,0.00,68.00
2025,6,MQ,Envoy Air,ABI,"Abilene, TX: Abilene Regional",146.00,48.00,9.05,5.29,8.89,0.00,24.77,3.00,1.00,2342.00,361.00,278.00,315.00,0.00,1388.00
2025,6,MQ,Envoy Air,ABQ,"Albuquerque, NM: Albuquerque International Sunport",78.00,23.00,3.85,1.42,7.93,0.00,9.80,2.00,0.00,1078.00,134.00,116.00,299.00,0.00,529.00
2025,6,MQ,Envoy Air,ACK,"Nantucket, MA: Nantucket Memorial",2.00,0.00,0.00,0.00,0.00,0.00,0.00,0.00,0.00,0.00,0.00,0.00,0.00,0.00,0.00
2025,6,MQ,Envoy Air,ACT,"Waco, TX: Waco Regional",54.00,23.00,6.94,0.54,3.99,0.00,11.52,2.00,0.00,1291.00,425.00,35.00,143.00,0.00,688.00
2025,6,MQ,Envoy Air,AEX,"Alexandria, LA: Alexandria International",4.00,0.00,0.00,0.00,0.00,0.00,0.00,0.00,0.00,0.00,0.00,0.00,0.00,0.00,0.00
2025,6,MQ,Envoy Air,ALB,"Albany, NY: Albany International",93.00,24.00,6.87,0.00,7.16,0.00,9.97,0.00,0.00,1047.00,263.00,0.00,302.00,0.00,482.00
2025,6,MQ,Envoy Air,ALO,"Waterloo, IA: Waterloo Regional",52.00,17.00,3.82,0.26,4.38,0.00,8.54,0.00,2.00,929.00,193.00,19.00,150.00,0.00,567.00
2025,6,MQ,Envoy Air,AMA,"Amarillo, TX: Rick Husband Amarillo International",180.00,41.00,5.02,5.82,11.55,0.00,18.62,4.00,2.00,2091.00,174.00,335.00,474.00,0.00,1108.00
2025,6,MQ,Envoy Air,ATL,"Atlanta, GA: Hartsfield-Jackson Atlanta International",96.00,27.00,8.29,1.49,9.21,0.00,8.02,6.00,0.00,1874.00,428.00,615.00,337.00,0.00,494.00
2025,6,MQ,Envoy Air,ATW,"Appleton, WI: Appleton International",150.00,36.00,6.01,1.40,8.47,0.00,20.12,2.00,0.00,1843.00,247.00,70.00,296.00,0.00,1230.00
2025,6,MQ,Envoy Air,AUS,"Austin, TX: Austin - Bergstrom International",146.00,42.00,5.50,3.28,10.62,0.32,22.28,6.00,2.00,1952.00,238.00,221.00,354.00,18.00,1121.00
2025,6,MQ,Envoy Air,AVL,"Asheville, NC: Asheville Regional",127.00,46.00,5.31,2.14,25.50,0.16,12.90,0.00,0.00,1802.00,265.00,219.00,746.00,3.00,569.00
2025,6,MQ,Envoy Air,AVP,"Scranton/Wilkes-Barre, PA: Wilkes Barre Scranton International",52.00,16.00,4.12,1.08,5.72,0.26,4.82,0.00,0.00,998.00,193.00,183.00,254.00,26.00,342.00
2025,6,MQ,Envoy Air,AZO,"Kalamazoo, MI: Kalamazoo/Battle Creek International",74.00,25.00,9.15,0.00,5.36,0.00,10.48,2.00,0.00,1718.00,834.00,0.00,242.00,0.00,642.00
2025,6,MQ,Envoy Air,BDL,"Hartford, CT: Bradley International",54.00,16.00,3.63,2.24,6.34,0.00,3.79,2.00,0.00,709.00,110.00,180.00,238.00,0.00,181.00
2025,6,MQ,Envoy Air,BFL,"Bakersfield, CA: Meadows Field",63.00,14.00,4.03,0.00,0.43,0.00,9.53,0.00,0.00,635.00,146.00,0.00,17.00,0.00,472.00
2025,6,MQ,Envoy Air,BGR,"Bangor, ME: Bangor International",50.00,14.00,1.64,1.18,5.56,0.00,5.62,1.00,0.00,953.00,111.00,142.00,292.00,0.00,408.00
2025,6,MQ,Envoy Air,BHM,"Birmingham, AL: Birmingham-Shuttlesworth International",186.00,47.00,7.72,1.53,17.53,0.00,20.23,3.00,1.00,2235.00,380.00,109.00,686.00,0.00,1060.00
2025,6,MQ,Envoy Air,BIL,"Billings, MT: Billings Logan International",112.00,32.00,10.00,0.26,8.69,0.00,13.05,0.00,0.00,1389.00,389.00,11.00,419.00,0.00,570.00
2025,6,MQ,Envoy Air,BIS,"Bismarck/Mandan, ND: Bismarck Municipal",86.00,26.00,2.89,0.23,7.14,0.00,15.74,0.00,0.00,1514.00,107.00,31.00,484.00,0.00,892.00
2025,6,MQ,Envoy Air,BMI,"Bloomington/Normal, IL: Central Il Regional Airport at Bloomington",124.00,21.00,3.37,1.56,5.34,0.00,10.74,3.00,0.00,928.00,83.00,54.00,170.00,0.00,621.00
2025,6,MQ,Envoy Air,BNA,"Nashville, TN: Nashville International",138.00,45.00,6.12,5.48,17.64,0.00,15.77,2.00,2.00,2712.00,299.00,501.00,950.00,0.00,962.00
2025,6,MQ,Envoy Air,BOI,"Boise, ID: Boise Air Terminal",31.00,3.00,0.75,0.00,1.00,0.00,1.25,0.00,0.00,63.00,19.00,0.00,15.00,0.00,29.00
2025,6,MQ,Envoy Air,BOS,"Boston, MA: Logan International",177.00,45.00,8.79,4.80,14.91,0.00,16.50,1.00,1.00,4212.00,962.00,332.00,954.00,0.00,1964.00
2025,6,MQ,Envoy Air,BRO,"Brownsville, TX: Brownsville South Padre Island International",90.00,28.00,8.36,2.88,5.70,0.00,11.07,0.00,1.00,1404.00,251.00,188.00,292.00,0.00,673.00
2025,6,MQ,Envoy Air,BTR,"Baton Rouge, LA: Baton Rouge Metropolitan/Ryan Field",33.00,5.00,1.38,0.24,2.00,0.00,1.38,2.00,0.00,183.00,46.00,15.00,88.00,0.00,34.00
2025,6,MQ,Envoy Air,BTV,"Burlington, VT: Patrick Leahy Burlington International",4.00,0.00,0.00,0.00,0.00,0.00,0.00,0.00,0.00,0.00,0.00,0.00,0.00,0.00,0.00
2025,6,MQ,Envoy Air,BUF,"Buffalo, NY: Buffalo Niagara International",62.00,8.00,2.60,0.00,2.18,0.00,3.22,0.00,0.00,597.00,139.00,0.00,124.00,0.00,334.00
2025,6,MQ,Envoy Air,BWI,"Baltimore, MD: Baltimore/Washington International Thurgood Marshall",90.00,25.00,4.51,1.14,9.20,0.00,10.15,2.00,1.00,1171.00,130.00,65.00,355.00,0.00,621.00
2025,6,MQ,Envoy Air,CAE,"Columbia, SC: Columbia Metropolitan",29.00,9.00,2.92,0.15,2.17,0.00,3.76,1.00,1.00,331.00,65.00,7.00,60.00,0.00,199.00
2025,6,MQ,Envoy Air,CHA,"Chattanooga, TN: Lovell Field",56.00,15.00,1.36,2.34,5.20,0.00,6.10,0.00,0.00,801.00,36.00,245.00,274.00,0.00,246.00
2025,6,MQ,Envoy Air,CHS,"Charleston, SC: Charleston AFB/International",71.00,21.00,3.49,0.75,6.64,0.00,10.12,1.00,0.00,1122.00,222.00,74.00,284.00,0.00,542.00
2025,6,MQ,Envoy Air,CID,"Cedar Rapids/Iowa City, IA: The Eastern Iowa",229.00,48.00,14.61,1.57,12.72,0.00,19.10,2.00,0.00,2744.00,1188.00,77.00,427.00,0.00,1052.00
2025,6,MQ,Envoy Air,CLD,"Carlsbad, CA: McClellan-Palomar",60.00,10.00,2.28,0.00,1.14,0.00,6.58,0.00,0.00,523.00,105.00,0.00,64.00,0.00,354.00
2025,6,MQ,Envoy Air,CLE,"Cleveland, OH: Cleveland-Hopkins International",64.00,18.00,3.32,1.35,5.36,0.00,7.97,1.00,0.00,1733.00,266.00,106.00,207.00,0.00,1154.00
2025,6,MQ,Envoy Air,CLL,"College Station/Bryan, TX: Easterwood Field",78.00,19.00,4.89,1.49,1.20,0.55,10.86,1.00,0.00,1082.00,232.00,218.00,31.00,21.00,580.00
2025,6,MQ,Envoy Air,CLT,"Charlotte, NC: Charlotte Douglas International",441.00,96.00,19.75,7.54,22.85,0.00,45.86,15.00,1.00,7020.00,1632.00,665.00,1429.00,0.00,3294.00
2025,6,MQ,Envoy Air,CMH,"Columbus, OH: John Glenn Columbus International",251.00,87.00,17.42,1.80,36.96,0.00,30.83,7.00,0.00,5113.00,1241.00,85.00,1480.00,0.00,2307.00
2025,6,MQ,Envoy Air,CMI,"Champaign/Urbana, IL: University of Illinois/Willard",132.00,43.00,7.29,1.06,5.13,0.00,29.52,2.00,0.00,3134.00,507.00,159.00,323.00,0.00,2145.00
2025,6,MQ,Envoy Air,COU,"Columbia, MO: Columbia Regional",143.00,45.00,3.33,4.07,8.32,0.00,29.27,1.00,0.00,2795.00,310.00,287.00,377.00,0.00,1821.00
2025,6,MQ,Envoy Air,CRP,"Corpus Christi, TX: Corpus Christi International",198.00,45.00,10.35,4.70,8.07,0.00,21.87,3.00,1.00,2884.00,549.00,782.00,415.00,0.00,1138.00
2025,6,MQ,Envoy Air,CVG,"Cincinnati, OH: Cincinnati/Northern Kentucky International",213.00,79.00,16.64,3.38,25.02,0.00,33.96,0.00,0.00,4559.00,868.00,307.00,1038.00,0.00,2346.00
2025,6,MQ,Envoy Air,CWA,"Mosinee, WI: Central Wisconsin",82.00,20.00,4.77,2.56,2.15,0.00,10.53,0.00,0.00,1821.00,747.00,95.00,117.00,0.00,862.00
2025,6,MQ,Envoy Air,DAY,"Dayton, OH: James M Cox/Dayton International",,,,,,,,,,,,,,,
2025,6,MQ,Envoy Air,DCA,"Washington, DC: Ronald Reagan Washington National",512.00,116.00,23.42,9.95,44.36,0.00,38.27,42.00,3.00,7183.00,2240.00,645.00,1908.00,0.00,2390.00
2025,6,MQ,Envoy Air,DEN,"Denver, CO: Denver International",15.00,9.00,0.12,0.92,6.10,0.00,1.87,0.00,0.00,811.00,13.00,155.00,453.00,0.00,190.00
2025,6,MQ,Envoy Air,DFW,"Dallas/Fort Worth, TX: Dallas/Fort Worth International",6181.00,1702.00,303.47,141.48,435.74,3.68,817.65,126.00,20.00,118077.00,23870.00,15404.00,21030.00,221.00,57552.00
2025,6,MQ,Envoy Air,DSM,"Des Moines, IA: Des Moines International",68.00,15.00,5.16,0.38,3.28,0.00,6.18,2.00,0.00,570.00,180.00,30.00,138.00,0.00,222.00
2025,6,MQ,Envoy Air,DTW,"Detroit, MI: Detroit Metro Wayne County",55.00,16.00,2.68,2.45,3.69,0.00,7.18,1.00,0.00,907.00,143.00,88.00,213.00,0.00,463.00
2025,6,MQ,Envoy Air,ECP,"Panama City, FL: Northwest Florida Beaches International",88.00,35.00,4.76,2.82,11.30,0.00,16.12,1.00,1.00,2038.00,398.00,292.00,496.00,0.00,852.00
2025,6,MQ,Envoy Air,ELP,"El Paso, TX: El Paso International",131.00,32.00,6.51,4.47,3.51,0.00,17.51,2.00,0.00,1855.00,316.00,353.00,107.00,0.00,1079.00
2025,6,MQ,Envoy Air,EVV,"Evansville, IN: Evansville Regional",135.00,43.00,11.39,0.73,16.41,0.00,14.47,5.00,1.00,1591.00,333.00,92.00,614.00,0.00,552.00
2025,6,MQ,Envoy Air,EWR,"Newark, NJ: Newark Liberty International",64.00,8.00,2.89,0.06,2.44,0.00,2.61,0.00,0.00,450.00,264.00,3.00,88.00,0.00,95.00
2025,6,MQ,Envoy Air,EYW,"Key West, FL: Key West International",139.00,27.00,8.57,0.32,7.80,0.00,10.31,2.00,0.00,1619.00,481.00,20.00,278.00,0.00,840.00
2025,6,MQ,Envoy Air,FAR,"Fargo, ND: Hector International",177.00,50.00,11.67,1.17,17.80,0.00,19.36,0.00,1.00,2715.00,419.00,120.00,637.00,0.00,1539.00
2025,6,MQ,Envoy Air,FCA,"Kalispell, MT: Glacier Park International",4.00,0.00,0.00,0.00,0.00,0.00,0.00,0.00,0.00,0.00,0.00,0.00,0.00,0.00,0.00
2025,6,MQ,Envoy Air,FSD,"Sioux Falls, SD: Joe Foss Field",38.00,11.00,1.62,0.30,5.97,0.00,3.11,0.00,0.00,778.00,76.00,40.00,343.00,0.00,319.00
2025,6,MQ,Envoy Air,FSM,"Fort Smith, AR: Fort Smith Regional",106.00,36.00,10.48,2.46,4.34,0.00,18.72,2.00,1.00,1949.00,378.00,219.00,234.00,0.00,1118.00
2025,6,MQ,Envoy Air,FWA,"Fort Wayne, IN: Fort Wayne International",124.00,34.00,5.42,2.90,9.59,0.00,16.09,0.00,1.00,2359.00,240.00,682.00,344.00,0.00,1093.00
2025,6,MQ,Envoy Air,GCK,"Garden City, KS: Garden City Regional",60.00,15.00,0.74,1.68,5.14,0.00,7.44,2.00,1.00,789.00,59.00,47.00,283.00,0.00,400.00
2025,6,MQ,Envoy Air,GGG,"Longview, TX: East Texas Regional",52.00,17.00,4.71,0.00,4.89,0.00,7.40,1.00,0.00,901.00,288.00,0.00,236.00,0.00,377.00
2025,6,MQ,Envoy Air,GJT,"Grand Junction, CO: Grand Junction Regional",4.00,2.00,1.26,0.00,0.00,0.00,0.74,0.00,0.00,98.00,61.00,0.00,0.00,0.00,37.00
2025,6,MQ,Envoy Air,GNV,"Gainesville, FL: Gainesville Regional",82.00,21.00,3.02,1.51,7.38,0.00,9.10,1.00,1.00,930.00,158.00,71.00,241.00,0.00,460.00
2025,6,MQ,Envoy Air,GPT,"Gulfport/Biloxi, MS: Gulfport-Biloxi International",78.00,18.00,1.21,1.21,4.77,0.00,10.80,2.00,0.00,1017.00,75.00,87.00,251.00,0.00,604.00
2025,6,MQ,Envoy Air,GRB,"Green Bay, WI: Green Bay Austin Straubel International",116.00,34.00,9.63,2.20,10.07,0.00,12.11,0.00,0.00,2022.00,554.00,521.00,275.00,0.00,672.00
2025,6,MQ,Envoy Air,GRK,"Killeen, TX: Robert Gray AAF",131.00,43.00,12.28,2.57,8.45,0.16,19.53,7.00,0.00,2078.00,477.00,289.00,405.00,8.00,899.00
2025,6,MQ,Envoy Air,GRR,"Grand Rapids, MI: Gerald R. Ford International",82.00,23.00,9.35,0.36,5.16,0.00,8.13,0.00,0.00,1518.00,430.00,45.00,234.00,0.00,809.00
2025,6,MQ,Envoy Air,GSO,"Greensboro/High Point, NC: Piedmont Triad International",146.00,28.00,5.25,2.26,5.94,0.00,14.55,0.00,0.00,2696.00,323.00,830.00,323.00,0.00,1220.00
2025,6,MQ,Envoy Air,GSP,"Greer, SC: Greenville-Spartanburg International",160.00,51.00,7.30,1.87,24.10,0.00,17.74,2.00,1.00,2095.00,360.00,127.00,868.00,0.00,740.00
2025,6,MQ,Envoy Air,HHH,"Hilton Head, SC: Hilton Head Airport",132.00,39.00,13.08,0.65,14.27,0.15,10.86,2.00,0.00,1937.00,717.00,56.00,587.00,3.00,574.00
2025,6,MQ,Envoy Air,HOU,"Houston, TX: William P Hobby",134.00,33.00,4.85,1.86,14.50,0.91,10.87,8.00,2.00,1535.00,233.00,88.00,642.00,32.00,540.00
2025,6,MQ,Envoy Air,HPN,"White Plains, NY: Westchester County",120.00,25.00,6.91,2.17,6.66,0.00,9.26,1.00,2.00,1202.00,370.00,65.00,249.00,0.00,518.00
2025,6,MQ,Envoy Air,HRL,"Harlingen/San Benito, TX: Valley International",120.00,31.00,4.90,2.38,3.93,0.00,19.79,2.00,0.00,1563.00,227.00,219.00,188.00,0.00,929.00
2025,6,MQ,Envoy Air,HSV,"Huntsville, AL: Huntsville International-Carl T Jones Field",142.00,34.00,5.60,1.60,8.94,0.00,17.85,7.00,0.00,1893.00,252.00,148.00,379.00,0.00,1114.00
2025,6,MQ,Envoy Air,IAH,"Houston, TX: George Bush Intercontinental/Houston",167.00,38.00,7.24,1.35,19.82,0.00,9.60,8.00,6.00,2092.00,251.00,114.00,1178.00,0.00,549.00
2025,6,MQ,Envoy Air,ICT,"Wichita, KS: Wichita Dwight D Eisenhower National",101.00,24.00,2.30,1.97,7.71,0.00,12.02,5.00,2.00,1197.00,143.00,104.00,349.00,0.00,601.00
2025,6,MQ,Envoy Air,ILM,"Wilmington, NC: Wilmington International",138.00,24.00,7.56,0.07,7.85,0.00,8.52,1.00,0.00,1253.00,350.00,7.00,260.00,0.00,636.00
2025,6,MQ,Envoy Air,IND,"Indianapolis, IN: Indianapolis International",55.00,9.00,1.02,0.00,4.77,0.00,3.21,0.00,0.00,273.00,36.00,0.00,152.00,0.00,85.00
2025,6,MQ,Envoy Air,JAN,"Jackson/Vicksburg, MS: Jackson Medgar Wiley Evers International",78.00,30.00,4.62,4.28,5.63,0.00,15.47,1.00,0.00,1413.00,149.00,405.00,274.00,0.00,585.00
2025,6,MQ,Envoy Air,JAX,"Jacksonville, FL: Jacksonville International",97.00,20.00,2.06,1.29,8.80,0.00,7.86,9.00,0.00,1277.00,110.00,213.00,481.00,0.00,473.00
2025,6,MQ,Envoy Air,LAN,"Lansing, MI: Capital Region International",90.00,24.00,7.15,0.64,3.80,0.00,12.41,0.00,0.00,991.00,226.00,39.00,137.00,0.00,589.00
2025,6,MQ,Envoy Air,LAS,"Las Vegas, NV: Harry Reid International",4.00,0.00,0.00,0.00,0.00,0.00,0.00,0.00,0.00,0.00,0.00,0.00,0.00,0.00,0.00
2025,6,MQ,Envoy Air,LAX,"Los Angeles, CA: Los Angeles International",4.00,0.00,0.00,0.00,0.00,0.00,0.00,0.00,0.00,0.00,0.00,0.00,0.00,0.00,0.00
2025,6,MQ,Envoy Air,LBB,"Lubbock, TX: Lubbock Preston Smith International",163.00,40.00,6.08,0.98,13.61,0.00,19.33,2.00,0.00,2176.00,356.00,172.00,568.00,0.00,1080.00
2025,6,MQ,Envoy Air,LEX,"Lexington, KY: Blue Grass",68.00,21.00,2.23,1.64,6.34,0.00,10.79,0.00,0.00,1263.00,91.00,187.00,255.00,0.00,730.00
2025,6,MQ,Envoy Air,LFT,"Lafayette, LA: Lafayette Regional Paul Fournet Field",48.00,13.00,2.68,2.04,2.56,0.00,5.72,0.00,0.00,996.00,73.00,331.00,206.00,0.00,386.00
2025,6,MQ,Envoy Air,LIT,"Little Rock, AR: Bill and Hillary Clinton Nat Adams Field",338.00,119.00,18.44,9.16,41.60,0.00,49.79,9.00,0.00,7392.00,1125.00,584.00,2057.00,0.00,3626.00
2025,6,MQ,Envoy Air,LRD,"Laredo, TX: Laredo International",123.00,37.00,11.93,4.65,3.56,0.00,16.87,3.00,0.00,2237.00,592.00,351.00,233.00,0.00,1061.00
2025,6,MQ,Envoy Air,LSE,"La Crosse, WI: La Crosse Regional",90.00,22.00,3.85,1.91,7.90,0.00,8.34,0.00,0.00,1217.00,172.00,223.00,210.00,0.00,612.00
2025,6,MQ,Envoy Air,MAF,"Midland/Odessa, TX: Midland International Air and Space Port",202.00,75.00,14.35,4.66,26.78,0.00,29.20,4.00,1.00,3968.00,1020.00,316.00,1054.00,0.00,1578.00
2025,6,MQ,Envoy Air,MCI,"Kansas City, MO: Kansas City International",112.00,29.00,9.13,0.00,9.91,0.00,9.95,7.00,1.00,1313.00,356.00,0.00,412.00,0.00,545.00
2025,6,MQ,Envoy Air,MCO,"Orlando, FL: Orlando International",26.00,5.00,0.84,0.00,2.23,0.00,1.93,0.00,0.00,136.00,46.00,0.00,43.00,0.00,47.00
2025,6,MQ,Envoy Air,MDT,"Harrisburg, PA: Harrisburg International",82.00,22.00,3.98,0.00,6.46,0.00,11.56,0.00,0.00,1199.00,244.00,0.00,229.00,0.00,726.00
2025,6,MQ,Envoy Air,MEM,"Memphis, TN: Memphis International",202.00,64.00,14.10,2.00,20.95,0.00,26.95,6.00,0.00,3140.00,510.00,287.00,894.00,0.00,1449.00
2025,6,MQ,Envoy Air,MFE,"Mission/McAllen/Edinburg, TX: McAllen International",130.00,27.00,4.77,2.57,6.01,0.00,13.66,3.00,0.00,1634.00,286.00,133.00,393.00,0.00,822.00
2025,6,MQ,Envoy Air,MGM,"Montgomery, AL: Montgomery Regional",26.00,3.00,0.57,0.23,2.07,0.00,0.13,0.00,0.00,230.00,13.00,35.00,163.00,0.00,19.00
2025,6,MQ,Envoy Air,MHK,"Manhattan/Ft. Riley, KS: Manhattan Regional",18.00,2.00,0.79,0.00,1.00,0.00,0.21,0.00,0.00,246.00,126.00,0.00,86.00,0.00,34.00
2025,6,MQ,Envoy Air,MHT,"Manchester, NH: Manchester Boston Regional",72.00,18.00,7.87,0.00,7.32,0.00,2.81,0.00,0.00,741.00,410.00,0.00,201.00,0.00,130.00
2025,6,MQ,Envoy Air,MIA,"Miami, FL: Miami International",859.00,197.00,43.70,13.79,51.54,2.03,85.95,14.00,4.00,11703.00,2393.00,1215.00,2185.00,60.00,5850.00
2025,6,MQ,Envoy Air,MLI,"Moline, IL: Quad Cities International",139.00,35.00,6.86,1.77,8.65,0.00,17.73,1.00,0.00,1916.00,332.00,73.00,362.00,0.00,1149.00
2025,6,MQ,Envoy Air,MLU,"Monroe, LA: Monroe Regional",90.00,20.00,3.95,3.41,3.71,0.00,8.93,1.00,0.00,1251.00,239.00,405.00,244.00,0.00,363.00
2025,6,MQ,Envoy Air,MOB,"Mobile, AL: Mobile Regional",26.00,16.00,1.54,0.34,7.71,0.00,6.41,2.00,0.00,572.00,71.00,16.00,221.00,0.00,264.00
2025,6,MQ,Envoy Air,MQT,"Marquette, MI: Marquette Sawyer Regional",60.00,20.00,3.91,2.58,2.97,0.00,10.53,0.00,0.00,1583.00,275.00,233.00,147.00,0.00,928.00
2025,6,MQ,Envoy Air,MRY,"Monterey, CA: Monterey Regional",30.00,8.00,0.73,0.00,4.42,0.00,2.85,0.00,0.00,313.00,21.00,0.00,146.00,0.00,146.00
2025,6,MQ,Envoy Air,MSN,"Madison, WI: Dane County Regional-Truax Field",84.00,26.00,4.44,0.29,6.97,0.00,14.29,1.00,0.00,1487.00,298.00,18.00,319.00,0.00,852.00
2025,6,MQ,Envoy Air,MSO,"Missoula, MT: Missoula Montana",52.00,11.00,4.30,0.19,4.14,0.00,2.38,0.00,0.00,557.00,253.00,5.00,126.00,0.00,173.00
2025,6,MQ,Envoy Air,MSP,"Minneapolis, MN: Minneapolis-St Paul International",88.00,17.00,3.87,0.45,4.34,0.00,8.34,1.00,0.00,812.00,273.00,15.00,152.00,0.00,372.00
2025,6,MQ,Envoy Air,MSY,"New Orleans, LA: Louis Armstrong New Orleans International",62.00,13.00,3.09,0.71,4.94,0.00,4.26,1.00,3.00,855.00,142.00,189.00,282.00,0.00,242.00
2025,6,MQ,Envoy Air,MTJ,"Montrose/Delta, CO: Montrose Regional",4.00,0.00,0.00,0.00,0.00,0.00,0.00,0.00,0.00,0.00,0.00,0.00,0.00,0.00,0.00
2025,6,MQ,Envoy Air,MVY,"Martha's Vineyard, MA: Martha's Vineyard Airport",4.00,1.00,0.04,0.00,0.00,0.00,0.96,0.00,0.00,28.00,1.00,0.00,0.00,0.00,27.00
2025,6,MQ,Envoy Air,MYR,"Myrtle Beach, SC: Myrtle Beach International",38.00,10.00,0.84,0.00,4.67,0.00,4.48,0.00,0.00,511.00,50.00,0.00,189.00,0.00,272.00
2025,6,MQ,Envoy Air,OKC,"Oklahoma City, OK: Okc Will Rogers International",217.00,72.00,16.88,3.41,21.11,0.00,30.60,5.00,0.00,3937.00,836.00,261.00,1062.00,0.00,1778.00
2025,6,MQ,Envoy Air,OMA,"Omaha, NE: Eppley Airfield",86.00,25.00,6.01,1.40,6.51,0.00,11.08,0.00,0.00,939.00,235.00,40.00,192.00,0.00,472.00
2025,6,MQ,Envoy Air,ONT,"Ontario, CA: Ontario International",2.00,0.00,0.00,0.00,0.00,0.00,0.00,0.00,0.00,0.00,0.00,0.00,0.00,0.00,0.00
2025,6,MQ,Envoy Air,ORD,"Chicago, IL: Chicago O'Hare International",4603.00,1209.00,233.59,61.96,443.17,2.67,467.62,29.00,5.00,79096.00,20404.00,5757.00,22170.00,73.00,30692.00
2025,6,MQ,Envoy Air,ORF,"Norfolk, VA: Norfolk International",42.00,4.00,1.23,0.00,0.16,0.00,2.61,1.00,0.00,244.00,93.00,0.00,12.00,0.00,139.00
2025,6,MQ,Envoy Air,PHX,"Phoenix, AZ: Phoenix Sky Harbor International",645.00,115.00,24.66,5.87,19.88,0.17,64.41,3.00,3.00,6781.00,1253.00,261.00,687.00,5.00,4575.00
2025,6,MQ,Envoy Air,PIA,"Peoria, IL: General Downing - Peoria International",90.00,28.00,5.74,0.51,5.76,0.00,15.99,0.00,0.00,1748.00,399.00,43.00,263.00,0.00,1043.00
2025,6,MQ,Envoy Air,PIT,"Pittsburgh, PA: Pittsburgh International",84.00,15.00,3.05,1.54,3.98,0.00,6.42,1.00,0.00,902.00,315.00,35.00,131.00,0.00,421.00
2025,6,MQ,Envoy Air,PNS,"Pensacola, FL: Pensacola International",145.00,27.00,5.92,0.87,9.81,0.00,10.40,3.00,0.00,1248.00,282.00,135.00,364.00,0.00,467.00
2025,6,MQ,Envoy Air,PSP,"Palm Springs, CA: Palm Springs International",2.00,2.00,1.10,0.00,0.19,0.00,0.71,0.00,0.00,184.00,72.00,0.00,19.00,0.00,93.00
2025,6,MQ,Envoy Air,PVD,"Providence, RI: Rhode Island Tf Green International",52.00,14.00,2.50,1.85,3.60,0.00,6.05,1.00,0.00,567.00,89.00,84.00,148.00,0.00,246.00
2025,6,MQ,Envoy Air,PWM,"Portland, ME: Portland International Jetport",55.00,16.00,6.96,2.08,2.20,0.00,4.76,0.00,0.00,717.00,278.00,48.00,128.00,0.00,263.00
2025,6,MQ,Envoy Air,RAP,"Rapid City, SD: Rapid City Regional",176.00,45.00,7.24,3.14,16.92,0.00,17.70,1.00,1.00,2476.00,338.00,341.00,632.00,0.00,1165.00
2025,6,MQ,Envoy Air,RDM,"Bend/Redmond, OR: Roberts Field",60.00,12.00,3.73,0.00,3.33,0.00,4.94,0.00,1.00,380.00,94.00,0.00,87.00,0.00,199.00
2025,6,MQ,Envoy Air,RDU,"Raleigh/Durham, NC: Raleigh-Durham International",45.00,8.00,2.65,0.30,1.68,0.00,3.37,0.00,0.00,261.00,106.00,10.00,33.00,0.00,112.00
2025,6,MQ,Envoy Air,RIC,"Richmond, VA: Richmond International",16.00,2.00,0.90,0.00,1.10,0.00,0.00,1.00,0.00,49.00,26.00,0.00,23.00,0.00,0.00
2025,6,MQ,Envoy Air,RNO,"Reno, NV: Reno/Tahoe International",1.00,1.00,0.00,0.00,0.00,0.00,1.00,0.00,0.00,95.00,0.00,0.00,0.00,0.00,95.00
2025,6,MQ,Envoy Air,ROC,"Rochester, NY: Frederick Douglass Grtr Rochester International",108.00,20.00,5.92,0.24,7.52,0.00,6.32,1.00,0.00,1099.00,344.00,6.00,225.00,0.00,524.00
2025,6,MQ,Envoy Air,SAT,"San Antonio, TX: San Antonio International",102.00,23.00,4.82,2.07,6.76,0.00,9.35,4.00,0.00,1153.00,217.00,120.00,350.00,0.00,466.00
2025,6,MQ,Envoy Air,SAV,"Savannah, GA: Savannah/Hilton Head International",58.00,10.00,2.50,0.47,5.81,0.00,1.23,0.00,0.00,380.00,97.00,30.00,211.00,0.00,42.00
2025,6,MQ,Envoy Air,SBA,"Santa Barbara, CA: Santa Barbara Municipal",24.00,4.00,0.31,0.00,1.06,0.00,2.63,0.00,1.00,319.00,47.00,0.00,27.00,0.00,245.00
2025,6,MQ,Envoy Air,SBP,"San Luis Obispo, CA: San Luis Obispo County Regional",7.00,3.00,0.00,0.00,0.05,0.00,2.95,0.00,0.00,314.00,0.00,0.00,6.00,0.00,308.00
2025,6,MQ,Envoy Air,SDF,"Louisville, KY: Louisville Muhammad Ali International",131.00,29.00,3.92,2.00,11.12,0.00,11.96,0.00,0.00,1295.00,202.00,160.00,505.00,0.00,428.00
2025,6,MQ,Envoy Air,SEA,"Seattle, WA: Seattle/Tacoma International",48.00,13.00,2.79,0.85,7.54,0.00,1.82,0.00,0.00,469.00,62.00,53.00,237.00,0.00,117.00
2025,6,MQ,Envoy Air,SGF,"Springfield, MO: Springfield-Branson National",403.00,126.00,22.78,10.39,38.13,0.00,54.70,8.00,2.00,6217.00,1004.00,841.00,1469.00,0.00,2903.00
2025,6,MQ,Envoy Air,SHV,"Shreveport, LA: Shreveport Regional",64.00,15.00,3.13,1.90,4.32,0.00,5.65,1.00,0.00,521.00,72.00,71.00,176.00,0.00,202.00
2025,6,MQ,Envoy Air,SJC,"San Jose, CA: Norman Y. Mineta San Jose International",26.00,2.00,0.33,0.00,0.67,0.00,1.00,0.00,0.00,63.00,5.00,0.00,10.00,0.00,48.00
2025,6,MQ,Envoy Air,SLC,"Salt Lake City, UT: Salt Lake City International",35.00,6.00,2.94,0.00,0.60,0.00,2.47,0.00,0.00,282.00,81.00,0.00,38.00,0.00,163.00
2025,6,MQ,Envoy Air,SPI,"Springfield, IL: Abraham Lincoln Capital",30.00,3.00,0.74,0.00,0.76,0.00,1.50,0.00,0.00,164.00,44.00,0.00,24.00,0.00,96.00
2025,6,MQ,Envoy Air,SRQ,"Sarasota/Bradenton, FL: Sarasota/Bradenton International",4.00,0.00,0.00,0.00,0.00,0.00,0.00,0.00,0.00,0.00,0.00,0.00,0.00,0.00,0.00
2025,6,MQ,Envoy Air,STL,"St. Louis, MO: St Louis Lambert International",154.00,30.00,6.91,0.06,9.90,0.00,13.12,1.00,0.00,1991.00,630.00,5.00,459.00,0.00,897.00
2025,6,MQ,Envoy Air,STS,"Santa Rosa, CA: Charles M. Schulz - Sonoma County",4.00,1.00,0.71,0.00,0.00,0.00,0.29,0.00,0.00,59.00,42.00,0.00,0.00,0.00,17.00
2025,6,MQ,Envoy Air,SYR,"Syracuse, NY: Syracuse Hancock International",147.00,40.00,9.04,1.57,13.72,0.00,15.67,6.00,0.00,1918.00,562.00,30.00,418.00,0.00,908.00
2025,6,MQ,Envoy Air,TLH,"Tallahassee, FL: Tallahassee International",98.00,17.00,3.90,0.05,5.55,0.00,7.51,1.00,0.00,783.00,185.00,5.00,121.00,0.00,472.00
2025,6,MQ,Envoy Air,TPA,"Tampa, FL: Tampa International",93.00,38.00,7.83,1.30,16.71,0.00,12.16,2.00,0.00,2138.00,386.00,164.00,802.00,0.00,786.00
2025,6,MQ,Envoy Air,TRI,"Bristol/Johnson City/Kingsport, TN: Tri Cities",57.00,25.00,2.32,0.01,9.01,0.00,13.66,0.00,0.00,1207.00,96.00,1.00,400.00,0.00,710.00
2025,6,MQ,Envoy Air,TUL,"Tulsa, OK: Tulsa International",212.00,62.00,12.12,3.67,15.92,0.00,30.29,1.00,3.00,3421.00,550.00,329.00,744.00,0.00,1798.00
2025,6,MQ,Envoy Air,TUS,"Tucson, AZ: Tucson International",49.00,4.00,0.32,0.00,0.16,0.00,3.52,0.00,0.00,246.00,8.00,0.00,3.00,0.00,235.00
2025,6,MQ,Envoy Air,TVC,"Traverse City, MI: Cherry Capital",46.00,8.00,1.33,0.00,3.55,0.00,3.12,0.00,0.00,325.00,53.00,0.00,151.00,0.00,121.00
2025,6,MQ,Envoy Air,TXK,"Texarkana, AR: Texarkana Regional-Webb Field",52.00,17.00,5.53,1.06,1.19,0.00,9.22,3.00,0.00,743.00,161.00,54.00,70.00,0.00,458.00
2025,6,MQ,Envoy Air,TYR,"Tyler, TX: Tyler Pounds Regional",78.00,23.00,4.24,1.56,2.12,0.00,15.08,2.00,0.00,986.00,128.00,110.00,71.00,0.00,677.00
2025,6,MQ,Envoy Air,TYS,"Knoxville, TN: McGhee Tyson",8.00,2.00,0.72,0.00,0.21,0.00,1.07,0.00,0.00,78.00,44.00,0.00,13.00,0.00,21.00
2025,6,MQ,Envoy Air,VPS,"Valparaiso, FL: Eglin AFB Destin Fort Walton Beach",19.00,4.00,0.08,0.00,2.03,0.00,1.88,0.00,0.00,184.00,3.00,0.00,58.00,0.00,123.00
2025,6,MQ,Envoy Air,XNA,"Fayetteville, AR: Northwest Arkansas National",492.00,134.00,26.22,12.35,35.82,0.00,59.61,9.00,1.00,13381.00,3327.00,3001.00,1434.00,0.00,5619.00
2025,6,NK,Spirit Airlines,ABQ,"Albuquerque, NM: Albuquerque International Sunport",9.00,1.00,0.00,0.00,0.00,0.00,1.00,0.00,0.00,48.00,0.00,0.00,0.00,0.00,48.00
2025,6,NK,Spirit Airlines,ACY,"Atlantic City, NJ: Atlantic City International",165.00,57.00,12.83,3.26,24.52,0.00,16.39,1.00,0.00,4456.00,850.00,266.00,1150.00,0.00,2190.00
2025,6,NK,Spirit Airlines,ATL,"Atlanta, GA: Hartsfield-Jackson Atlanta International",819.00,242.00,58.80,2.58,122.77,4.02,53.83,8.00,6.00,14792.00,4064.00,133.00,7053.00,109.00,3433.00
2025,6,NK,Spirit Airlines,AUS,"Austin, TX: Austin - Bergstrom International",118.00,24.00,2.06,0.67,14.57,0.00,6.70,1.00,1.00,1348.00,186.00,19.00,750.00,0.00,393.00
2025,6,NK,Spirit Airlines,BDL,"Hartford, CT: Bradley International",83.00,8.00,3.95,0.00,0.97,0.00,3.08,1.00,0.00,651.00,203.00,0.00,42.00,0.00,406.00
2025,6,NK,Spirit Airlines,BHM,"Birmingham, AL: Birmingham-Shuttlesworth International",58.00,11.00,4.13,0.00,3.81,0.00,3.06,2.00,0.00,1027.00,288.00,0.00,273.00,0.00,466.00
2025,6,NK,Spirit Airlines,BNA,"Nashville, TN: Nashville International",387.00,109.00,27.26,1.67,55.73,2.30,22.05,10.00,1.00,10366.00,3133.00,140.00,4655.00,121.00,2317.00
2025,6,NK,Spirit Airlines,BOI,"Boise, ID: Boise Air Terminal",9.00,2.00,1.00,0.00,1.00,0.00,0.00,0.00,0.00,65.00,50.00,0.00,15.00,0.00,0.00
2025,6,NK,Spirit Airlines,BOS,"Boston, MA: Logan International",329.00,112.00,26.70,2.32,64.59,0.00,18.39,4.00,0.00,7523.00,1767.00,145.00,3821.00,0.00,1790.00
2025,6,NK,Spirit Airlines,BUR,"Burbank, CA: Bob Hope",119.00,16.00,3.57,0.00,9.51,0.00,2.93,1.00,0.00,889.00,246.00,0.00,454.00,0.00,189.00
2025,6,NK,Spirit Airlines,BWI,"Baltimore, MD: Baltimore/Washington International Thurgood Marshall",511.00,182.00,53.36,5.66,96.93,0.00,26.05,7.00,2.00,11605.00,3254.00,313.00,5814.00,0.00,2224.00
2025,6,NK,Spirit Airlines,CAE,"Columbia, SC: Columbia Metropolitan",38.00,7.00,1.13,0.00,4.99,0.00,0.88,0.00,0.00,504.00,48.00,0.00,331.00,0.00,125.00
2025,6,NK,Spirit Airlines,CHA,"Chattanooga, TN: Lovell Field",43.00,9.00,3.05,0.92,3.38,0.00,1.65,0.00,0.00,717.00,158.00,197.00,255.00,0.00,107.00
2025,6,NK,Spirit Airlines,CHS,"Charleston, SC: Charleston AFB/International",65.00,15.00,3.06,0.00,10.71,0.25,0.98,1.00,0.00,1497.00,356.00,0.00,928.00,68.00,145.00
2025,6,NK,Spirit Airlines,CLE,"Cleveland, OH: Cleveland-Hopkins International",60.00,15.00,3.67,0.00,6.21,0.12,5.01,0.00,0.00,1300.00,208.00,0.00,495.00,28.00,569.00
2025,6,NK,Spirit Airlines,CLT,"Charlotte, NC: Charlotte Douglas International",356.00,78.00,14.13,1.02,43.25,0.00,19.60,2.00,0.00,5760.00,949.00,44.00,2966.00,0.00,1801.00
2025,6,NK,Spirit Airlines,CMH,"Columbus, OH: John Glenn Columbus International",209.00,56.00,13.25,0.96,28.00,0.00,13.80,7.00,1.00,3861.00,883.00,86.00,2124.00,0.00,768.00
2025,6,NK,Spirit Airlines,DFW,"Dallas/Fort Worth, TX: Dallas/Fort Worth International",651.00,143.00,37.25,5.03,67.08,0.35,33.29,8.00,5.00,10920.00,2307.00,280.00,5004.00,6.00,3323.00
2025,6,NK,Spirit Airlines,DTW,"Detroit, MI: Detroit Metro Wayne County",1042.00,240.00,64.18,13.78,100.62,1.45,59.97,14.00,0.00,21541.00,5310.00,2978.00,7279.00,62.00,5912.00
2025,6,NK,Spirit Airlines,EWR,"Newark, NJ: Newark Liberty International",731.00,193.00,34.41,1.33,132.31,0.28,24.67,27.00,4.00,15944.00,2074.00,55.00,12330.00,10.00,1475.00
2025,6,NK,Spirit Airlines,FLL,"Fort Lauderdale, FL: Fort Lauderdale-Hollywood International",1675.00,420.00,111.95,14.94,183.28,4.01,105.82,19.00,2.00,30922.00,9205.00,1249.00,11914.00,168.00,8386.00
2025,6,NK,Spirit Airlines,IAH,"Houston, TX: George Bush Intercontinental/Houston",646.00,197.00,46.42,4.20,86.30,0.26,59.82,17.00,6.00,17291.00,5148.00,398.00,7080.00,28.00,4637.00
2025,6,NK,Spirit Airlines,IND,"Indianapolis, IN: Indianapolis International",194.00,53.00,14.34,1.05,21.84,1.00,14.78,2.00,0.00,3745.00,924.00,315.00,1587.00,30.00,889.00
2025,6,NK,Spirit Airlines,LAS,"Las Vegas, NV: Harry Reid International",1633.00,319.00,68.52,7.03,157.46,1.02,84.97,14.00,2.00,20320.00,5862.00,651.00,8686.00,38.00,5083.00
2025,6,NK,Spirit Airlines,LAX,"Los Angeles, CA: Los Angeles International",642.00,124.00,39.32,6.25,47.80,1.34,29.29,9.00,3.00,8181.00,2352.00,415.00,2477.00,403.00,2534.00
2025,6,NK,Spirit Airlines,LBE,"Latrobe, PA: Arnold Palmer Regional",63.00,23.00,6.62,0.94,11.05,0.55,3.85,0.00,0.00,1444.00,583.00,129.00,458.00,30.00,244.00
2025,6,NK,Spirit Airlines,LGA,"New York, NY: LaGuardia",427.00,134.00,22.47,5.25,89.05,0.28,16.94,15.00,1.00,12051.00,2410.00,647.00,7893.00,16.00,1085.00
2025,6,NK,Spirit Airlines,MCI,"Kansas City, MO: Kansas City International",117.00,22.00,4.70,1.65,9.15,0.00,6.50,0.00,0.00,1273.00,205.00,120.00,610.00,0.00,338.00
2025,6,NK,Spirit Airlines,MCO,"Orlando, FL: Orlando International",1596.00,387.00,89.49,12.36,193.36,1.66,90.12,14.00,6.00,30941.00,7900.00,1273.00,14837.00,70.00,6861.00
2025,6,NK,Spirit Airlines,MEM,"Memphis, TN: Memphis International",91.00,16.00,2.16,0.00,8.15,0.00,5.69,0.00,0.00,864.00,189.00,0.00,324.00,0.00,351.00
2025,6,NK,Spirit Airlines,MIA,"Miami, FL: Miami International",349.00,90.00,21.11,3.73,52.24,0.00,12.93,9.00,3.00,6476.00,1247.00,456.00,3563.00,0.00,1210.00
2025,6,NK,Spirit Airlines,MKE,"Milwaukee, WI: General Mitchell International",87.00,16.00,2.24,1.90,8.91,0.21,2.75,0.00,0.00,1086.00,205.00,203.00,488.00,6.00,184.00
2025,6,NK,Spirit Airlines,MSP,"Minneapolis, MN: Minneapolis-St Paul International",36.00,11.00,2.36,0.65,4.85,0.00,3.14,0.00,0.00,742.00,91.00,41.00,422.00,0.00,188.00
2025,6,NK,Spirit Airlines,MSY,"New Orleans, LA: Louis Armstrong New Orleans International",394.00,112.00,32.46,2.91,38.78,0.27,37.57,11.00,2.00,11234.00,3466.00,437.00,2778.00,37.00,4516.00
2025,6,NK,Spirit Airlines,MYR,"Myrtle Beach, SC: Myrtle Beach International",381.00,99.00,20.27,3.66,55.54,0.00,19.53,4.00,2.00,7617.00,1430.00,209.00,3725.00,0.00,2253.00
2025,6,NK,Spirit Airlines,OAK,"Oakland, CA: Oakland International",136.00,25.00,3.73,0.00,11.43,3.64,6.21,1.00,0.00,1810.00,281.00,0.00,856.00,204.00,469.00
2025,6,NK,Spirit Airlines,ORD,"Chicago, IL: Chicago O'Hare International",545.00,135.00,23.30,7.75,71.38,0.41,32.16,6.00,0.00,10102.00,1532.00,675.00,5189.00,25.00,2681.00
2025,6,NK,Spirit Airlines,ORF,"Norfolk, VA: Norfolk International",87.00,17.00,1.78,0.29,11.20,0.00,3.72,0.00,0.00,947.00,237.00,33.00,461.00,0.00,216.00
2025,6,NK,Spirit Airlines,PBI,"West Palm Beach/Palm Beach, FL: Palm Beach International",18.00,5.00,3.00,0.00,2.00,0.00,0.00,0.00,0.00,245.00,81.00,0.00,164.00,0.00,0.00
2025,6,NK,Spirit Airlines,PDX,"Portland, OR: Portland International",60.00,9.00,2.20,1.00,3.80,0.00,2.00,1.00,0.00,690.00,90.00,32.00,130.00,0.00,438.00
2025,6,NK,Spirit Airlines,PHL,"Philadelphia, PA: Philadelphia International",313.00,77.00,24.14,3.55,38.83,0.18,10.30,3.00,1.00,6388.00,2040.00,308.00,2784.00,15.00,1241.00
2025,6,NK,Spirit Airlines,PHX,"Phoenix, AZ: Phoenix Sky Harbor International",46.00,9.00,2.38,0.00,1.61,0.00,5.01,0.00,0.00,367.00,122.00,0.00,85.00,0.00,160.00
2025,6,NK,Spirit Airlines,PIT,"Pittsburgh, PA: Pittsburgh International",129.00,30.00,7.04,0.00,14.25,0.00,8.70,0.00,0.00,2541.00,651.00,0.00,835.00,0.00,1055.00
2025,6,NK,Spirit Airlines,PNS,"Pensacola, FL: Pensacola International",104.00,24.00,5.33,0.00,14.63,0.22,3.82,1.00,0.00,1539.00,864.00,0.00,563.00,22.00,90.00
2025,6,NK,Spirit Airlines,RDU,"Raleigh/Durham, NC: Raleigh-Durham International",85.00,12.00,4.06,0.83,4.85,0.00,2.25,6.00,0.00,557.00,184.00,44.00,203.00,0.00,126.00
2025,6,NK,Spirit Airlines,RIC,"Richmond, VA: Richmond International",80.00,22.00,1.32,1.75,13.18,0.00,5.75,0.00,0.00,1546.00,240.00,59.00,854.00,0.00,393.00
2025,6,NK,Spirit Airlines,RNO,"Reno, NV: Reno/Tahoe International",59.00,10.00,2.61,0.05,5.78,0.00,1.57,0.00,0.00,363.00,113.00,1.00,211.00,0.00,38.00
2025,6,NK,Spirit Airlines,ROC,"Rochester, NY: Frederick Douglass Grtr Rochester International",31.00,9.00,3.07,0.00,5.68,0.00,0.25,0.00,1.00,494.00,180.00,0.00,307.00,0.00,7.00
2025,6,NK,Spirit Airlines,RSW,"Fort Myers, FL: Southwest Florida International",67.00,13.00,2.92,0.48,8.35,0.00,1.25,0.00,0.00,795.00,271.00,21.00,468.00,0.00,35.00
2025,6,NK,Spirit Airlines,SAN,"San Diego, CA: San Diego International",139.00,34.00,3.51,1.00,20.37,0.00,9.12,1.00,1.00,1837.00,154.00,49.00,798.00,0.00,836.00
2025,6,NK,Spirit Airlines,SAT,"San Antonio, TX: San Antonio International",217.00,38.00,13.02,0.00,14.00,0.00,10.98,2.00,1.00,2126.00,758.00,0.00,799.00,0.00,569.00
2025,6,NK,Spirit Airlines,SDF,"Louisville, KY: Louisville Muhammad Ali International",123.00,34.00,10.59,1.00,16.06,0.00,6.35,2.00,0.00,2194.00,1074.00,44.00,732.00,0.00,344.00
2025,6,NK,Spirit Airlines,SEA,"Seattle, WA: Seattle/Tacoma International",40.00,7.00,0.95,0.00,4.12,0.00,1.93,0.00,0.00,391.00,35.00,0.00,260.00,0.00,96.00
2025,6,NK,Spirit Airlines,SJC,"San Jose, CA: Norman Y. Mineta San Jose International",112.00,27.00,5.59,0.00,14.70,0.00,6.71,0.00,0.00,1532.00,447.00,0.00,720.00,0.00,365.00
2025,6,NK,Spirit Airlines,SJU,"San Juan, PR: Luis Munoz Marin International",308.00,88.00,32.58,1.59,35.79,1.45,16.60,1.00,0.00,5324.00,2283.00,136.00,1411.00,69.00,1425.00
2025,6,NK,Spirit Airlines,SLC,"Salt Lake City, UT: Salt Lake City International",43.00,7.00,1.98,0.00,4.02,0.00,1.00,0.00,0.00,505.00,75.00,0.00,378.00,0.00,52.00
2025,6,NK,Spirit Airlines,SMF,"Sacramento, CA: Sacramento International",67.00,11.00,2.27,0.00,4.98,1.00,2.75,1.00,0.00,604.00,84.00,0.00,290.00,26.00,204.00
2025,6,NK,Spirit Airlines,SNA,"Santa Ana, CA: John Wayne Airport-Orange County",150.00,19.00,6.87,0.00,8.25,0.00,3.88,0.00,0.00,706.00,215.00,0.00,380.00,0.00,111.00
2025,6,NK,Spirit Airlines,STL,"St. Louis, MO: St Louis Lambert International",22.00,2.00,0.00,0.00,1.00,0.00,1.00,2.00,0.00,128.00,0.00,0.00,96.00,0.00,32.00
2025,6,NK,Spirit Airlines,STT,"Charlotte Amalie, VI: Cyril E King",90.00,6.00,3.04,0.00,1.02,0.00,1.94,0.00,0.00,274.00,123.00,0.00,54.00,0.00,97.00
2025,6,NK,Spirit Airlines,STX,"Christiansted, VI: Henry E. Rohlsen",23.00,0.00,0.00,0.00,0.00,0.00,0.00,0.00,0.00,0.00,0.00,0.00,0.00,0.00,0.00
2025,6,NK,Spirit Airlines,TPA,"Tampa, FL: Tampa International",396.00,111.00,28.38,1.90,45.47,0.04,35.21,7.00,1.00,7852.00,2277.00,102.00,2739.00,6.00,2728.00
2025,6,OH,PSA Airlines Inc.,ABE,"Allentown/Bethlehem/Easton, PA: Lehigh Valley International",60.00,26.00,9.78,4.50,3.58,0.00,8.15,8.00,0.00,2220.00,852.00,397.00,237.00,0.00,734.00
2025,6,OH,PSA Airlines Inc.,AGS,"Augusta, GA: Augusta Regional at Bush Field",76.00,28.00,7.44,1.22,3.20,0.00,16.13,7.00,0.00,1741.00,321.00,82.00,204.00,0.00,1134.00
2025,6,OH,PSA Airlines Inc.,ALB,"Albany, NY: Albany International",130.00,49.00,11.81,2.65,8.69,0.00,25.85,14.00,0.00,4077.00,737.00,754.00,419.00,0.00,2167.00
2025,6,OH,PSA Airlines Inc.,ATL,"Atlanta, GA: Hartsfield-Jackson Atlanta International",259.00,83.00,16.97,8.41,27.99,0.00,29.63,13.00,1.00,7308.00,1034.00,1422.00,1625.00,0.00,3227.00
2025,6,OH,PSA Airlines Inc.,AUS,"Austin, TX: Austin - Bergstrom International",4.00,3.00,1.58,0.00,0.19,0.00,1.23,0.00,0.00,216.00,159.00,0.00,5.00,0.00,52.00
2025,6,OH,PSA Airlines Inc.,AVL,"Asheville, NC: Asheville Regional",95.00,39.00,8.34,5.20,10.83,0.00,14.63,6.00,0.00,4099.00,742.00,593.00,602.00,0.00,2162.00
2025,6,OH,PSA Airlines Inc.,AVP,"Scranton/Wilkes-Barre, PA: Wilkes Barre Scranton International",86.00,21.00,4.69,0.57,4.87,1.00,9.87,7.00,0.00,1225.00,231.00,39.00,247.00,26.00,682.00
2025,6,OH,PSA Airlines Inc.,BDL,"Hartford, CT: Bradley International",79.00,25.00,12.27,0.00,4.23,0.00,8.51,4.00,0.00,1493.00,861.00,0.00,162.00,0.00,470.00
2025,6,OH,PSA Airlines Inc.,BGR,"Bangor, ME: Bangor International",68.00,22.00,8.38,0.90,4.24,0.00,8.48,7.00,0.00,2326.00,839.00,192.00,221.00,0.00,1074.00
2025,6,OH,PSA Airlines Inc.,BHM,"Birmingham, AL: Birmingham-Shuttlesworth International",326.00,133.00,32.99,14.04,30.84,0.00,55.13,15.00,0.00,12325.00,2539.00,1847.00,1660.00,0.00,6279.00
2025,6,OH,PSA Airlines Inc.,BNA,"Nashville, TN: Nashville International",148.00,35.00,7.48,1.22,13.94,0.00,12.36,9.00,0.00,2232.00,395.00,336.00,512.00,0.00,989.00
2025,6,OH,PSA Airlines Inc.,BTR,"Baton Rouge, LA: Baton Rouge Metropolitan/Ryan Field",188.00,70.00,18.63,5.20,6.72,0.00,39.45,13.00,1.00,7271.00,1841.00,690.00,519.00,0.00,4221.00
2025,6,OH,PSA Airlines Inc.,BTV,"Burlington, VT: Patrick Leahy Burlington International",179.00,43.00,13.04,1.86,13.28,0.00,14.83,14.00,0.00,4164.00,851.00,272.00,492.00,0.00,2549.00
2025,6,OH,PSA Airlines Inc.,BUF,"Buffalo, NY: Buffalo Niagara International",119.00,46.00,8.35,4.20,11.52,0.00,21.93,11.00,0.00,4037.00,455.00,774.00,638.00,0.00,2170.00
2025,6,OH,PSA Airlines Inc.,BWI,"Baltimore, MD: Baltimore/Washington International Thurgood Marshall",12.00,2.00,0.35,0.00,0.65,1.00,0.00,0.00,0.00,61.00,11.00,0.00,20.00,30.00,0.00
2025,6,OH,PSA Airlines Inc.,CAE,"Columbia, SC: Columbia Metropolitan",147.00,62.00,15.80,2.33,10.49,0.00,33.38,16.00,2.00,5560.00,1339.00,488.00,672.00,0.00,3061.00
2025,6,OH,PSA Airlines Inc.,CAK,"Akron, OH: Akron-Canton Regional",139.00,67.00,13.26,7.04,14.41,0.00,32.29,3.00,0.00,6552.00,1302.00,886.00,736.00,0.00,3628.00
2025,6,OH,PSA Airlines Inc.,CHA,"Chattanooga, TN: Lovell Field",101.00,45.00,10.01,2.79,9.98,0.00,22.22,6.00,0.00,3344.00,708.00,164.00,364.00,0.00,2108.00
2025,6,OH,PSA Airlines Inc.,CHS,"Charleston, SC: Charleston AFB/International",181.00,57.00,13.74,1.93,10.30,0.00,31.02,5.00,0.00,4725.00,893.00,237.00,570.00,0.00,3025.00
2025,6,OH,PSA Airlines Inc.,CID,"Cedar Rapids/Iowa City, IA: The Eastern Iowa",30.00,11.00,2.73,0.07,3.64,0.00,4.56,1.00,0.00,771.00,126.00,2.00,199.00,0.00,444.00
2025,6,OH,PSA Airlines Inc.,CLE,"Cleveland, OH: Cleveland-Hopkins International",189.00,81.00,14.54,2.70,14.77,0.27,48.71,27.00,0.00,8896.00,1335.00,613.00,1072.00,62.00,5814.00
2025,6,OH,PSA Airlines Inc.,CLT,"Charlotte, NC: Charlotte Douglas International",4014.00,1115.00,218.98,131.56,252.27,0.21,511.99,160.00,4.00,113952.00,33310.00,14873.00,16762.00,10.00,48997.00
2025,6,OH,PSA Airlines Inc.,CMH,"Columbus, OH: John Glenn Columbus International",160.00,58.00,14.37,1.82,22.21,0.00,19.61,6.00,0.00,5182.00,1803.00,276.00,1120.00,0.00,1983.00
2025,6,OH,PSA Airlines Inc.,COU,"Columbia, MO: Columbia Regional",4.00,2.00,1.01,0.00,0.01,0.00,0.98,0.00,0.00,126.00,85.00,0.00,1.00,0.00,40.00
2025,6,OH,PSA Airlines Inc.,CRW,"Charleston/Dunbar, WV: West Virginia International Yeager",126.00,50.00,15.50,2.44,5.85,0.00,26.22,9.00,1.00,6003.00,2115.00,367.00,353.00,0.00,3168.00
2025,6,OH,PSA Airlines Inc.,CVG,"Cincinnati, OH: Cincinnati/Northern Kentucky International",248.00,108.00,22.23,5.74,22.88,0.00,57.15,18.00,1.00,10720.00,1779.00,1029.00,1089.00,0.00,6823.00
2025,6,OH,PSA Airlines Inc.,DAB,"Daytona Beach, FL: Daytona Beach International",127.00,42.00,8.26,4.02,4.53,0.00,25.19,3.00,0.00,2981.00,546.00,436.00,213.00,0.00,1786.00
2025,6,OH,PSA Airlines Inc.,DAY,"Dayton, OH: James M Cox/Dayton International",384.00,158.00,36.85,16.87,20.97,0.00,83.30,11.00,0.00,17845.00,2996.00,1992.00,1397.00,0.00,11460.00
2025,6,OH,PSA Airlines Inc.,DCA,"Washington, DC: Ronald Reagan Washington National",3336.00,1079.00,220.78,45.13,328.82,1.56,482.71,371.00,25.00,130961.00,43017.00,15385.00,22486.00,122.00,49951.00
2025,6,OH,PSA Airlines Inc.,DFW,"Dallas/Fort Worth, TX: Dallas/Fort Worth International",1785.00,642.00,138.93,39.81,137.81,1.23,324.22,102.00,13.00,61757.00,14538.00,4346.00,7493.00,42.00,35338.00
2025,6,OH,PSA Airlines Inc.,DSM,"Des Moines, IA: Des Moines International",60.00,25.00,5.69,0.76,7.58,0.00,10.97,6.00,0.00,1939.00,522.00,37.00,324.00,0.00,1056.00
2025,6,OH,PSA Airlines Inc.,DTW,"Detroit, MI: Detroit Metro Wayne County",112.00,38.00,12.23,2.51,4.20,0.79,18.26,15.00,0.00,3915.00,1082.00,519.00,423.00,57.00,1834.00
2025,6,OH,PSA Airlines Inc.,ECP,"Panama City, FL: Northwest Florida Beaches International",207.00,64.00,13.01,4.32,15.35,0.05,31.26,21.00,0.00,4623.00,720.00,258.00,872.00,3.00,2770.00
2025,6,OH,PSA Airlines Inc.,EWN,"New Bern/Morehead/Beaufort, NC: Coastal Carolina Regional",25.00,9.00,0.99,1.00,1.69,0.00,5.32,0.00,0.00,897.00,60.00,218.00,123.00,0.00,496.00
2025,6,OH,PSA Airlines Inc.,FWA,"Fort Wayne, IN: Fort Wayne International",102.00,34.00,8.01,1.68,6.15,0.00,18.17,5.00,0.00,2955.00,722.00,213.00,272.00,0.00,1748.00
2025,6,OH,PSA Airlines Inc.,GNV,"Gainesville, FL: Gainesville Regional",34.00,13.00,3.00,1.67,1.62,0.00,6.72,3.00,0.00,803.00,108.00,183.00,74.00,0.00,438.00
2025,6,OH,PSA Airlines Inc.,GPT,"Gulfport/Biloxi, MS: Gulfport-Biloxi International",93.00,25.00,6.04,3.20,7.13,0.00,8.63,6.00,0.00,2242.00,329.00,688.00,209.00,0.00,1016.00
2025,6,OH,PSA Airlines Inc.,GRR,"Grand Rapids, MI: Gerald R. Ford International",85.00,32.00,7.25,0.09,4.43,0.00,20.24,14.00,0.00,4256.00,806.00,4.00,262.00,0.00,3184.00
2025,6,OH,PSA Airlines Inc.,GSO,"Greensboro/High Point, NC: Piedmont Triad International",105.00,50.00,16.25,3.32,13.13,0.01,17.30,4.00,0.00,4687.00,1809.00,547.00,853.00,1.00,1477.00
2025,6,OH,PSA Airlines Inc.,GSP,"Greer, SC: Greenville-Spartanburg International",290.00,143.00,31.21,10.91,30.69,0.00,70.19,18.00,1.00,14931.00,2652.00,2156.00,1911.00,0.00,8212.00
2025,6,OH,PSA Airlines Inc.,HOU,"Houston, TX: William P Hobby",8.00,3.00,0.16,0.77,1.99,0.00,0.08,0.00,0.00,165.00,12.00,56.00,91.00,0.00,6.00
2025,6,OH,PSA Airlines Inc.,HPN,"White Plains, NY: Westchester County",225.00,88.00,22.08,5.31,17.59,0.00,43.02,20.00,2.00,6922.00,1489.00,814.00,1003.00,0.00,3616.00
2025,6,OH,PSA Airlines Inc.,HSV,"Huntsville, AL: Huntsville International-Carl T Jones Field",176.00,61.00,19.65,6.88,6.95,0.00,27.52,17.00,1.00,5432.00,2115.00,656.00,442.00,0.00,2219.00
2025,6,OH,PSA Airlines Inc.,IAD,"Washington, DC: Washington Dulles International",148.00,41.00,12.13,6.73,7.66,0.00,14.48,4.00,0.00,3333.00,550.00,686.00,489.00,0.00,1608.00
2025,6,OH,PSA Airlines Inc.,IAH,"Houston, TX: George Bush Intercontinental/Houston",2.00,1.00,0.00,0.07,0.29,0.00,0.63,0.00,0.00,112.00,0.00,8.00,33.00,0.00,71.00
2025,6,OH,PSA Airlines Inc.,ICT,"Wichita, KS: Wichita Dwight D Eisenhower National",149.00,59.00,14.10,1.54,17.02,0.00,26.35,14.00,1.00,4503.00,1180.00,73.00,889.00,0.00,2361.00
2025,6,OH,PSA Airlines Inc.,ILM,"Wilmington, NC: Wilmington International",122.00,36.00,9.00,2.43,8.54,0.00,16.03,11.00,0.00,3633.00,749.00,526.00,565.00,0.00,1793.00
2025,6,OH,PSA Airlines Inc.,IND,"Indianapolis, IN: Indianapolis International",20.00,8.00,3.54,0.00,0.39,0.00,4.07,1.00,0.00,454.00,190.00,0.00,30.00,0.00,234.00
2025,6,OH,PSA Airlines Inc.,JAN,"Jackson/Vicksburg, MS: Jackson Medgar Wiley Evers International",151.00,55.00,13.97,3.58,7.20,0.00,30.25,10.00,1.00,5072.00,1121.00,385.00,472.00,0.00,3094.00
2025,6,OH,PSA Airlines Inc.,JAX,"Jacksonville, FL: Jacksonville International",33.00,11.00,3.25,0.00,3.21,0.00,4.54,2.00,0.00,1060.00,292.00,0.00,250.00,0.00,518.00
2025,6,OH,PSA Airlines Inc.,LAN,"Lansing, MI: Capital Region International",26.00,14.00,4.41,1.02,3.00,0.00,5.57,2.00,0.00,1634.00,524.00,341.00,191.00,0.00,578.00
2025,6,OH,PSA Airlines Inc.,LAW,"Lawton/Fort Sill, OK: Lawton-Fort Sill Regional",78.00,32.00,6.59,3.43,3.60,0.02,18.36,3.00,2.00,3008.00,580.00,366.00,330.00,5.00,1727.00
2025,6,OH,PSA Airlines Inc.,LEX,"Lexington, KY: Blue Grass",252.00,99.00,22.59,9.45,16.87,0.00,50.09,13.00,0.00,8921.00,1820.00,1140.00,1020.00,0.00,4941.00
2025,6,OH,PSA Airlines Inc.,LFT,"Lafayette, LA: Lafayette Regional Paul Fournet Field",68.00,32.00,7.31,3.21,3.26,0.00,18.22,2.00,1.00,3107.00,686.00,373.00,150.00,0.00,1898.00
2025,6,OH,PSA Airlines Inc.,LIT,"Little Rock, AR: Bill and Hillary Clinton Nat Adams Field",64.00,10.00,3.05,2.60,2.66,0.00,1.68,1.00,1.00,603.00,161.00,226.00,80.00,0.00,136.00
2025,6,OH,PSA Airlines Inc.,MCI,"Kansas City, MO: Kansas City International",123.00,29.00,10.18,0.92,7.09,0.00,10.80,9.00,1.00,2362.00,804.00,60.00,438.00,0.00,1060.00
2025,6,OH,PSA Airlines Inc.,MDT,"Harrisburg, PA: Harrisburg International",30.00,14.00,1.52,2.69,2.22,0.00,7.57,4.00,0.00,1128.00,69.00,247.00,75.00,0.00,737.00
2025,6,OH,PSA Airlines Inc.,MEM,"Memphis, TN: Memphis International",183.00,59.00,16.85,2.30,16.09,0.00,23.76,17.00,0.00,4197.00,1205.00,177.00,861.00,0.00,1954.00
2025,6,OH,PSA Airlines Inc.,MGM,"Montgomery, AL: Montgomery Regional",56.00,25.00,5.28,3.41,5.87,0.00,10.44,3.00,0.00,2266.00,545.00,676.00,259.00,0.00,786.00
2025,6,OH,PSA Airlines Inc.,MHT,"Manchester, NH: Manchester Boston Regional",200.00,65.00,13.53,4.19,12.34,0.06,34.88,14.00,0.00,5506.00,1217.00,636.00,535.00,1.00,3117.00
2025,6,OH,PSA Airlines Inc.,MKE,"Milwaukee, WI: General Mitchell International",92.00,25.00,6.45,0.00,6.81,0.00,11.73,16.00,0.00,2699.00,657.00,0.00,294.00,0.00,1748.00
2025,6,OH,PSA Airlines Inc.,MLB,"Melbourne, FL: Melbourne Orlando International",90.00,27.00,7.09,2.90,6.24,0.00,10.78,3.00,0.00,2010.00,484.00,196.00,240.00,0.00,1090.00
2025,6,OH,PSA Airlines Inc.,MLI,"Moline, IL: Quad Cities International",51.00,20.00,7.88,0.11,2.57,0.00,9.44,3.00,0.00,1254.00,489.00,6.00,135.00,0.00,624.00
2025,6,OH,PSA Airlines Inc.,MOB,"Mobile, AL: Mobile Regional",64.00,15.00,6.24,0.51,3.78,0.00,4.47,6.00,0.00,991.00,269.00,72.00,289.00,0.00,361.00
2025,6,OH,PSA Airlines Inc.,MSN,"Madison, WI: Dane County Regional-Truax Field",102.00,31.00,10.91,1.52,7.81,0.00,10.76,2.00,0.00,2194.00,831.00,200.00,340.00,0.00,823.00
2025,6,OH,PSA Airlines Inc.,MSP,"Minneapolis, MN: Minneapolis-St Paul International",43.00,9.00,5.60,0.00,0.15,0.23,3.02,6.00,0.00,440.00,224.00,0.00,3.00,21.00,192.00
2025,6,OH,PSA Airlines Inc.,MSY,"New Orleans, LA: Louis Armstrong New Orleans International",83.00,28.00,7.56,0.00,10.96,0.00,9.49,7.00,2.00,1689.00,469.00,0.00,653.00,0.00,567.00
2025,6,OH,PSA Airlines Inc.,MYR,"Myrtle Beach, SC: Myrtle Beach International",187.00,61.00,15.54,2.65,12.06,0.00,30.75,11.00,0.00,4467.00,1019.00,274.00,593.00,0.00,2581.00
2025,6,OH,PSA Airlines Inc.,OAJ,"Jacksonville/Camp Lejeune, NC: Albert J Ellis",45.00,22.00,7.85,1.20,1.35,0.00,11.61,8.00,0.00,1572.00,442.00,43.00,49.00,0.00,1038.00
2025,6,OH,PSA Airlines Inc.,OKC,"Oklahoma City, OK: Okc Will Rogers International",22.00,9.00,2.86,0.24,1.14,0.00,4.76,0.00,0.00,479.00,104.00,7.00,46.00,0.00,322.00
2025,6,OH,PSA Airlines Inc.,OMA,"Omaha, NE: Eppley Airfield",60.00,23.00,6.32,4.00,5.50,0.00,7.18,3.00,1.00,2419.00,462.00,328.00,277.00,0.00,1352.00
2025,6,OH,PSA Airlines Inc.,ORD,"Chicago, IL: Chicago O'Hare International",233.00,94.00,22.43,5.08,24.13,0.00,42.35,10.00,2.00,9384.00,1306.00,331.00,1688.00,0.00,6059.00
2025,6,OH,PSA Airlines Inc.,ORF,"Norfolk, VA: Norfolk International",250.00,107.00,27.86,7.43,22.76,0.00,48.95,14.00,1.00,10051.00,2529.00,1237.00,1243.00,0.00,5042.00
2025,6,OH,PSA Airlines Inc.,PBI,"West Palm Beach/Palm Beach, FL: Palm Beach International",4.00,0.00,0.00,0.00,0.00,0.00,0.00,0.00,0.00,0.00,0.00,0.00,0.00,0.00,0.00
2025,6,OH,PSA Airlines Inc.,PHL,"Philadelphia, PA: Philadelphia International",1336.00,390.00,105.87,24.40,85.67,0.13,173.92,93.00,7.00,48122.00,17631.00,4566.00,5650.00,11.00,20264.00
2025,6,OH,PSA Airlines Inc.,PIA,"Peoria, IL: General Downing - Peoria International",136.00,52.00,14.51,5.09,9.58,0.00,22.83,8.00,1.00,4750.00,1116.00,1384.00,353.00,0.00,1897.00
2025,6,OH,PSA Airlines Inc.,PIT,"Pittsburgh, PA: Pittsburgh International",40.00,13.00,1.44,1.21,4.55,0.00,5.81,2.00,0.00,822.00,94.00,216.00,242.00,0.00,270.00
2025,6,OH,PSA Airlines Inc.,PNS,"Pensacola, FL: Pensacola International",275.00,117.00,33.35,9.14,24.75,0.00,49.77,16.00,1.00,10199.00,2517.00,851.00,1508.00,0.00,5323.00
2025,6,OH,PSA Airlines Inc.,PVD,"Providence, RI: Rhode Island Tf Green International",145.00,46.00,8.36,2.34,5.17,0.00,30.13,16.00,0.00,4753.00,947.00,405.00,318.00,0.00,3083.00
2025,6,OH,PSA Airlines Inc.,PWM,"Portland, ME: Portland International Jetport",74.00,26.00,7.36,1.32,4.65,0.00,12.67,8.00,0.00,2087.00,509.00,178.00,276.00,0.00,1124.00
2025,6,OH,PSA Airlines Inc.,RAP,"Rapid City, SD: Rapid City Regional",22.00,4.00,1.47,0.00,1.53,0.00,1.00,1.00,0.00,95.00,31.00,0.00,30.00,0.00,34.00
2025,6,OH,PSA Airlines Inc.,RDU,"Raleigh/Durham, NC: Raleigh-Durham International",69.00,21.00,5.33,1.37,5.04,0.00,9.26,4.00,0.00,1672.00,398.00,215.00,365.00,0.00,694.00
2025,6,OH,PSA Airlines Inc.,RIC,"Richmond, VA: Richmond International",98.00,29.00,11.04,1.64,10.10,0.00,6.22,3.00,0.00,1927.00,769.00,153.00,443.00,0.00,562.00
2025,6,OH,PSA Airlines Inc.,ROC,"Rochester, NY: Frederick Douglass Grtr Rochester International",116.00,34.00,8.77,0.97,4.66,0.00,19.60,13.00,0.00,3400.00,604.00,267.00,355.00,0.00,2174.00
2025,6,OH,PSA Airlines Inc.,SAF,"Santa Fe, NM: Santa Fe Regional",4.00,2.00,0.09,0.00,0.23,0.00,1.68,1.00,0.00,154.00,11.00,0.00,10.00,0.00,133.00
2025,6,OH,PSA Airlines Inc.,SAV,"Savannah, GA: Savannah/Hilton Head International",225.00,95.00,16.59,11.94,17.60,0.21,48.66,8.00,0.00,10715.00,1856.00,1688.00,1125.00,28.00,6018.00
2025,6,OH,PSA Airlines Inc.,SBN,"South Bend, IN: South Bend International",93.00,40.00,10.57,4.03,6.56,0.00,18.84,4.00,0.00,2891.00,602.00,432.00,394.00,0.00,1463.00
2025,6,OH,PSA Airlines Inc.,SDF,"Louisville, KY: Louisville Muhammad Ali International",195.00,80.00,22.02,4.00,24.97,0.00,29.01,15.00,0.00,6890.00,1329.00,589.00,1191.00,0.00,3781.00
2025,6,OH,PSA Airlines Inc.,SGF,"Springfield, MO: Springfield-Branson National",85.00,27.00,9.57,0.66,8.37,0.48,7.91,2.00,0.00,1702.00,660.00,72.00,281.00,27.00,662.00
2025,6,OH,PSA Airlines Inc.,SHV,"Shreveport, LA: Shreveport Regional",70.00,20.00,6.02,0.44,4.41,0.00,9.13,3.00,1.00,1303.00,355.00,25.00,208.00,0.00,715.00
2025,6,OH,PSA Airlines Inc.,SRQ,"Sarasota/Bradenton, FL: Sarasota/Bradenton International",8.00,2.00,1.30,0.00,0.00,0.00,0.70,0.00,0.00,173.00,74.00,0.00,0.00,0.00,99.00
2025,6,OH,PSA Airlines Inc.,STL,"St. Louis, MO: St Louis Lambert International",49.00,15.00,4.26,0.00,3.37,0.00,7.37,7.00,1.00,1533.00,464.00,0.00,104.00,0.00,965.00
2025,6,OH,PSA Airlines Inc.,SYR,"Syracuse, NY: Syracuse Hancock International",86.00,19.00,5.75,0.87,4.24,0.00,8.14,13.00,0.00,2485.00,284.00,248.00,357.00,0.00,1596.00
2025,6,OH,PSA Airlines Inc.,TLH,"Tallahassee, FL: Tallahassee International",94.00,47.00,10.09,2.75,6.62,0.00,27.53,9.00,0.00,4642.00,994.00,433.00,330.00,0.00,2885.00
2025,6,OH,PSA Airlines Inc.,TRI,"Bristol/Johnson City/Kingsport, TN: Tri Cities",1.00,1.00,0.56,0.00,0.08,0.00,0.35,0.00,0.00,85.00,48.00,0.00,7.00,0.00,30.00
2025,6,OH,PSA Airlines Inc.,TUL,"Tulsa, OK: Tulsa International",99.00,31.00,8.74,0.55,6.36,0.00,15.35,8.00,0.00,2701.00,699.00,18.00,360.00,0.00,1624.00
2025,6,OH,PSA Airlines Inc.,TVC,"Traverse City, MI: Cherry Capital",62.00,13.00,2.91,0.93,4.00,0.00,5.16,6.00,0.00,1014.00,298.00,139.00,151.00,0.00,426.00
2025,6,OH,PSA Airlines Inc.,TYS,"Knoxville, TN: McGhee Tyson",239.00,109.00,27.27,5.06,27.71,0.00,48.96,14.00,0.00,11549.00,2077.00,1927.00,1466.00,0.00,6079.00
2025,6,OH,PSA Airlines Inc.,VPS,"Valparaiso, FL: Eglin AFB Destin Fort Walton Beach",67.00,30.00,6.01,1.87,8.66,0.00,13.46,6.00,0.00,2351.00,342.00,183.00,336.00,0.00,1490.00
2025,6,OH,PSA Airlines Inc.,XNA,"Fayetteville, AR: Northwest Arkansas National",121.00,39.00,11.63,2.11,13.03,0.00,12.23,4.00,1.00,2461.00,1097.00,119.00,461.00,0.00,784.00
2025,6,OO,SkyWest Airlines Inc.,ABQ,"Albuquerque, NM: Albuquerque International Sunport",482.00,98.00,51.76,3.00,16.41,0.00,26.83,1.00,1.00,7837.00,3967.00,306.00,1413.00,0.00,2151.00
2025,6,OO,SkyWest Airlines Inc.,ABR,"Aberdeen, SD: Aberdeen Regional",60.00,4.00,3.00,0.97,0.03,0.00,0.00,0.00,1.00,937.00,877.00,58.00,2.00,0.00,0.00
2025,6,OO,SkyWest Airlines Inc.,ABY,"Albany, GA: Southwest Georgia Regional",81.00,33.00,20.49,8.60,3.91,0.00,0.00,0.00,0.00,4784.00,2634.00,1178.00,972.00,0.00,0.00
2025,6,OO,SkyWest Airlines Inc.,ACK,"Nantucket, MA: Nantucket Memorial",2.00,1.00,1.00,0.00,0.00,0.00,0.00,0.00,0.00,38.00,38.00,0.00,0.00,0.00,0.00
2025,6,OO,SkyWest Airlines Inc.,ACT,"Waco, TX: Waco Regional",36.00,8.00,4.83,0.90,0.27,0.00,2.00,2.00,0.00,400.00,167.00,173.00,24.00,0.00,36.00
2025,6,OO,SkyWest Airlines Inc.,ACV,"Arcata/Eureka, CA: California Redwood Coast Humboldt County",174.00,35.00,16.79,2.05,8.73,0.00,7.43,0.00,2.00,1656.00,692.00,310.00,244.00,0.00,410.00
2025,6,OO,SkyWest Airlines Inc.,AEX,"Alexandria, LA: Alexandria International",104.00,24.00,18.90,0.95,0.15,1.00,3.00,1.00,0.00,3642.00,2085.00,571.00,37.00,271.00,678.00
2025,6,OO,SkyWest Airlines Inc.,AGS,"Augusta, GA: Augusta Regional at Bush Field",26.00,8.00,5.40,1.16,1.44,0.00,0.00,0.00,0.00,871.00,551.00,176.00,144.00,0.00,0.00
2025,6,OO,SkyWest Airlines Inc.,ALB,"Albany, NY: Albany International",87.00,11.00,8.04,1.91,1.05,0.00,0.00,1.00,0.00,535.00,362.00,137.00,36.00,0.00,0.00
2025,6,OO,SkyWest Airlines Inc.,AMA,"Amarillo, TX: Rick Husband Amarillo International",92.00,35.00,15.04,4.48,7.07,0.00,8.41,2.00,2.00,3560.00,1088.00,1208.00,435.00,0.00,829.00
2025,6,OO,SkyWest Airlines Inc.,APN,"Alpena, MI: Alpena County Regional",52.00,7.00,5.92,1.00,0.08,0.00,0.00,0.00,0.00,392.00,336.00,54.00,2.00,0.00,0.00
2025,6,OO,SkyWest Airlines Inc.,ASE,"Aspen, CO: Aspen Pitkin County Sardy Field",603.00,197.00,85.92,22.44,44.62,0.00,44.02,12.00,57.00,25583.00,7469.00,5019.00,5108.00,0.00,7987.00
2025,6,OO,SkyWest Airlines Inc.,ATL,"Atlanta, GA: Hartsfield-Jackson Atlanta International",686.00,199.00,116.46,43.56,36.71,2.27,0.00,5.00,7.00,24306.00,16482.00,4202.00,3571.00,51.00,0.00
2025,6,OO,SkyWest Airlines Inc.,ATW,"Appleton, WI: Appleton International",386.00,112.00,57.53,13.61,18.12,0.00,22.73,1.00,2.00,9294.00,4611.00,982.00,1378.00,0.00,2323.00
2025,6,OO,SkyWest Airlines Inc.,AUS,"Austin, TX: Austin - Bergstrom International",713.00,163.00,79.89,39.75,29.81,0.00,13.55,10.00,1.00,12062.00,4304.00,4569.00,2116.00,0.00,1073.00
2025,6,OO,SkyWest Airlines Inc.,AVL,"Asheville, NC: Asheville Regional",59.00,14.00,7.14,1.00,2.13,0.00,3.72,0.00,0.00,599.00,310.00,35.00,126.00,0.00,128.00
2025,6,OO,SkyWest Airlines Inc.,AZO,"Kalamazoo, MI: Kalamazoo/Battle Creek International",86.00,19.00,15.52,2.19,1.29,0.00,0.00,0.00,1.00,3408.00,3061.00,238.00,109.00,0.00,0.00
2025,6,OO,SkyWest Airlines Inc.,BDL,"Hartford, CT: Bradley International",51.00,12.00,8.15,0.00,1.85,0.00,2.00,0.00,0.00,956.00,411.00,0.00,392.00,0.00,153.00
2025,6,OO,SkyWest Airlines Inc.,BFF,"Scottsbluff, NE: Scottsbluff W Neb Regional Wm B Heilig Field",52.00,16.00,6.84,1.48,2.96,0.00,4.72,1.00,1.00,1692.00,426.00,195.00,404.00,0.00,667.00
2025,6,OO,SkyWest Airlines Inc.,BFL,"Bakersfield, CA: Meadows Field",120.00,41.00,16.53,2.46,11.06,0.00,10.94,0.00,0.00,2568.00,1000.00,92.00,757.00,0.00,719.00
2025,6,OO,SkyWest Airlines Inc.,BGM,"Binghamton, NY: Greater Binghamton/Edwin A. Link Field",30.00,5.00,5.00,0.00,0.00,0.00,0.00,0.00,0.00,200.00,200.00,0.00,0.00,0.00,0.00
2025,6,OO,SkyWest Airlines Inc.,BHM,"Birmingham, AL: Birmingham-Shuttlesworth International",172.00,47.00,23.06,4.00,7.27,0.00,12.67,3.00,1.00,5095.00,2509.00,393.00,402.00,0.00,1791.00
2025,6,OO,SkyWest Airlines Inc.,BIH,"Bishop, CA: Bishop Airport",5.00,1.00,1.00,0.00,0.00,0.00,0.00,0.00,0.00,68.00,68.00,0.00,0.00,0.00,0.00
2025,6,OO,SkyWest Airlines Inc.,BIL,"Billings, MT: Billings Logan International",210.00,45.00,17.00,3.00,9.54,0.00,15.46,1.00,2.00,2983.00,1074.00,178.00,499.00,0.00,1232.00
2025,6,OO,SkyWest Airlines Inc.,BIS,"Bismarck/Mandan, ND: Bismarck Municipal",220.00,55.00,25.03,1.68,18.29,0.00,10.00,4.00,2.00,3746.00,1173.00,50.00,1551.00,0.00,972.00
2025,6,OO,SkyWest Airlines Inc.,BJI,"Bemidji, MN: Bemidji Regional",60.00,4.00,3.00,1.00,0.00,0.00,0.00,3.00,0.00,255.00,237.00,18.00,0.00,0.00,0.00
2025,6,OO,SkyWest Airlines Inc.,BLI,"Bellingham, WA: Bellingham International",119.00,35.00,4.37,1.00,4.78,0.00,24.85,0.00,0.00,1569.00,172.00,27.00,200.00,0.00,1170.00
2025,6,OO,SkyWest Airlines Inc.,BMI,"Bloomington/Normal, IL: Central Il Regional Airport at Bloomington",5.00,1.00,1.00,0.00,0.00,0.00,0.00,0.00,0.00,111.00,111.00,0.00,0.00,0.00,0.00
2025,6,OO,SkyWest Airlines Inc.,BNA,"Nashville, TN: Nashville International",261.00,101.00,47.69,16.27,19.42,0.00,17.62,4.00,2.00,7965.00,4135.00,1618.00,1006.00,0.00,1206.00
2025,6,OO,SkyWest Airlines Inc.,BOI,"Boise, ID: Boise Air Terminal",897.00,169.00,73.72,3.70,30.73,3.03,57.82,3.00,0.00,9661.00,4168.00,160.00,1863.00,220.00,3250.00
2025,6,OO,SkyWest Airlines Inc.,BPT,"Beaumont/Port Arthur, TX: Jack Brooks Regional",60.00,11.00,6.00,3.72,1.28,0.00,0.00,0.00,0.00,615.00,288.00,256.00,71.00,0.00,0.00
2025,6,OO,SkyWest Airlines Inc.,BRD,"Brainerd, MN: Brainerd Lakes Regional",52.00,8.00,6.95,0.00,1.05,0.00,0.00,0.00,2.00,465.00,418.00,0.00,47.00,0.00,0.00
2025,6,OO,SkyWest Airlines Inc.,BRO,"Brownsville, TX: Brownsville South Padre Island International",33.00,10.00,6.24,1.00,0.76,0.00,2.00,2.00,0.00,866.00,566.00,98.00,61.00,0.00,141.00
2025,6,OO,SkyWest Airlines Inc.,BTM,"Butte, MT: Bert Mooney",60.00,17.00,2.33,2.00,6.78,0.00,5.89,0.00,0.00,1991.00,743.00,120.00,540.00,0.00,588.00
2025,6,OO,SkyWest Airlines Inc.,BTR,"Baton Rouge, LA: Baton Rouge Metropolitan/Ryan Field",56.00,21.00,8.00,4.13,1.96,0.00,6.90,3.00,0.00,2133.00,765.00,415.00,137.00,0.00,816.00
2025,6,OO,SkyWest Airlines Inc.,BTV,"Burlington, VT: Patrick Leahy Burlington International",65.00,35.00,24.75,3.00,1.75,0.00,5.50,2.00,0.00,6434.00,4915.00,1043.00,137.00,0.00,339.00
2025,6,OO,SkyWest Airlines Inc.,BUF,"Buffalo, NY: Buffalo Niagara International",21.00,10.00,7.14,0.00,1.04,0.00,1.81,1.00,0.00,449.00,369.00,0.00,37.00,0.00,43.00
2025,6,OO,SkyWest Airlines Inc.,BUR,"Burbank, CA: Bob Hope",326.00,63.00,30.86,1.00,11.65,0.00,19.49,1.00,0.00,3013.00,941.00,51.00,464.00,0.00,1557.00
2025,6,OO,SkyWest Airlines Inc.,BWI,"Baltimore, MD: Baltimore/Washington International Thurgood Marshall",15.00,7.00,2.65,1.00,0.37,0.00,2.98,0.00,0.00,517.00,117.00,209.00,19.00,0.00,172.00
2025,6,OO,SkyWest Airlines Inc.,BZN,"Bozeman, MT: Bozeman Yellowstone International",186.00,23.00,12.88,1.00,2.40,0.00,6.71,0.00,2.00,1168.00,422.00,17.00,80.00,0.00,649.00
2025,6,OO,SkyWest Airlines Inc.,CAK,"Akron, OH: Akron-Canton Regional",119.00,38.00,21.10,2.70,5.94,0.00,8.25,3.00,0.00,3358.00,2101.00,185.00,385.00,0.00,687.00
2025,6,OO,SkyWest Airlines Inc.,CDC,"Cedar City, UT: Cedar City Regional",52.00,1.00,0.88,0.00,0.13,0.00,0.00,0.00,0.00,40.00,35.00,0.00,5.00,0.00,0.00
2025,6,OO,SkyWest Airlines Inc.,CHA,"Chattanooga, TN: Lovell Field",63.00,36.00,24.72,2.21,7.88,0.00,1.19,1.00,1.00,2050.00,1346.00,274.00,365.00,0.00,65.00
2025,6,OO,SkyWest Airlines Inc.,CHO,"Charlottesville, VA: Charlottesville Albemarle",74.00,23.00,11.73,0.86,3.37,0.00,7.04,0.00,0.00,1512.00,685.00,25.00,223.00,0.00,579.00
2025,6,OO,SkyWest Airlines Inc.,CHS,"Charleston, SC: Charleston AFB/International",55.00,22.00,16.56,2.61,2.83,0.00,0.00,0.00,0.00,1579.00,1103.00,342.00,134.00,0.00,0.00
2025,6,OO,SkyWest Airlines Inc.,CID,"Cedar Rapids/Iowa City, IA: The Eastern Iowa",170.00,49.00,30.78,1.00,9.67,0.00,7.55,0.00,0.00,5224.00,2663.00,1115.00,681.00,0.00,765.00
2025,6,OO,SkyWest Airlines Inc.,CIU,"Sault Ste. Marie, MI: Chippewa County International",91.00,16.00,9.35,2.00,1.07,0.00,3.59,0.00,3.00,1264.00,802.00,69.00,62.00,0.00,331.00
2025,6,OO,SkyWest Airlines Inc.,CLE,"Cleveland, OH: Cleveland-Hopkins International",174.00,74.00,48.13,5.85,12.32,0.00,7.70,4.00,0.00,5583.00,3594.00,576.00,678.00,0.00,735.00
2025,6,OO,SkyWest Airlines Inc.,CLL,"College Station/Bryan, TX: Easterwood Field",12.00,1.00,0.44,0.00,0.56,0.00,0.00,1.00,0.00,18.00,8.00,0.00,10.00,0.00,0.00
2025,6,OO,SkyWest Airlines Inc.,CLT,"Charlotte, NC: Charlotte Douglas International",79.00,30.00,13.18,8.88,3.98,0.00,3.95,2.00,0.00,3678.00,2415.00,928.00,223.00,0.00,112.00
2025,6,OO,SkyWest Airlines Inc.,CMH,"Columbus, OH: John Glenn Columbus International",139.00,56.00,40.53,2.71,8.00,0.00,4.77,0.00,0.00,5437.00,4046.00,530.00,553.00,0.00,308.00
2025,6,OO,SkyWest Airlines Inc.,CMX,"Hancock/Houghton, MI: Houghton County Memorial",64.00,27.00,16.11,1.00,2.62,0.00,7.27,0.00,1.00,3523.00,1799.00,563.00,193.00,0.00,968.00
2025,6,OO,SkyWest Airlines Inc.,COD,"Cody, WY: Yellowstone Regional",98.00,29.00,8.71,2.00,7.69,0.00,10.60,3.00,2.00,2801.00,838.00,233.00,384.00,0.00,1346.00
2025,6,OO,SkyWest Airlines Inc.,COS,"Colorado Springs, CO: City of Colorado Springs Municipal",455.00,171.00,78.30,13.77,33.81,0.00,45.13,6.00,1.00,17420.00,7013.00,1793.00,3044.00,0.00,5570.00
2025,6,OO,SkyWest Airlines Inc.,COU,"Columbia, MO: Columbia Regional",26.00,7.00,3.35,2.00,1.65,0.00,0.00,0.00,0.00,220.00,106.00,77.00,37.00,0.00,0.00
2025,6,OO,SkyWest Airlines Inc.,CPR,"Casper, WY: Casper/Natrona County International",209.00,77.00,29.73,3.97,18.83,0.00,24.47,2.00,1.00,6802.00,2451.00,286.00,1660.00,0.00,2405.00
2025,6,OO,SkyWest Airlines Inc.,CRP,"Corpus Christi, TX: Corpus Christi International",59.00,26.00,10.05,6.43,4.58,0.00,4.94,5.00,0.00,4672.00,1709.00,640.00,801.00,0.00,1522.00
2025,6,OO,SkyWest Airlines Inc.,CRW,"Charleston/Dunbar, WV: West Virginia International Yeager",109.00,27.00,14.28,0.97,6.77,0.00,4.97,0.00,0.00,4069.00,2844.00,149.00,416.00,0.00,660.00
2025,6,OO,SkyWest Airlines Inc.,CVG,"Cincinnati, OH: Cincinnati/Northern Kentucky International",21.00,8.00,5.00,0.00,0.89,0.00,2.11,0.00,0.00,597.00,173.00,0.00,19.00,0.00,405.00
2025,6,OO,SkyWest Airlines Inc.,CYS,"Cheyenne, WY: Cheyenne Regional/Jerry Olson Field",60.00,25.00,9.09,2.71,5.92,0.00,7.29,1.00,0.00,2899.00,1081.00,255.00,385.00,0.00,1178.00
2025,6,OO,SkyWest Airlines Inc.,DAY,"Dayton, OH: James M Cox/Dayton International",131.00,35.00,16.51,2.79,5.72,0.00,9.97,0.00,0.00,1981.00,938.00,222.00,365.00,0.00,456.00
2025,6,OO,SkyWest Airlines Inc.,DCA,"Washington, DC: Ronald Reagan Washington National",1.00,0.00,0.00,0.00,0.00,0.00,0.00,0.00,0.00,0.00,0.00,0.00,0.00,0.00,0.00
2025,6,OO,SkyWest Airlines Inc.,DDC,"Dodge City, KS: Dodge City Regional",52.00,14.00,5.15,0.00,3.62,0.00,5.23,0.00,1.00,1080.00,225.00,0.00,422.00,0.00,433.00
2025,6,OO,SkyWest Airlines Inc.,DEC,"Decatur, IL: Decatur Airport",52.00,11.00,4.13,0.00,3.78,0.00,3.09,0.00,0.00,556.00,126.00,0.00,341.00,0.00,89.00
2025,6,OO,SkyWest Airlines Inc.,DEN,"Denver, CO: Denver International",6495.00,2091.00,829.01,141.78,752.61,1.44,366.15,63.00,58.00,212906.00,71901.00,20632.00,72432.00,52.00,47889.00
2025,6,OO,SkyWest Airlines Inc.,DFW,"Dallas/Fort Worth, TX: Dallas/Fort Worth International",2453.00,741.00,371.00,139.13,120.40,1.90,108.57,85.00,11.00,73583.00,40387.00,15649.00,9735.00,91.00,7721.00
2025,6,OO,SkyWest Airlines Inc.,DHN,"Dothan, AL: Dothan Regional",19.00,11.00,5.00,4.26,1.74,0.00,0.00,0.00,0.00,1378.00,956.00,259.00,163.00,0.00,0.00
2025,6,OO,SkyWest Airlines Inc.,DIK,"Dickinson, ND: Dickinson - Theodore Roosevelt Regional",56.00,24.00,7.45,1.00,5.96,0.00,9.59,3.00,0.00,2240.00,539.00,95.00,373.00,0.00,1233.00
2025,6,OO,SkyWest Airlines Inc.,DLH,"Duluth, MN: Duluth International",189.00,40.00,24.06,0.00,7.00,0.00,8.94,0.00,2.00,3887.00,2084.00,0.00,460.00,0.00,1343.00
2025,6,OO,SkyWest Airlines Inc.,DRO,"Durango, CO: Durango La Plata County",322.00,73.00,41.03,4.97,11.01,0.00,15.99,5.00,3.00,7135.00,3454.00,957.00,487.00,0.00,2237.00
2025,6,OO,SkyWest Airlines Inc.,DSM,"Des Moines, IA: Des Moines International",214.00,52.00,25.15,5.02,12.78,0.00,9.04,1.00,1.00,4320.00,2501.00,468.00,639.00,0.00,712.00
2025,6,OO,SkyWest Airlines Inc.,DTW,"Detroit, MI: Detroit Metro Wayne County",2389.00,469.00,316.56,73.69,65.90,0.30,12.55,9.00,0.00,47178.00,34275.00,6458.00,5855.00,6.00,584.00
2025,6,OO,SkyWest Airlines Inc.,DVL,"Devils Lake, ND: Devils Lake Regional",55.00,8.00,3.00,0.00,1.06,0.00,3.94,1.00,0.00,496.00,107.00,0.00,138.00,0.00,251.00
2025,6,OO,SkyWest Airlines Inc.,EAR,"Kearney, NE: Kearney Regional",52.00,14.00,7.98,0.00,3.10,0.00,2.91,0.00,1.00,1860.00,300.00,0.00,214.00,0.00,1346.00
2025,6,OO,SkyWest Airlines Inc.,EAU,"Eau Claire, WI: Chippewa Valley Regional",52.00,21.00,10.44,1.68,2.03,0.00,6.84,0.00,0.00,2131.00,687.00,297.00,114.00,0.00,1033.00
2025,6,OO,SkyWest Airlines Inc.,ECP,"Panama City, FL: Northwest Florida Beaches International",33.00,15.00,7.67,1.64,5.69,0.00,0.00,0.00,0.00,1014.00,522.00,82.00,410.00,0.00,0.00
2025,6,OO,SkyWest Airlines Inc.,EGE,"Eagle, CO: Eagle County Regional",31.00,4.00,1.00,0.00,0.13,0.00,2.87,1.00,2.00,482.00,90.00,0.00,16.00,0.00,376.00
2025,6,OO,SkyWest Airlines Inc.,EKO,"Elko, NV: Elko Regional",48.00,3.00,2.89,0.00,0.11,0.00,0.00,0.00,0.00,100.00,96.00,0.00,4.00,0.00,0.00
2025,6,OO,SkyWest Airlines Inc.,ELM,"Elmira/Corning, NY: Elmira/Corning Regional",78.00,21.00,11.45,7.43,2.12,0.00,0.00,0.00,0.00,1416.00,971.00,384.00,61.00,0.00,0.00
2025,6,OO,SkyWest Airlines Inc.,ELP,"El Paso, TX: El Paso International",191.00,42.00,21.77,0.53,6.07,0.00,13.62,0.00,1.00,2884.00,1635.00,80.00,347.00,0.00,822.00
2025,6,OO,SkyWest Airlines Inc.,ESC,"Escanaba, MI: Delta County",52.00,8.00,7.07,0.00,0.93,0.00,0.00,0.00,0.00,455.00,428.00,0.00,27.00,0.00,0.00
2025,6,OO,SkyWest Airlines Inc.,EUG,"Eugene, OR: Mahlon Sweet Field",335.00,55.00,14.31,4.66,10.61,1.00,24.42,0.00,0.00,2495.00,711.00,197.00,480.00,53.00,1054.00
2025,6,OO,SkyWest Airlines Inc.,FAR,"Fargo, ND: Hector International",236.00,73.00,39.34,1.05,15.49,0.00,17.12,2.00,1.00,5497.00,2251.00,48.00,716.00,0.00,2482.00
2025,6,OO,SkyWest Airlines Inc.,FAT,"Fresno, CA: Fresno Yosemite International",719.00,122.00,46.73,7.71,24.17,0.00,43.39,1.00,0.00,7537.00,3108.00,587.00,1257.00,0.00,2585.00
2025,6,OO,SkyWest Airlines Inc.,FAY,"Fayetteville, NC: Fayetteville Regional/Grannis Field",1.00,0.00,0.00,0.00,0.00,0.00,0.00,0.00,0.00,0.00,0.00,0.00,0.00,0.00,0.00
2025,6,OO,SkyWest Airlines Inc.,FCA,"Kalispell, MT: Glacier Park International",221.00,35.00,19.05,3.00,5.22,0.00,7.73,0.00,1.00,1937.00,978.00,341.00,205.00,0.00,413.00
2025,6,OO,SkyWest Airlines Inc.,FLG,"Flagstaff, AZ: Flagstaff Pulliam",123.00,44.00,25.67,1.48,3.19,0.00,13.66,1.00,0.00,5059.00,4112.00,47.00,130.00,0.00,770.00
2025,6,OO,SkyWest Airlines Inc.,FMN,"Farmington, NM: Four Corners Regional",30.00,10.00,2.00,0.00,4.00,0.00,4.00,0.00,0.00,1377.00,865.00,0.00,166.00,0.00,346.00
2025,6,OO,SkyWest Airlines Inc.,FNT,"Flint, MI: Bishop International",168.00,66.00,40.48,3.59,6.31,0.00,15.63,1.00,0.00,8369.00,4067.00,465.00,549.00,0.00,3288.00
2025,6,OO,SkyWest Airlines Inc.,FOD,"Fort Dodge, IA: Fort Dodge Regional",52.00,6.00,3.00,0.00,0.17,0.00,2.83,0.00,1.00,195.00,132.00,0.00,4.00,0.00,59.00
2025,6,OO,SkyWest Airlines Inc.,FSD,"Sioux Falls, SD: Joe Foss Field",329.00,94.00,46.66,9.30,17.91,0.00,20.13,1.00,0.00,7502.00,3901.00,1649.00,1030.00,0.00,922.00
2025,6,OO,SkyWest Airlines Inc.,FWA,"Fort Wayne, IN: Fort Wayne International",290.00,107.00,68.18,13.45,11.64,0.00,13.73,1.00,1.00,9609.00,5846.00,1309.00,786.00,0.00,1668.00
2025,6,OO,SkyWest Airlines Inc.,GCC,"Gillette, WY: Northeast Wyoming Regional",60.00,18.00,7.89,0.00,6.41,0.00,3.70,0.00,0.00,2345.00,701.00,0.00,347.00,0.00,1297.00
2025,6,OO,SkyWest Airlines Inc.,GEG,"Spokane, WA: Spokane International",591.00,96.00,46.90,1.00,21.65,1.95,24.50,0.00,1.00,5449.00,2550.00,19.00,1053.00,252.00,1575.00
2025,6,OO,SkyWest Airlines Inc.,GFK,"Grand Forks, ND: Grand Forks International",65.00,8.00,6.19,1.00,0.81,0.00,0.00,0.00,0.00,332.00,223.00,96.00,13.00,0.00,0.00
2025,6,OO,SkyWest Airlines Inc.,GGG,"Longview, TX: East Texas Regional",8.00,2.00,2.00,0.00,0.00,0.00,0.00,0.00,0.00,620.00,620.00,0.00,0.00,0.00,0.00
2025,6,OO,SkyWest Airlines Inc.,GJT,"Grand Junction, CO: Grand Junction Regional",349.00,78.00,39.24,4.88,14.91,0.96,18.02,6.00,2.00,5846.00,2358.00,363.00,924.00,22.00,2179.00
2025,6,OO,SkyWest Airlines Inc.,GPT,"Gulfport/Biloxi, MS: Gulfport-Biloxi International",4.00,0.00,0.00,0.00,0.00,0.00,0.00,0.00,0.00,0.00,0.00,0.00,0.00,0.00,0.00
2025,6,OO,SkyWest Airlines Inc.,GRB,"Green Bay, WI: Green Bay Austin Straubel International",257.00,77.00,50.09,4.00,13.46,0.00,9.45,0.00,1.00,5159.00,2884.00,203.00,1404.00,0.00,668.00
2025,6,OO,SkyWest Airlines Inc.,GRI,"Grand Island, NE: Central Nebraska Regional",60.00,15.00,9.00,4.00,0.77,0.00,1.23,2.00,0.00,1425.00,714.00,491.00,101.00,0.00,119.00
2025,6,OO,SkyWest Airlines Inc.,GRK,"Killeen, TX: Robert Gray AAF",8.00,1.00,0.00,0.00,0.00,0.00,1.00,0.00,0.00,29.00,0.00,0.00,0.00,0.00,29.00
2025,6,OO,SkyWest Airlines Inc.,GRR,"Grand Rapids, MI: Gerald R. Ford International",296.00,86.00,61.16,3.36,10.76,0.00,10.72,3.00,0.00,6266.00,4859.00,150.00,569.00,0.00,688.00
2025,6,OO,SkyWest Airlines Inc.,GSO,"Greensboro/High Point, NC: Piedmont Triad International",44.00,16.00,4.78,1.86,6.02,0.00,3.33,0.00,0.00,1012.00,203.00,109.00,408.00,0.00,292.00
2025,6,OO,SkyWest Airlines Inc.,GSP,"Greer, SC: Greenville-Spartanburg International",49.00,18.00,14.20,0.00,3.80,0.00,0.00,0.00,0.00,1174.00,958.00,0.00,216.00,0.00,0.00
2025,6,OO,SkyWest Airlines Inc.,GTF,"Great Falls, MT: Great Falls International",135.00,10.00,7.00,1.90,0.16,0.00,0.94,0.00,0.00,698.00,469.00,116.00,9.00,0.00,104.00
2025,6,OO,SkyWest Airlines Inc.,GTR,"Columbus, MS: Golden Triangle Regional",30.00,8.00,2.77,0.70,2.20,0.00,2.33,0.00,1.00,524.00,290.00,28.00,86.00,0.00,120.00
2025,6,OO,SkyWest Airlines Inc.,GUC,"Gunnison, CO: Gunnison-Crested Butte Regional",89.00,24.00,8.21,0.95,8.09,0.00,6.76,0.00,0.00,2341.00,360.00,126.00,684.00,0.00,1171.00
2025,6,OO,SkyWest Airlines Inc.,HDN,"Hayden, CO: Yampa Valley",67.00,24.00,5.93,2.00,9.90,0.00,6.17,0.00,1.00,2891.00,235.00,941.00,645.00,0.00,1070.00
2025,6,OO,SkyWest Airlines Inc.,HIB,"Hibbing, MN: Range Regional",52.00,4.00,3.94,0.00,0.06,0.00,0.00,0.00,1.00,297.00,296.00,0.00,1.00,0.00,0.00
2025,6,OO,SkyWest Airlines Inc.,HLN,"Helena, MT: Helena Regional",150.00,36.00,15.91,0.00,9.43,0.00,10.66,2.00,0.00,3923.00,1213.00,0.00,730.00,0.00,1980.00
2025,6,OO,SkyWest Airlines Inc.,HOB,"Hobbs, NM: Lea County Regional",60.00,33.00,12.84,4.00,7.32,0.00,8.84,2.00,1.00,4336.00,1928.00,650.00,843.00,0.00,915.00
2025,6,OO,SkyWest Airlines Inc.,HOU,"Houston, TX: William P Hobby",56.00,24.00,13.14,2.09,4.24,0.00,4.52,4.00,0.00,1372.00,679.00,93.00,242.00,0.00,358.00
2025,6,OO,SkyWest Airlines Inc.,HPN,"White Plains, NY: Westchester County",35.00,4.00,2.91,0.00,1.09,0.00,0.00,0.00,0.00,342.00,290.00,0.00,52.00,0.00,0.00
2025,6,OO,SkyWest Airlines Inc.,HRL,"Harlingen/San Benito, TX: Valley International",11.00,1.00,0.00,0.00,0.44,0.00,0.56,0.00,0.00,45.00,0.00,0.00,20.00,0.00,25.00
2025,6,OO,SkyWest Airlines Inc.,HSV,"Huntsville, AL: Huntsville International-Carl T Jones Field",167.00,63.00,29.65,4.11,10.48,0.00,18.76,1.00,1.00,5612.00,1784.00,545.00,2013.00,0.00,1270.00
2025,6,OO,SkyWest Airlines Inc.,HYS,"Hays, KS: Hays Regional",52.00,20.00,6.83,0.00,3.11,0.00,10.05,0.00,0.00,2198.00,1005.00,0.00,214.00,0.00,979.00
2025,6,OO,SkyWest Airlines Inc.,IAD,"Washington, DC: Washington Dulles International",235.00,57.00,40.65,4.65,6.77,0.00,4.93,0.00,1.00,8036.00,5664.00,175.00,794.00,0.00,1403.00
2025,6,OO,SkyWest Airlines Inc.,IAH,"Houston, TX: George Bush Intercontinental/Houston",1362.00,450.00,204.81,36.09,111.27,1.00,96.84,55.00,16.00,50844.00,18524.00,5930.00,12987.00,17.00,13386.00
2025,6,OO,SkyWest Airlines Inc.,ICT,"Wichita, KS: Wichita Dwight D Eisenhower National",417.00,139.00,61.27,15.34,24.94,0.00,37.45,6.00,5.00,13263.00,5244.00,1333.00,1632.00,0.00,5054.00
2025,6,OO,SkyWest Airlines Inc.,IDA,"Idaho Falls, ID: Idaho Falls Regional",295.00,82.00,27.22,6.03,15.23,0.00,33.53,3.00,1.00,6305.00,2144.00,622.00,1133.00,0.00,2406.00
2025,6,OO,SkyWest Airlines Inc.,ILM,"Wilmington, NC: Wilmington International",28.00,8.00,6.00,0.00,0.11,0.00,1.89,0.00,1.00,867.00,575.00,0.00,17.00,0.00,275.00
2025,6,OO,SkyWest Airlines Inc.,IMT,"Iron Mountain/Kingsfd, MI: Ford",60.00,10.00,8.63,0.58,0.79,0.00,0.00,0.00,1.00,660.00,604.00,22.00,34.00,0.00,0.00
2025,6,OO,SkyWest Airlines Inc.,IND,"Indianapolis, IN: Indianapolis International",88.00,26.00,10.58,6.93,6.97,1.00,0.52,1.00,0.00,2154.00,764.00,941.00,331.00,74.00,44.00
2025,6,OO,SkyWest Airlines Inc.,INL,"International Falls, MN: Falls International Einarson Field",53.00,1.00,1.00,0.00,0.00,0.00,0.00,0.00,0.00,15.00,15.00,0.00,0.00,0.00,0.00
2025,6,OO,SkyWest Airlines Inc.,JAC,"Jackson, WY: Jackson Hole",216.00,30.00,15.04,3.00,4.15,0.00,7.80,2.00,1.00,1757.00,997.00,107.00,247.00,0.00,406.00
2025,6,OO,SkyWest Airlines Inc.,JAN,"Jackson/Vicksburg, MS: Jackson Medgar Wiley Evers International",40.00,20.00,7.85,1.88,3.44,0.00,6.83,2.00,0.00,1304.00,471.00,155.00,199.00,0.00,479.00
2025,6,OO,SkyWest Airlines Inc.,JAX,"Jacksonville, FL: Jacksonville International",78.00,18.00,7.42,4.22,4.41,0.00,1.95,1.00,0.00,1217.00,380.00,494.00,241.00,0.00,102.00
2025,6,OO,SkyWest Airlines Inc.,JLN,"Joplin, MO: Joplin Regional",60.00,23.00,11.52,0.92,3.86,0.00,6.69,1.00,1.00,3755.00,2235.00,46.00,956.00,0.00,518.00
2025,6,OO,SkyWest Airlines Inc.,JMS,"Jamestown, ND: Jamestown Regional",55.00,9.00,5.00,0.00,0.09,0.00,3.91,0.00,2.00,531.00,286.00,0.00,14.00,0.00,231.00
2025,6,OO,SkyWest Airlines Inc.,JST,"Johnstown, PA: John Murtha Johnstown-Cambria County",60.00,23.00,11.31,0.79,2.93,0.00,7.96,0.00,3.00,2865.00,1014.00,69.00,215.00,0.00,1567.00
2025,6,OO,SkyWest Airlines Inc.,LAN,"Lansing, MI: Capital Region International",84.00,23.00,18.54,2.00,2.46,0.00,0.00,0.00,0.00,1498.00,1179.00,86.00,233.00,0.00,0.00
2025,6,OO,SkyWest Airlines Inc.,LAR,"Laramie, WY: Laramie Regional",52.00,10.00,6.53,0.00,2.51,0.00,0.97,1.00,0.00,1317.00,1080.00,0.00,151.00,0.00,86.00
2025,6,OO,SkyWest Airlines Inc.,LAS,"Las Vegas, NV: Harry Reid International",500.00,116.00,48.28,12.42,37.91,0.00,17.39,2.00,0.00,9983.00,4684.00,1430.00,2668.00,0.00,1201.00
2025,6,OO,SkyWest Airlines Inc.,LAW,"Lawton/Fort Sill, OK: Lawton-Fort Sill Regional",12.00,4.00,1.95,0.00,0.40,0.00,1.65,0.00,0.00,156.00,48.00,0.00,20.00,0.00,88.00
2025,6,OO,SkyWest Airlines Inc.,LAX,"Los Angeles, CA: Los Angeles International",3322.00,450.00,276.23,35.09,51.79,4.68,82.22,13.00,6.00,40946.00,25186.00,6105.00,3334.00,347.00,5974.00
2025,6,OO,SkyWest Airlines Inc.,LBB,"Lubbock, TX: Lubbock Preston Smith International",152.00,52.00,25.07,5.67,13.88,1.00,6.39,6.00,4.00,4606.00,1978.00,769.00,1125.00,58.00,676.00
2025,6,OO,SkyWest Airlines Inc.,LBF,"North Platte, NE: North Platte Regional Airport Lee Bird Field",52.00,15.00,10.13,0.00,3.41,0.00,1.46,0.00,0.00,917.00,535.00,0.00,190.00,0.00,192.00
2025,6,OO,SkyWest Airlines Inc.,LBL,"Liberal, KS: Liberal Mid-America Regional",52.00,13.00,6.96,1.00,0.58,0.00,4.46,1.00,0.00,846.00,335.00,27.00,33.00,0.00,451.00
2025,6,OO,SkyWest Airlines Inc.,LCH,"Lake Charles, LA: Lake Charles Regional",90.00,26.00,16.46,2.78,3.43,0.00,3.33,2.00,0.00,1894.00,849.00,564.00,240.00,0.00,241.00
2025,6,OO,SkyWest Airlines Inc.,LEX,"Lexington, KY: Blue Grass",205.00,85.00,47.55,9.80,12.78,0.00,14.88,1.00,1.00,8256.00,4343.00,1978.00,940.00,0.00,995.00
2025,6,OO,SkyWest Airlines Inc.,LFT,"Lafayette, LA: Lafayette Regional Paul Fournet Field",118.00,37.00,17.45,4.35,7.97,0.87,6.35,4.00,0.00,2264.00,1000.00,166.00,484.00,146.00,468.00
2025,6,OO,SkyWest Airlines Inc.,LGA,"New York, NY: LaGuardia",121.00,39.00,15.21,9.44,14.35,0.00,0.00,5.00,2.00,3188.00,1073.00,1011.00,1104.00,0.00,0.00
2025,6,OO,SkyWest Airlines Inc.,LGB,"Long Beach, CA: Long Beach Airport",60.00,1.00,1.00,0.00,0.00,0.00,0.00,0.00,0.00,15.00,15.00,0.00,0.00,0.00,0.00
2025,6,OO,SkyWest Airlines Inc.,LIT,"Little Rock, AR: Bill and Hillary Clinton Nat Adams Field",181.00,69.00,32.97,5.09,17.71,1.89,11.33,2.00,1.00,4752.00,2112.00,403.00,1486.00,40.00,711.00
2025,6,OO,SkyWest Airlines Inc.,LNK,"Lincoln, NE: Lincoln Airport",270.00,94.00,36.19,2.92,27.59,0.00,27.30,2.00,1.00,10790.00,5135.00,219.00,2263.00,0.00,3173.00
2025,6,OO,SkyWest Airlines Inc.,LRD,"Laredo, TX: Laredo International",26.00,7.00,3.83,0.64,1.29,0.00,1.24,1.00,0.00,231.00,129.00,27.00,35.00,0.00,40.00
2025,6,OO,SkyWest Airlines Inc.,LWS,"Lewiston, ID: Lewiston Nez Perce County",60.00,5.00,4.00,1.00,0.00,0.00,0.00,0.00,0.00,177.00,157.00,20.00,0.00,0.00,0.00
2025,6,OO,SkyWest Airlines Inc.,MAF,"Midland/Odessa, TX: Midland International Air and Space Port",338.00,131.00,61.33,11.47,29.62,0.00,28.58,3.00,3.00,12319.00,4848.00,1075.00,2961.00,0.00,3435.00
2025,6,OO,SkyWest Airlines Inc.,MBS,"Saginaw/Bay City/Midland, MI: MBS International",204.00,48.00,34.26,1.98,4.95,0.00,6.82,1.00,0.00,3501.00,2243.00,196.00,541.00,0.00,521.00
2025,6,OO,SkyWest Airlines Inc.,MCI,"Kansas City, MO: Kansas City International",151.00,26.00,13.56,3.95,4.29,0.00,4.20,0.00,2.00,1996.00,799.00,826.00,161.00,0.00,210.00
2025,6,OO,SkyWest Airlines Inc.,MCW,"Mason City, IA: Mason City Municipal",52.00,14.00,4.87,0.04,3.57,0.00,5.53,0.00,1.00,995.00,356.00,4.00,237.00,0.00,398.00
2025,6,OO,SkyWest Airlines Inc.,MDT,"Harrisburg, PA: Harrisburg International",47.00,13.00,7.83,1.00,2.19,0.00,1.99,1.00,0.00,646.00,299.00,39.00,94.00,0.00,214.00
2025,6,OO,SkyWest Airlines Inc.,MDW,"Chicago, IL: Chicago Midway International",152.00,30.00,25.00,2.76,2.24,0.00,0.00,0.00,0.00,1474.00,1186.00,193.00,95.00,0.00,0.00
2025,6,OO,SkyWest Airlines Inc.,MEI,"Meridian, MS: Key Field",52.00,18.00,9.48,3.65,1.87,0.00,3.00,4.00,1.00,3452.00,2057.00,835.00,160.00,0.00,400.00
2025,6,OO,SkyWest Airlines Inc.,MEM,"Memphis, TN: Memphis International",313.00,87.00,44.60,9.31,17.39,0.00,15.70,0.00,1.00,5634.00,2599.00,426.00,1214.00,0.00,1395.00
2025,6,OO,SkyWest Airlines Inc.,MFE,"Mission/McAllen/Edinburg, TX: McAllen International",89.00,23.00,13.25,4.87,4.88,0.00,0.00,0.00,0.00,1567.00,1095.00,233.00,239.00,0.00,0.00
2025,6,OO,SkyWest Airlines Inc.,MFR,"Medford, OR: Rogue Valley International - Medford",233.00,24.00,14.30,1.00,2.39,1.00,5.31,0.00,0.00,852.00,544.00,21.00,63.00,49.00,175.00
2025,6,OO,SkyWest Airlines Inc.,MGM,"Montgomery, AL: Montgomery Regional",107.00,44.00,27.05,9.83,6.20,0.00,0.92,2.00,0.00,4756.00,3329.00,928.00,464.00,0.00,35.00
2025,6,OO,SkyWest Airlines Inc.,MGW,"Morgantown, WV: Morgantown Municipal Walter L Bill Hart Field",60.00,17.00,5.31,1.41,1.29,0.00,9.00,0.00,2.00,2226.00,715.00,121.00,116.00,0.00,1274.00
2025,6,OO,SkyWest Airlines Inc.,MHK,"Manhattan/Ft. Riley, KS: Manhattan Regional",131.00,48.00,27.59,7.12,8.53,0.00,4.76,3.00,1.00,4749.00,2813.00,1232.00,452.00,0.00,252.00
2025,6,OO,SkyWest Airlines Inc.,MKE,"Milwaukee, WI: General Mitchell International",510.00,187.00,106.37,12.30,34.23,0.00,34.10,3.00,0.00,15022.00,9192.00,1154.00,2556.00,0.00,2120.00
2025,6,OO,SkyWest Airlines Inc.,MLI,"Moline, IL: Quad Cities International",112.00,35.00,16.75,2.00,9.27,0.00,6.98,0.00,1.00,2104.00,984.00,230.00,543.00,0.00,347.00
2025,6,OO,SkyWest Airlines Inc.,MOB,"Mobile, AL: Mobile Regional",1.00,0.00,0.00,0.00,0.00,0.00,0.00,0.00,0.00,0.00,0.00,0.00,0.00,0.00,0.00
2025,6,OO,SkyWest Airlines Inc.,MOT,"Minot, ND: Minot International",242.00,61.00,26.36,5.99,13.32,0.00,15.32,1.00,0.00,6273.00,3065.00,1223.00,771.00,0.00,1214.00
2025,6,OO,SkyWest Airlines Inc.,MQT,"Marquette, MI: Marquette Sawyer Regional",60.00,6.00,5.65,0.00,0.35,0.00,0.00,0.00,0.00,462.00,429.00,0.00,33.00,0.00,0.00
2025,6,OO,SkyWest Airlines Inc.,MRY,"Monterey, CA: Monterey Regional",333.00,83.00,36.37,4.00,12.37,0.00,30.27,4.00,3.00,7997.00,3657.00,277.00,815.00,0.00,3248.00
2025,6,OO,SkyWest Airlines Inc.,MSN,"Madison, WI: Dane County Regional-Truax Field",256.00,67.00,39.55,6.79,5.09,0.00,15.57,2.00,0.00,4350.00,2539.00,500.00,351.00,0.00,960.00
2025,6,OO,SkyWest Airlines Inc.,MSO,"Missoula, MT: Missoula Montana",155.00,18.00,12.40,1.86,0.94,0.00,2.80,0.00,1.00,794.00,393.00,143.00,60.00,0.00,198.00
2025,6,OO,SkyWest Airlines Inc.,MSP,"Minneapolis, MN: Minneapolis-St Paul International",2200.00,321.00,217.05,58.75,41.31,1.00,2.89,4.00,1.00,30637.00,22644.00,5297.00,2321.00,18.00,357.00
2025,6,OO,SkyWest Airlines Inc.,MSY,"New Orleans, LA: Louis Armstrong New Orleans International",65.00,16.00,6.24,4.65,5.11,0.00,0.00,1.00,0.00,963.00,407.00,262.00,294.00,0.00,0.00
2025,6,OO,SkyWest Airlines Inc.,MTJ,"Montrose/Delta, CO: Montrose Regional",40.00,14.00,7.73,0.00,1.27,0.00,5.00,0.00,0.00,713.00,191.00,0.00,55.00,0.00,467.00
2025,6,OO,SkyWest Airlines Inc.,OAK,"Oakland, CA: Oakland International",114.00,19.00,11.56,0.69,2.80,0.00,3.95,0.00,0.00,1062.00,754.00,20.00,90.00,0.00,198.00
2025,6,OO,SkyWest Airlines Inc.,OKC,"Oklahoma City, OK: Okc Will Rogers International",784.00,253.00,121.46,17.49,52.64,0.00,61.42,7.00,5.00,22713.00,10002.00,1990.00,4280.00,0.00,6441.00
2025,6,OO,SkyWest Airlines Inc.,OMA,"Omaha, NE: Eppley Airfield",410.00,100.00,68.82,6.81,15.57,0.00,8.80,0.00,3.00,7048.00,4685.00,694.00,1266.00,0.00,403.00
2025,6,OO,SkyWest Airlines Inc.,ONT,"Ontario, CA: Ontario International",176.00,21.00,14.00,0.97,3.24,0.79,2.00,0.00,0.00,811.00,573.00,28.00,83.00,26.00,101.00
2025,6,OO,SkyWest Airlines Inc.,ORD,"Chicago, IL: Chicago O'Hare International",6111.00,2090.00,1037.43,126.43,424.99,2.96,498.18,43.00,16.00,209788.00,109072.00,17068.00,35528.00,118.00,48002.00
2025,6,OO,SkyWest Airlines Inc.,ORF,"Norfolk, VA: Norfolk International",14.00,4.00,3.80,0.00,0.20,0.00,0.00,0.00,0.00,90.00,86.00,0.00,4.00,0.00,0.00
2025,6,OO,SkyWest Airlines Inc.,OTH,"North Bend/Coos Bay, OR: Southwest Oregon Regional",60.00,16.00,1.57,1.00,4.74,0.00,8.69,0.00,1.00,561.00,56.00,26.00,177.00,0.00,302.00
2025,6,OO,SkyWest Airlines Inc.,PBI,"West Palm Beach/Palm Beach, FL: Palm Beach International",1.00,0.00,0.00,0.00,0.00,0.00,0.00,0.00,0.00,0.00,0.00,0.00,0.00,0.00,0.00
2025,6,OO,SkyWest Airlines Inc.,PDX,"Portland, OR: Portland International",939.00,165.00,58.88,6.51,29.75,1.81,68.05,3.00,0.00,11148.00,3877.00,524.00,1707.00,89.00,4951.00
2025,6,OO,SkyWest Airlines Inc.,PHL,"Philadelphia, PA: Philadelphia International",2.00,0.00,0.00,0.00,0.00,0.00,0.00,0.00,0.00,0.00,0.00,0.00,0.00,0.00,0.00
2025,6,OO,SkyWest Airlines Inc.,PHX,"Phoenix, AZ: Phoenix Sky Harbor International",1996.00,389.00,256.18,24.90,36.74,3.00,68.18,4.00,1.00,37605.00,28487.00,1990.00,1938.00,90.00,5100.00
2025,6,OO,SkyWest Airlines Inc.,PIA,"Peoria, IL: General Downing - Peoria International",112.00,39.00,15.36,1.00,11.84,0.00,10.80,1.00,0.00,2775.00,1012.00,106.00,563.00,0.00,1094.00
2025,6,OO,SkyWest Airlines Inc.,PIB,"Hattiesburg/Laurel, MS: Hattiesburg-Laurel Regional",52.00,19.00,6.91,3.81,4.57,0.00,3.71,1.00,0.00,1435.00,259.00,632.00,332.00,0.00,212.00
2025,6,OO,SkyWest Airlines Inc.,PIH,"Pocatello, ID: Pocatello Regional",60.00,4.00,2.95,0.00,1.05,0.00,0.00,0.00,0.00,934.00,863.00,0.00,71.00,0.00,0.00
2025,6,OO,SkyWest Airlines Inc.,PIT,"Pittsburgh, PA: Pittsburgh International",135.00,50.00,34.66,4.05,8.55,0.00,2.74,1.00,0.00,4795.00,3687.00,313.00,671.00,0.00,124.00
2025,6,OO,SkyWest Airlines Inc.,PLN,"Pellston, MI: Pellston Regional Emmet County",115.00,23.00,10.61,2.00,4.71,0.00,5.68,0.00,0.00,1556.00,648.00,408.00,163.00,0.00,337.00
2025,6,OO,SkyWest Airlines Inc.,PNS,"Pensacola, FL: Pensacola International",27.00,10.00,3.94,1.00,2.58,0.00,2.48,0.00,0.00,1223.00,373.00,249.00,292.00,0.00,309.00
2025,6,OO,SkyWest Airlines Inc.,PRC,"Prescott, AZ: Prescott Regional Ernest A Love Field",60.00,22.00,6.57,1.00,1.80,0.00,12.63,2.00,0.00,3350.00,520.00,146.00,75.00,0.00,2609.00
2025,6,OO,SkyWest Airlines Inc.,PSC,"Pasco/Kennewick/Richland, WA: Tri Cities",431.00,75.00,38.04,3.11,12.53,1.00,20.32,0.00,0.00,4409.00,2198.00,95.00,652.00,98.00,1366.00
2025,6,OO,SkyWest Airlines Inc.,PSP,"Palm Springs, CA: Palm Springs International",401.00,94.00,40.66,3.69,13.98,0.00,35.67,0.00,0.00,5661.00,2002.00,129.00,1051.00,0.00,2479.00
2025,6,OO,SkyWest Airlines Inc.,PVD,"Providence, RI: Rhode Island Tf Green International",90.00,17.00,11.13,2.00,2.87,0.00,1.00,1.00,0.00,1026.00,637.00,39.00,323.00,0.00,27.00
2025,6,OO,SkyWest Airlines Inc.,PVU,"Provo, UT: Provo Municipal",120.00,40.00,16.09,7.28,5.42,0.00,11.20,1.00,1.00,3271.00,1048.00,1439.00,277.00,0.00,507.00
2025,6,OO,SkyWest Airlines Inc.,PWM,"Portland, ME: Portland International Jetport",3.00,0.00,0.00,0.00,0.00,0.00,0.00,0.00,0.00,0.00,0.00,0.00,0.00,0.00,0.00
2025,6,OO,SkyWest Airlines Inc.,RAP,"Rapid City, SD: Rapid City Regional",277.00,94.00,40.92,1.54,17.72,0.00,33.83,2.00,0.00,7511.00,2774.00,43.00,1641.00,0.00,3053.00
2025,6,OO,SkyWest Airlines Inc.,RDD,"Redding, CA: Redding Regional",180.00,32.00,12.53,0.00,8.11,0.00,11.37,0.00,0.00,1939.00,781.00,0.00,512.00,0.00,646.00
2025,6,OO,SkyWest Airlines Inc.,RDM,"Bend/Redmond, OR: Roberts Field",333.00,55.00,22.28,1.89,12.41,1.00,17.42,0.00,1.00,2580.00,925.00,41.00,507.00,206.00,901.00
2025,6,OO,SkyWest Airlines Inc.,RDU,"Raleigh/Durham, NC: Raleigh-Durham International",8.00,3.00,1.00,1.68,0.32,0.00,0.00,0.00,0.00,261.00,60.00,176.00,25.00,0.00,0.00
2025,6,OO,SkyWest Airlines Inc.,RHI,"Rhinelander, WI: Rhinelander/Oneida County",93.00,12.00,8.63,0.00,1.43,0.00,1.94,0.00,0.00,804.00,563.00,0.00,62.00,0.00,179.00
2025,6,OO,SkyWest Airlines Inc.,RIC,"Richmond, VA: Richmond International",125.00,66.00,39.15,6.30,8.74,0.00,11.81,2.00,0.00,5651.00,3164.00,872.00,739.00,0.00,876.00
2025,6,OO,SkyWest Airlines Inc.,RIW,"Riverton/Lander, WY: Central Wyoming Regional",60.00,19.00,7.53,1.00,3.52,0.00,6.95,0.00,0.00,1495.00,698.00,22.00,352.00,0.00,423.00
2025,6,OO,SkyWest Airlines Inc.,RKS,"Rock Springs, WY: Southwest Wyoming Regional",60.00,22.00,8.02,1.97,5.43,0.00,6.59,1.00,0.00,2113.00,969.00,422.00,238.00,0.00,484.00
2025,6,OO,SkyWest Airlines Inc.,RNO,"Reno, NV: Reno/Tahoe International",410.00,64.00,35.99,0.86,10.73,0.00,16.43,0.00,1.00,3051.00,1627.00,65.00,381.00,0.00,978.00
2025,6,OO,SkyWest Airlines Inc.,ROA,"Roanoke, VA: Roanoke Blacksburg Regional",24.00,13.00,8.38,0.00,1.81,0.00,2.81,0.00,0.00,513.00,233.00,0.00,73.00,0.00,207.00
2025,6,OO,SkyWest Airlines Inc.,ROC,"Rochester, NY: Frederick Douglass Grtr Rochester International",61.00,8.00,4.12,2.40,1.48,0.00,0.00,0.00,0.00,336.00,157.00,105.00,74.00,0.00,0.00
2025,6,OO,SkyWest Airlines Inc.,ROW,"Roswell, NM: Roswell Air Center",86.00,31.00,14.61,7.28,2.66,0.00,6.44,3.00,0.00,2704.00,1464.00,731.00,157.00,0.00,352.00
2025,6,OO,SkyWest Airlines Inc.,RST,"Rochester, MN: Rochester International",131.00,48.00,28.12,6.43,4.29,0.00,9.16,2.00,0.00,4705.00,2866.00,654.00,175.00,0.00,1010.00
2025,6,OO,SkyWest Airlines Inc.,SAF,"Santa Fe, NM: Santa Fe Regional",304.00,94.00,43.66,5.83,23.04,0.00,21.47,4.00,2.00,7150.00,2891.00,625.00,2254.00,0.00,1380.00
2025,6,OO,SkyWest Airlines Inc.,SAN,"San Diego, CA: San Diego International",1338.00,277.00,115.10,5.58,62.23,0.00,94.09,6.00,0.00,14551.00,5185.00,319.00,3354.00,0.00,5693.00
2025,6,OO,SkyWest Airlines Inc.,SAT,"San Antonio, TX: San Antonio International",130.00,31.00,13.81,4.36,2.45,0.00,10.38,1.00,1.00,1984.00,746.00,297.00,187.00,0.00,754.00
2025,6,OO,SkyWest Airlines Inc.,SAV,"Savannah, GA: Savannah/Hilton Head International",45.00,18.00,9.04,2.76,4.20,0.00,2.01,0.00,0.00,1286.00,704.00,127.00,185.00,0.00,270.00
2025,6,OO,SkyWest Airlines Inc.,SBA,"Santa Barbara, CA: Santa Barbara Municipal",270.00,33.00,17.93,0.00,5.94,0.00,9.13,1.00,5.00,2451.00,1032.00,0.00,266.00,0.00,1153.00
2025,6,OO,SkyWest Airlines Inc.,SBN,"South Bend, IN: South Bend International",435.00,147.00,80.55,14.93,23.07,0.00,28.45,2.00,2.00,10714.00,5900.00,1515.00,1256.00,0.00,2043.00
2025,6,OO,SkyWest Airlines Inc.,SBP,"San Luis Obispo, CA: San Luis Obispo County Regional",275.00,66.00,27.99,2.00,10.10,0.00,25.92,2.00,2.00,4974.00,2425.00,120.00,485.00,0.00,1944.00
2025,6,OO,SkyWest Airlines Inc.,SCE,"State College, PA: State College Regional",22.00,3.00,3.00,0.00,0.00,0.00,0.00,0.00,0.00,52.00,52.00,0.00,0.00,0.00,0.00
2025,6,OO,SkyWest Airlines Inc.,SDF,"Louisville, KY: Louisville Muhammad Ali International",227.00,54.00,34.64,8.09,10.65,0.00,0.62,2.00,2.00,3759.00,2694.00,323.00,704.00,0.00,38.00
2025,6,OO,SkyWest Airlines Inc.,SEA,"Seattle, WA: Seattle/Tacoma International",2722.00,535.00,246.60,21.37,142.80,2.40,121.83,4.00,3.00,29831.00,14521.00,917.00,7254.00,53.00,7086.00
2025,6,OO,SkyWest Airlines Inc.,SFO,"San Francisco, CA: San Francisco International",2897.00,514.00,219.04,18.42,141.96,2.55,132.03,4.00,2.00,31736.00,11281.00,2743.00,8019.00,433.00,9260.00
2025,6,OO,SkyWest Airlines Inc.,SGF,"Springfield, MO: Springfield-Branson National",259.00,82.00,33.40,8.47,20.02,0.00,20.11,6.00,2.00,9639.00,3785.00,1236.00,2057.00,0.00,2561.00
2025,6,OO,SkyWest Airlines Inc.,SGU,"St. George, UT: St George Regional",370.00,75.00,48.44,4.82,11.46,0.00,10.27,1.00,0.00,5011.00,2549.00,224.00,819.00,0.00,1419.00
2025,6,OO,SkyWest Airlines Inc.,SHR,"Sheridan, WY: Sheridan County",60.00,17.00,7.99,0.00,5.09,0.00,3.92,2.00,0.00,1156.00,454.00,0.00,291.00,0.00,411.00
2025,6,OO,SkyWest Airlines Inc.,SHV,"Shreveport, LA: Shreveport Regional",449.00,186.00,84.14,26.87,36.33,0.00,38.65,18.00,1.00,16757.00,7976.00,2437.00,2931.00,0.00,3413.00
2025,6,OO,SkyWest Airlines Inc.,SJC,"San Jose, CA: Norman Y. Mineta San Jose International",606.00,85.00,47.85,3.44,13.04,1.00,19.66,1.00,0.00,4573.00,2883.00,139.00,545.00,111.00,895.00
2025,6,OO,SkyWest Airlines Inc.,SJT,"San Angelo, TX: San Angelo Regional/Mathis Field",90.00,32.00,12.85,8.81,2.75,0.00,7.59,1.00,0.00,2747.00,581.00,1510.00,132.00,0.00,524.00
2025,6,OO,SkyWest Airlines Inc.,SLC,"Salt Lake City, UT: Salt Lake City International",3097.00,271.00,160.02,31.69,41.40,0.00,37.89,1.00,0.00,22737.00,14766.00,3044.00,2681.00,0.00,2246.00
2025,6,OO,SkyWest Airlines Inc.,SLN,"Salina, KS: Salina Regional",90.00,39.00,14.55,2.38,11.62,0.00,10.44,1.00,0.00,4909.00,1126.00,176.00,1620.00,0.00,1987.00
2025,6,OO,SkyWest Airlines Inc.,SMF,"Sacramento, CA: Sacramento International",915.00,150.00,75.87,4.43,23.64,1.00,45.06,1.00,1.00,9708.00,5763.00,169.00,1111.00,150.00,2515.00
2025,6,OO,SkyWest Airlines Inc.,SNA,"Santa Ana, CA: John Wayne Airport-Orange County",489.00,94.00,45.13,5.86,16.75,0.45,25.80,3.00,0.00,5449.00,2482.00,259.00,1243.00,33.00,1432.00
2025,6,OO,SkyWest Airlines Inc.,SPI,"Springfield, IL: Abraham Lincoln Capital",20.00,11.00,8.31,0.00,1.38,0.00,1.31,0.00,0.00,1045.00,869.00,0.00,94.00,0.00,82.00
2025,6,OO,SkyWest Airlines Inc.,SPS,"Wichita Falls, TX: Sheppard AFB/Wichita Falls Municipal",60.00,25.00,11.67,3.33,3.76,0.00,6.24,4.00,0.00,2872.00,1667.00,394.00,383.00,0.00,428.00
2025,6,OO,SkyWest Airlines Inc.,SRQ,"Sarasota/Bradenton, FL: Sarasota/Bradenton International",3.00,0.00,0.00,0.00,0.00,0.00,0.00,0.00,0.00,0.00,0.00,0.00,0.00,0.00,0.00
2025,6,OO,SkyWest Airlines Inc.,STL,"St. Louis, MO: St Louis Lambert International",209.00,79.00,36.49,5.35,15.69,0.00,21.46,1.00,0.00,5539.00,2689.00,632.00,1012.00,0.00,1206.00
2025,6,OO,SkyWest Airlines Inc.,STS,"Santa Rosa, CA: Charles M. Schulz - Sonoma County",317.00,92.00,26.86,2.48,18.95,0.00,43.70,1.00,1.00,5422.00,1435.00,91.00,1323.00,0.00,2573.00
2025,6,OO,SkyWest Airlines Inc.,SUN,"Sun Valley/Hailey/Ketchum, ID: Friedman Memorial",194.00,31.00,8.05,4.36,8.71,0.00,9.88,0.00,0.00,2176.00,264.00,471.00,548.00,0.00,893.00
2025,6,OO,SkyWest Airlines Inc.,SUX,"Sioux City, IA: Sioux Gateway Brig Gen Bud Day Field",60.00,34.00,17.38,0.00,5.66,0.00,10.96,0.00,2.00,3058.00,1101.00,0.00,632.00,0.00,1325.00
2025,6,OO,SkyWest Airlines Inc.,SWO,"Stillwater, OK: Stillwater Regional",60.00,16.00,9.49,4.00,1.58,0.00,0.94,3.00,0.00,1508.00,733.00,534.00,109.00,0.00,132.00
2025,6,OO,SkyWest Airlines Inc.,SYR,"Syracuse, NY: Syracuse Hancock International",35.00,6.00,3.00,1.97,0.03,0.00,1.00,0.00,0.00,854.00,163.00,647.00,17.00,0.00,27.00
2025,6,OO,SkyWest Airlines Inc.,TLH,"Tallahassee, FL: Tallahassee International",26.00,3.00,2.00,0.04,0.96,0.00,0.00,1.00,0.00,123.00,72.00,2.00,49.00,0.00,0.00
2025,6,OO,SkyWest Airlines Inc.,TRI,"Bristol/Johnson City/Kingsport, TN: Tri Cities",22.00,10.00,6.03,1.00,2.97,0.00,0.00,1.00,0.00,1044.00,675.00,186.00,183.00,0.00,0.00
2025,6,OO,SkyWest Airlines Inc.,TUL,"Tulsa, OK: Tulsa International",353.00,64.00,34.74,3.49,11.14,0.00,14.63,2.00,6.00,5229.00,2555.00,301.00,1291.00,0.00,1082.00
2025,6,OO,SkyWest Airlines Inc.,TUS,"Tucson, AZ: Tucson International",706.00,131.00,74.32,6.82,12.18,1.00,36.68,1.00,0.00,10616.00,6191.00,685.00,667.00,55.00,3018.00
2025,6,OO,SkyWest Airlines Inc.,TVC,"Traverse City, MI: Cherry Capital",257.00,107.00,63.74,17.39,12.17,0.00,13.69,1.00,0.00,12269.00,8973.00,1709.00,595.00,0.00,992.00
2025,6,OO,SkyWest Airlines Inc.,TWF,"Twin Falls, ID: Joslin Field - Magic Valley Regional",60.00,1.00,1.00,0.00,0.00,0.00,0.00,0.00,0.00,37.00,37.00,0.00,0.00,0.00,0.00
2025,6,OO,SkyWest Airlines Inc.,TXK,"Texarkana, AR: Texarkana Regional-Webb Field",8.00,3.00,1.65,0.00,1.35,0.00,0.00,0.00,0.00,170.00,86.00,0.00,84.00,0.00,0.00
2025,6,OO,SkyWest Airlines Inc.,TYR,"Tyler, TX: Tyler Pounds Regional",12.00,1.00,0.00,0.00,0.00,0.00,1.00,1.00,0.00,50.00,0.00,0.00,0.00,0.00,50.00
2025,6,OO,SkyWest Airlines Inc.,TYS,"Knoxville, TN: McGhee Tyson",114.00,37.00,20.02,1.86,9.00,0.00,6.12,0.00,1.00,2024.00,823.00,220.00,387.00,0.00,594.00
2025,6,OO,SkyWest Airlines Inc.,VCT,"Victoria, TX: Victoria Regional",56.00,13.00,3.97,1.98,0.04,0.00,7.00,6.00,2.00,1177.00,576.00,134.00,5.00,0.00,462.00
2025,6,OO,SkyWest Airlines Inc.,WYS,"West Yellowstone, MT: Yellowstone",66.00,9.00,3.28,0.00,0.72,0.00,5.00,0.00,1.00,555.00,113.00,0.00,14.00,0.00,428.00
2025,6,OO,SkyWest Airlines Inc.,XNA,"Fayetteville, AR: Northwest Arkansas National",138.00,32.00,19.27,1.63,2.65,0.00,8.46,0.00,0.00,1458.00,737.00,120.00,106.00,0.00,495.00
2025,6,OO,SkyWest Airlines Inc.,XWA,"Williston, ND: Williston Basin International",210.00,56.00,26.51,3.00,8.49,0.00,18.00,0.00,3.00,6939.00,3785.00,219.00,400.00,0.00,2535.00
2025,6,OO,SkyWest Airlines Inc.,YUM,"Yuma, AZ: Yuma MCAS/Yuma International",120.00,30.00,17.21,1.00,2.67,0.00,9.12,5.00,0.00,2356.00,1795.00,96.00,157.00,0.00,308.00
2025,6,PT,Piedmont Airlines,AGS,"Augusta, GA: Augusta Regional at Bush Field",160.00,50.00,8.09,6.27,7.09,0.00,28.55,7.00,0.00,3771.00,279.00,1155.00,263.00,0.00,2074.00
2025,6,PT,Piedmont Airlines,ALB,"Albany, NY: Albany International",139.00,58.00,11.89,6.12,13.53,0.00,26.45,3.00,0.00,5266.00,652.00,1543.00,735.00,0.00,2336.00
2025,6,PT,Piedmont Airlines,ALO,"Waterloo, IA: Waterloo Regional",8.00,4.00,0.93,0.29,2.16,0.00,0.62,0.00,0.00,186.00,62.00,23.00,84.00,0.00,17.00
2025,6,PT,Piedmont Airlines,ART,"Watertown, NY: Watertown International",60.00,17.00,5.95,0.00,5.20,0.00,5.84,3.00,1.00,1162.00,352.00,0.00,289.00,0.00,521.00
2025,6,PT,Piedmont Airlines,AVL,"Asheville, NC: Asheville Regional",133.00,51.00,8.58,5.39,21.92,0.00,15.11,5.00,2.00,3260.00,425.00,460.00,1033.00,0.00,1342.00
2025,6,PT,Piedmont Airlines,AVP,"Scranton/Wilkes-Barre, PA: Wilkes Barre Scranton International",12.00,4.00,0.73,0.00,1.28,0.00,1.99,0.00,0.00,209.00,54.00,0.00,60.00,0.00,95.00
2025,6,PT,Piedmont Airlines,AZO,"Kalamazoo, MI: Kalamazoo/Battle Creek International",12.00,4.00,1.09,0.00,0.42,0.00,2.49,0.00,0.00,229.00,57.00,0.00,24.00,0.00,148.00
2025,6,PT,Piedmont Airlines,BDL,"Hartford, CT: Bradley International",112.00,42.00,8.75,0.27,13.49,0.00,19.49,3.00,0.00,4157.00,850.00,40.00,749.00,0.00,2518.00
2025,6,PT,Piedmont Airlines,BGR,"Bangor, ME: Bangor International",16.00,5.00,1.11,0.00,3.12,0.00,0.77,0.00,0.00,141.00,47.00,0.00,61.00,0.00,33.00
2025,6,PT,Piedmont Airlines,BHM,"Birmingham, AL: Birmingham-Shuttlesworth International",8.00,1.00,0.19,0.00,0.08,0.00,0.73,0.00,0.00,37.00,7.00,0.00,3.00,0.00,27.00
2025,6,PT,Piedmont Airlines,BNA,"Nashville, TN: Nashville International",29.00,15.00,2.05,1.06,6.55,0.00,5.35,4.00,0.00,1259.00,73.00,227.00,376.00,0.00,583.00
2025,6,PT,Piedmont Airlines,BOS,"Boston, MA: Logan International",118.00,28.00,4.48,0.10,5.52,0.00,17.90,0.00,0.00,2070.00,183.00,5.00,501.00,0.00,1381.00
2025,6,PT,Piedmont Airlines,BTR,"Baton Rouge, LA: Baton Rouge Metropolitan/Ryan Field",26.00,12.00,2.06,1.62,2.45,0.00,5.86,1.00,0.00,571.00,53.00,102.00,120.00,0.00,296.00
2025,6,PT,Piedmont Airlines,BUF,"Buffalo, NY: Buffalo Niagara International",90.00,30.00,5.61,0.96,10.60,0.00,12.83,5.00,0.00,2402.00,409.00,168.00,696.00,0.00,1129.00
2025,6,PT,Piedmont Airlines,CAE,"Columbia, SC: Columbia Metropolitan",262.00,78.00,16.07,6.95,17.44,0.20,37.34,14.00,0.00,8213.00,1541.00,1120.00,1193.00,19.00,4340.00
2025,6,PT,Piedmont Airlines,CAK,"Akron, OH: Akron-Canton Regional",4.00,0.00,0.00,0.00,0.00,0.00,0.00,0.00,0.00,0.00,0.00,0.00,0.00,0.00,0.00
2025,6,PT,Piedmont Airlines,CHA,"Chattanooga, TN: Lovell Field",168.00,53.00,9.24,6.41,13.08,0.00,24.27,7.00,1.00,5248.00,1142.00,994.00,596.00,0.00,2516.00
2025,6,PT,Piedmont Airlines,CHO,"Charlottesville, VA: Charlottesville Albemarle",214.00,61.00,8.60,10.18,10.51,0.00,31.70,12.00,1.00,6435.00,689.00,1507.00,500.00,0.00,3739.00
2025,6,PT,Piedmont Airlines,CLE,"Cleveland, OH: Cleveland-Hopkins International",54.00,9.00,0.11,0.00,4.37,0.00,4.53,0.00,0.00,765.00,14.00,0.00,425.00,0.00,326.00
2025,6,PT,Piedmont Airlines,CLT,"Charlotte, NC: Charlotte Douglas International",3954.00,1048.00,206.12,118.63,228.58,0.53,494.14,128.00,6.00,98956.00,22075.00,12846.00,13062.00,8.00,50965.00
2025,6,PT,Piedmont Airlines,CMH,"Columbus, OH: John Glenn Columbus International",45.00,11.00,0.51,0.00,5.76,0.00,4.73,0.00,0.00,569.00,17.00,0.00,226.00,0.00,326.00
2025,6,PT,Piedmont Airlines,CVG,"Cincinnati, OH: Cincinnati/Northern Kentucky International",65.00,26.00,7.57,0.68,11.61,0.00,6.14,3.00,0.00,1442.00,334.00,19.00,562.00,0.00,527.00
2025,6,PT,Piedmont Airlines,CWA,"Mosinee, WI: Central Wisconsin",8.00,2.00,0.00,0.94,1.00,0.00,0.06,0.00,0.00,140.00,0.00,115.00,18.00,0.00,7.00
2025,6,PT,Piedmont Airlines,DAY,"Dayton, OH: James M Cox/Dayton International",56.00,22.00,1.23,0.80,11.92,0.00,8.06,2.00,0.00,1491.00,171.00,120.00,668.00,0.00,532.00
2025,6,PT,Piedmont Airlines,DTW,"Detroit, MI: Detroit Metro Wayne County",8.00,4.00,0.59,0.00,2.10,0.00,1.31,0.00,0.00,178.00,10.00,0.00,44.00,0.00,124.00
2025,6,PT,Piedmont Airlines,ERI,"Erie, PA: Erie International/Tom Ridge Field",90.00,14.00,4.05,1.33,3.10,0.00,5.53,4.00,0.00,1103.00,375.00,42.00,129.00,0.00,557.00
2025,6,PT,Piedmont Airlines,EVV,"Evansville, IN: Evansville Regional",98.00,28.00,8.75,1.24,6.30,0.00,11.70,1.00,1.00,2493.00,1209.00,79.00,324.00,0.00,881.00
2025,6,PT,Piedmont Airlines,EWN,"New Bern/Morehead/Beaufort, NC: Coastal Carolina Regional",136.00,46.00,9.90,7.21,7.34,0.00,21.55,4.00,1.00,3837.00,784.00,634.00,555.00,0.00,1864.00
2025,6,PT,Piedmont Airlines,FAY,"Fayetteville, NC: Fayetteville Regional/Grannis Field",184.00,64.00,10.95,8.56,10.92,0.00,33.57,11.00,1.00,5731.00,1159.00,944.00,548.00,0.00,3080.00
2025,6,PT,Piedmont Airlines,FLO,"Florence, SC: Florence Regional",83.00,16.00,3.72,3.91,0.10,0.00,8.27,1.00,0.00,959.00,92.00,226.00,6.00,0.00,635.00
2025,6,PT,Piedmont Airlines,FNT,"Flint, MI: Bishop International",8.00,2.00,0.16,0.00,0.00,0.00,1.84,0.00,0.00,104.00,14.00,0.00,0.00,0.00,90.00
2025,6,PT,Piedmont Airlines,FWA,"Fort Wayne, IN: Fort Wayne International",42.00,15.00,3.98,1.07,4.45,0.00,5.51,1.00,0.00,1411.00,318.00,98.00,272.00,0.00,723.00
2025,6,PT,Piedmont Airlines,GNV,"Gainesville, FL: Gainesville Regional",94.00,17.00,1.19,0.74,6.41,0.00,8.66,0.00,0.00,810.00,81.00,29.00,270.00,0.00,430.00
2025,6,PT,Piedmont Airlines,GRR,"Grand Rapids, MI: Gerald R. Ford International",32.00,4.00,1.00,0.00,1.00,0.00,2.00,0.00,0.00,951.00,28.00,0.00,25.00,0.00,898.00
2025,6,PT,Piedmont Airlines,GSO,"Greensboro/High Point, NC: Piedmont Triad International",198.00,41.00,9.80,2.94,12.67,0.21,15.38,2.00,0.00,3309.00,1139.00,269.00,614.00,9.00,1278.00
2025,6,PT,Piedmont Airlines,GSP,"Greer, SC: Greenville-Spartanburg International",176.00,35.00,8.84,1.33,14.14,0.00,10.69,6.00,0.00,2443.00,396.00,213.00,789.00,0.00,1045.00
2025,6,PT,Piedmont Airlines,HSV,"Huntsville, AL: Huntsville International-Carl T Jones Field",150.00,51.00,11.36,5.24,10.46,0.00,23.94,4.00,1.00,3911.00,601.00,879.00,599.00,0.00,1832.00
2025,6,PT,Piedmont Airlines,HTS,"Ashland, WV: Tri-State/Milton J. Ferguson Field",82.00,25.00,2.63,0.80,5.70,0.00,15.87,4.00,0.00,2279.00,155.00,179.00,226.00,0.00,1719.00
2025,6,PT,Piedmont Airlines,ILM,"Wilmington, NC: Wilmington International",166.00,36.00,10.36,1.53,12.42,0.00,11.69,3.00,0.00,2975.00,708.00,170.00,822.00,0.00,1275.00
2025,6,PT,Piedmont Airlines,IND,"Indianapolis, IN: Indianapolis International",20.00,4.00,1.52,0.00,1.19,0.00,1.29,1.00,0.00,162.00,47.00,0.00,52.00,0.00,63.00
2025,6,PT,Piedmont Airlines,JAN,"Jackson/Vicksburg, MS: Jackson Medgar Wiley Evers International",64.00,17.00,2.64,2.26,1.50,0.00,10.60,2.00,1.00,1335.00,154.00,191.00,101.00,0.00,889.00
2025,6,PT,Piedmont Airlines,LEX,"Lexington, KY: Blue Grass",4.00,0.00,0.00,0.00,0.00,0.00,0.00,0.00,0.00,0.00,0.00,0.00,0.00,0.00,0.00
2025,6,PT,Piedmont Airlines,LYH,"Lynchburg, VA: Lynchburg Regional/Preston Glenn Field",134.00,41.00,11.74,3.80,5.06,0.00,20.40,5.00,1.00,6938.00,891.00,1091.00,282.00,0.00,4674.00
2025,6,PT,Piedmont Airlines,MDT,"Harrisburg, PA: Harrisburg International",331.00,106.00,23.96,11.44,19.68,0.00,50.92,4.00,0.00,8729.00,2072.00,1084.00,1440.00,0.00,4133.00
2025,6,PT,Piedmont Airlines,MGM,"Montgomery, AL: Montgomery Regional",60.00,18.00,3.53,2.87,3.26,0.00,8.33,1.00,1.00,1684.00,301.00,501.00,173.00,0.00,709.00
2025,6,PT,Piedmont Airlines,MHT,"Manchester, NH: Manchester Boston Regional",107.00,29.00,5.22,1.65,9.22,0.00,12.90,4.00,0.00,1792.00,352.00,156.00,411.00,0.00,873.00
2025,6,PT,Piedmont Airlines,MKE,"Milwaukee, WI: General Mitchell International",64.00,31.00,4.87,4.05,11.58,0.00,10.50,4.00,0.00,2643.00,254.00,791.00,709.00,0.00,889.00
2025,6,PT,Piedmont Airlines,MOB,"Mobile, AL: Mobile Regional",86.00,24.00,6.12,3.78,5.36,0.00,8.75,3.00,1.00,1868.00,411.00,279.00,258.00,0.00,920.00
2025,6,PT,Piedmont Airlines,MSN,"Madison, WI: Dane County Regional-Truax Field",60.00,24.00,4.94,0.90,7.87,0.00,10.28,5.00,0.00,1767.00,259.00,182.00,442.00,0.00,884.00
2025,6,PT,Piedmont Airlines,MYR,"Myrtle Beach, SC: Myrtle Beach International",86.00,32.00,2.76,2.20,20.07,0.00,6.97,1.00,2.00,2191.00,348.00,410.00,983.00,0.00,450.00
2025,6,PT,Piedmont Airlines,OAJ,"Jacksonville/Camp Lejeune, NC: Albert J Ellis",125.00,37.00,8.85,5.21,5.68,0.00,17.26,3.00,1.00,2847.00,495.00,551.00,415.00,0.00,1386.00
2025,6,PT,Piedmont Airlines,ORD,"Chicago, IL: Chicago O'Hare International",117.00,21.00,1.81,0.52,7.84,0.00,10.84,0.00,0.00,2349.00,72.00,36.00,416.00,0.00,1825.00
2025,6,PT,Piedmont Airlines,ORF,"Norfolk, VA: Norfolk International",94.00,32.00,6.45,2.52,14.59,0.00,8.44,1.00,1.00,1976.00,472.00,321.00,795.00,0.00,388.00
2025,6,PT,Piedmont Airlines,PGV,"Greenville, NC: Pitt Greenville",86.00,22.00,3.98,3.86,1.96,0.00,12.20,3.00,1.00,1782.00,263.00,229.00,58.00,0.00,1232.00
2025,6,PT,Piedmont Airlines,PHF,"Newport News/Williamsburg, VA: Newport News/Williamsburg International",124.00,28.00,4.01,6.48,5.75,0.00,11.77,3.00,2.00,2339.00,340.00,631.00,373.00,0.00,995.00
2025,6,PT,Piedmont Airlines,PHL,"Philadelphia, PA: Philadelphia International",2353.00,688.00,107.87,29.33,198.60,0.00,352.20,78.00,15.00,60494.00,13265.00,3651.00,10683.00,0.00,32895.00
2025,6,PT,Piedmont Airlines,PIT,"Pittsburgh, PA: Pittsburgh International",52.00,9.00,1.09,0.00,4.41,0.00,3.49,0.00,0.00,470.00,55.00,0.00,247.00,0.00,168.00
2025,6,PT,Piedmont Airlines,PVD,"Providence, RI: Rhode Island Tf Green International",82.00,28.00,1.00,0.04,8.29,0.00,18.66,3.00,0.00,2195.00,106.00,5.00,607.00,0.00,1477.00
2025,6,PT,Piedmont Airlines,PWM,"Portland, ME: Portland International Jetport",27.00,3.00,0.26,0.00,2.74,0.00,0.00,0.00,0.00,106.00,17.00,0.00,89.00,0.00,0.00
2025,6,PT,Piedmont Airlines,RDU,"Raleigh/Durham, NC: Raleigh-Durham International",31.00,2.00,1.00,0.00,0.87,0.00,0.13,0.00,0.00,204.00,181.00,0.00,20.00,0.00,3.00
2025,6,PT,Piedmont Airlines,RIC,"Richmond, VA: Richmond International",131.00,51.00,10.06,4.13,13.72,0.00,23.09,6.00,0.00,6392.00,1290.00,1008.00,791.00,0.00,3303.00
2025,6,PT,Piedmont Airlines,ROA,"Roanoke, VA: Roanoke Blacksburg Regional",293.00,128.00,19.16,12.74,37.22,0.46,58.41,8.00,3.00,12881.00,1498.00,2515.00,2208.00,18.00,6642.00
2025,6,PT,Piedmont Airlines,ROC,"Rochester, NY: Frederick Douglass Grtr Rochester International",165.00,44.00,8.16,1.09,10.49,0.00,24.27,7.00,1.00,3706.00,568.00,672.00,537.00,0.00,1929.00
2025,6,PT,Piedmont Airlines,SAV,"Savannah, GA: Savannah/Hilton Head International",71.00,8.00,3.43,0.00,3.06,0.00,1.52,1.00,0.00,801.00,270.00,0.00,327.00,0.00,204.00
2025,6,PT,Piedmont Airlines,SBY,"Salisbury, MD: Salisbury-Ocean City/Wicomico Regional",158.00,71.00,14.86,8.49,11.69,0.00,35.95,5.00,2.00,7069.00,895.00,1047.00,607.00,0.00,4520.00
2025,6,PT,Piedmont Airlines,SCE,"State College, PA: State College Regional",105.00,23.00,2.00,0.99,5.68,0.00,14.34,7.00,0.00,2088.00,135.00,688.00,244.00,0.00,1021.00
2025,6,PT,Piedmont Airlines,SDF,"Louisville, KY: Louisville Muhammad Ali International",98.00,27.00,9.67,1.78,7.99,0.00,7.55,2.00,2.00,2189.00,958.00,257.00,348.00,0.00,626.00
2025,6,PT,Piedmont Airlines,SYR,"Syracuse, NY: Syracuse Hancock International",124.00,39.00,5.13,1.87,16.39,0.00,15.61,3.00,0.00,4109.00,523.00,735.00,655.00,0.00,2196.00
2025,6,PT,Piedmont Airlines,TLH,"Tallahassee, FL: Tallahassee International",112.00,42.00,7.13,2.68,9.86,0.00,22.33,4.00,1.00,2613.00,365.00,278.00,309.00,0.00,1661.00
2025,6,PT,Piedmont Airlines,TRI,"Bristol/Johnson City/Kingsport, TN: Tri Cities",172.00,65.00,14.83,9.90,14.18,0.00,26.10,8.00,1.00,4978.00,1160.00,1317.00,721.00,0.00,1780.00
2025,6,PT,Piedmont Airlines,TVC,"Traverse City, MI: Cherry Capital",4.00,0.00,0.00,0.00,0.00,0.00,0.00,0.00,0.00,0.00,0.00,0.00,0.00,0.00,0.00
2025,6,PT,Piedmont Airlines,TYS,"Knoxville, TN: McGhee Tyson",240.00,79.00,23.41,3.37,30.30,0.00,21.93,6.00,1.00,5538.00,1380.00,391.00,1440.00,0.00,2327.00
2025,6,QX,Horizon Air,ABQ,"Albuquerque, NM: Albuquerque International Sunport",30.00,3.00,1.82,0.00,1.18,0.00,0.00,0.00,0.00,148.00,111.00,0.00,37.00,0.00,0.00
2025,6,QX,Horizon Air,AKN,"King Salmon, AK: King Salmon Airport",30.00,4.00,3.01,0.00,0.23,0.00,0.76,0.00,0.00,165.00,127.00,0.00,9.00,0.00,29.00
2025,6,QX,Horizon Air,ALW,"Walla Walla, WA: Walla Walla Regional",60.00,17.00,3.93,0.00,1.40,1.00,10.67,1.00,0.00,849.00,175.00,0.00,29.00,307.00,338.00
2025,6,QX,Horizon Air,ANC,"Anchorage, AK: Ted Stevens Anchorage International",359.00,48.00,11.30,0.00,10.35,0.00,26.35,6.00,0.00,2389.00,839.00,0.00,235.00,0.00,1315.00
2025,6,QX,Horizon Air,BET,"Bethel, AK: Bethel Airport",12.00,0.00,0.00,0.00,0.00,0.00,0.00,0.00,0.00,0.00,0.00,0.00,0.00,0.00,0.00
2025,6,QX,Horizon Air,BIL,"Billings, MT: Billings Logan International",120.00,32.00,9.89,1.00,5.96,0.00,15.15,0.00,0.00,1401.00,391.00,29.00,175.00,0.00,806.00
2025,6,QX,Horizon Air,BOI,"Boise, ID: Boise Air Terminal",439.00,61.00,24.24,0.00,11.97,0.14,24.65,1.00,0.00,3043.00,1535.00,0.00,335.00,8.00,1165.00
2025,6,QX,Horizon Air,BRW,"Barrow, AK: Wiley Post/Will Rogers Memorial",5.00,0.00,0.00,0.00,0.00,0.00,0.00,0.00,0.00,0.00,0.00,0.00,0.00,0.00,0.00
2025,6,QX,Horizon Air,BUR,"Burbank, CA: Bob Hope",41.00,13.00,5.00,0.00,4.70,0.00,3.30,0.00,0.00,402.00,186.00,0.00,110.00,0.00,106.00
2025,6,QX,Horizon Air,BZN,"Bozeman, MT: Bozeman Yellowstone International",139.00,19.00,6.28,0.00,4.10,0.00,8.62,2.00,0.00,628.00,200.00,0.00,97.00,0.00,331.00
2025,6,QX,Horizon Air,DLG,"Dillingham, AK: Dillingham Airport",30.00,4.00,2.32,0.00,1.05,0.00,0.62,0.00,0.00,301.00,255.00,0.00,23.00,0.00,23.00
2025,6,QX,Horizon Air,EAT,"Wenatchee, WA: Pangborn Memorial",60.00,11.00,2.84,0.00,1.41,0.00,6.74,0.00,0.00,306.00,75.00,0.00,52.00,0.00,179.00
2025,6,QX,Horizon Air,ELP,"El Paso, TX: El Paso International",30.00,5.00,2.00,1.00,0.00,0.00,2.00,0.00,0.00,241.00,76.00,95.00,0.00,0.00,70.00
2025,6,QX,Horizon Air,EUG,"Eugene, OR: Mahlon Sweet Field",120.00,32.00,9.08,0.00,6.18,0.00,16.74,0.00,0.00,1466.00,350.00,0.00,148.00,0.00,968.00
2025,6,QX,Horizon Air,FAI,"Fairbanks, AK: Fairbanks International",189.00,34.00,9.17,1.00,5.68,0.00,18.15,2.00,0.00,1549.00,287.00,28.00,164.00,0.00,1070.00
2025,6,QX,Horizon Air,FCA,"Kalispell, MT: Glacier Park International",120.00,33.00,11.68,0.00,5.84,0.00,15.48,0.00,0.00,1463.00,556.00,0.00,185.00,0.00,722.00
2025,6,QX,Horizon Air,GEG,"Spokane, WA: Spokane International",285.00,47.00,13.32,0.00,7.40,0.00,26.29,0.00,0.00,2160.00,636.00,0.00,221.00,0.00,1303.00
2025,6,QX,Horizon Air,GTF,"Great Falls, MT: Great Falls International",19.00,6.00,3.24,0.00,2.14,0.00,0.62,0.00,1.00,210.00,124.00,0.00,73.00,0.00,13.00
2025,6,QX,Horizon Air,HLN,"Helena, MT: Helena Regional",30.00,10.00,2.42,0.00,3.87,0.00,3.71,0.00,0.00,311.00,65.00,0.00,132.00,0.00,114.00
2025,6,QX,Horizon Air,ICT,"Wichita, KS: Wichita Dwight D Eisenhower National",30.00,4.00,2.85,0.00,0.15,0.00,1.00,0.00,1.00,93.00,68.00,0.00,6.00,0.00,19.00
2025,6,QX,Horizon Air,IDA,"Idaho Falls, ID: Idaho Falls Regional",60.00,18.00,1.99,0.00,4.09,0.00,11.91,0.00,0.00,863.00,81.00,0.00,177.00,0.00,605.00
2025,6,QX,Horizon Air,LAS,"Las Vegas, NV: Harry Reid International",181.00,40.00,11.51,0.00,9.57,0.00,18.93,2.00,0.00,2673.00,799.00,0.00,446.00,0.00,1428.00
2025,6,QX,Horizon Air,LAX,"Los Angeles, CA: Los Angeles International",571.00,92.00,20.74,2.49,24.98,0.00,43.78,4.00,2.00,4528.00,1265.00,99.00,679.00,0.00,2485.00
2025,6,QX,Horizon Air,MCI,"Kansas City, MO: Kansas City International",30.00,3.00,1.63,0.00,1.37,0.00,0.00,0.00,0.00,75.00,51.00,0.00,24.00,0.00,0.00
2025,6,QX,Horizon Air,MFR,"Medford, OR: Rogue Valley International - Medford",280.00,59.00,13.94,0.00,12.80,0.00,32.25,0.00,0.00,2468.00,639.00,0.00,382.00,0.00,1447.00
2025,6,QX,Horizon Air,MRY,"Monterey, CA: Monterey Regional",19.00,6.00,0.03,0.00,1.34,0.00,4.63,0.00,0.00,299.00,1.00,0.00,44.00,0.00,254.00
2025,6,QX,Horizon Air,MSO,"Missoula, MT: Missoula Montana",150.00,30.00,11.78,0.00,8.19,0.00,10.03,1.00,0.00,1375.00,501.00,0.00,232.00,0.00,642.00
2025,6,QX,Horizon Air,MSP,"Minneapolis, MN: Minneapolis-St Paul International",30.00,4.00,3.61,0.00,0.39,0.00,0.00,0.00,0.00,304.00,281.00,0.00,23.00,0.00,0.00
2025,6,QX,Horizon Air,OAK,"Oakland, CA: Oakland International",120.00,22.00,8.33,0.00,6.68,0.00,6.99,0.00,0.00,1568.00,645.00,0.00,165.00,0.00,758.00
2025,6,QX,Horizon Air,OME,"Nome, AK: Nome Airport",30.00,2.00,1.88,0.00,0.12,0.00,0.00,0.00,0.00,62.00,60.00,0.00,2.00,0.00,0.00
2025,6,QX,Horizon Air,ONT,"Ontario, CA: Ontario International",90.00,15.00,4.94,0.00,1.24,0.00,8.82,1.00,0.00,583.00,214.00,0.00,30.00,0.00,339.00
2025,6,QX,Horizon Air,OTZ,"Kotzebue, AK: Ralph Wien Memorial",30.00,4.00,2.90,0.00,0.34,0.00,0.76,4.00,0.00,155.00,108.00,0.00,10.00,0.00,37.00
2025,6,QX,Horizon Air,PAE,"Everett, WA: Seattle Paine Field International",190.00,25.00,7.93,0.00,5.86,0.00,11.21,2.00,0.00,1315.00,530.00,0.00,150.00,0.00,635.00
2025,6,QX,Horizon Air,PDX,"Portland, OR: Portland International",1366.00,210.00,45.48,4.41,50.22,0.15,109.74,3.00,0.00,11212.00,3473.00,106.00,1338.00,10.00,6285.00
2025,6,QX,Horizon Air,PHX,"Phoenix, AZ: Phoenix Sky Harbor International",41.00,1.00,0.00,0.00,0.29,0.00,0.71,0.00,0.00,21.00,0.00,0.00,6.00,0.00,15.00
2025,6,QX,Horizon Air,PSC,"Pasco/Kennewick/Richland, WA: Tri Cities",55.00,14.00,4.70,0.00,2.77,0.00,6.53,0.00,0.00,376.00,138.00,0.00,63.00,0.00,175.00
2025,6,QX,Horizon Air,PUW,"Pullman, WA: Pullman Moscow Regional",89.00,29.00,6.71,0.00,4.36,0.00,17.93,1.00,0.00,1156.00,328.00,0.00,157.00,0.00,671.00
2025,6,QX,Horizon Air,RDM,"Bend/Redmond, OR: Roberts Field",198.00,37.00,9.05,0.00,3.77,0.00,24.18,2.00,0.00,1910.00,643.00,0.00,101.00,0.00,1166.00
2025,6,QX,Horizon Air,RNO,"Reno, NV: Reno/Tahoe International",131.00,9.00,4.25,0.00,2.45,0.00,2.30,1.00,1.00,276.00,122.00,0.00,69.00,0.00,85.00
2025,6,QX,Horizon Air,SAN,"San Diego, CA: San Diego International",79.00,8.00,4.30,0.00,1.00,0.00,2.70,0.00,0.00,378.00,221.00,0.00,17.00,0.00,140.00
2025,6,QX,Horizon Air,SBA,"Santa Barbara, CA: Santa Barbara Municipal",19.00,3.00,1.00,0.00,0.00,0.00,2.00,0.00,0.00,148.00,43.00,0.00,0.00,0.00,105.00
2025,6,QX,Horizon Air,SBP,"San Luis Obispo, CA: San Luis Obispo County Regional",19.00,3.00,0.00,0.00,1.47,0.00,1.53,0.00,0.00,99.00,0.00,0.00,44.00,0.00,55.00
2025,6,QX,Horizon Air,SCC,"Deadhorse, AK: Deadhorse Airport",3.00,0.00,0.00,0.00,0.00,0.00,0.00,0.00,0.00,0.00,0.00,0.00,0.00,0.00,0.00
2025,6,QX,Horizon Air,SEA,"Seattle, WA: Seattle/Tacoma International",1681.00,475.00,46.73,9.05,224.25,0.00,194.97,11.00,4.00,23694.00,4566.00,354.00,8833.00,0.00,9941.00
2025,6,QX,Horizon Air,SFO,"San Francisco, CA: San Francisco International",263.00,44.00,4.42,0.00,17.28,0.00,22.30,2.00,0.00,1994.00,233.00,0.00,752.00,0.00,1009.00
2025,6,QX,Horizon Air,SJC,"San Jose, CA: Norman Y. Mineta San Jose International",172.00,22.00,3.63,0.00,3.09,0.40,14.88,0.00,0.00,1201.00,86.00,0.00,87.00,19.00,1009.00
2025,6,QX,Horizon Air,SLC,"Salt Lake City, UT: Salt Lake City International",4.00,0.00,0.00,0.00,0.00,0.00,0.00,0.00,0.00,0.00,0.00,0.00,0.00,0.00,0.00
2025,6,QX,Horizon Air,SMF,"Sacramento, CA: Sacramento International",82.00,10.00,2.72,0.00,4.96,0.00,2.33,0.00,0.00,414.00,62.00,0.00,106.00,0.00,246.00
2025,6,QX,Horizon Air,SNA,"Santa Ana, CA: John Wayne Airport-Orange County",60.00,5.00,1.03,0.00,0.01,0.00,3.96,1.00,0.00,260.00,113.00,0.00,1.00,0.00,146.00
2025,6,QX,Horizon Air,STS,"Santa Rosa, CA: Charles M. Schulz - Sonoma County",57.00,9.00,4.86,0.00,2.14,0.00,2.00,0.00,0.00,505.00,378.00,0.00,82.00,0.00,45.00
2025,6,QX,Horizon Air,SUN,"Sun Valley/Hailey/Ketchum, ID: Friedman Memorial",23.00,1.00,1.00,0.00,0.00,0.00,0.00,0.00,1.00,19.00,19.00,0.00,0.00,0.00,0.00
2025,6,QX,Horizon Air,YKM,"Yakima, WA: Yakima Air Terminal/McAllister Field",60.00,20.00,6.02,0.00,3.96,0.00,10.02,0.00,0.00,614.00,190.00,0.00,105.00,0.00,319.00
2025,6,UA,United Air Lines Network,ABQ,"Albuquerque, NM: Albuquerque International Sunport",150.00,41.00,17.18,0.89,4.01,0.00,18.92,2.00,1.00,3324.00,1075.00,107.00,205.00,0.00,1937.00
2025,6,UA,United Air Lines Network,ALB,"Albany, NY: Albany International",49.00,18.00,3.66,0.51,5.22,0.00,8.61,0.00,0.00,993.00,229.00,24.00,145.00,0.00,595.00
2025,6,UA,United Air Lines Network,ANC,"Anchorage, AK: Ted Stevens Anchorage International",241.00,50.00,14.92,7.58,20.97,0.00,6.54,1.00,5.00,3200.00,740.00,931.00,954.00,0.00,575.00
2025,6,UA,United Air Lines Network,ATL,"Atlanta, GA: Hartsfield-Jackson Atlanta International",591.00,174.00,39.49,7.51,68.24,0.00,58.75,5.00,4.00,14020.00,3374.00,855.00,3644.00,0.00,6147.00
2025,6,UA,United Air Lines Network,AUS,"Austin, TX: Austin - Bergstrom International",803.00,231.00,65.19,16.04,65.29,0.00,84.48,9.00,3.00,17865.00,4350.00,1973.00,2894.00,0.00,8648.00
2025,6,UA,United Air Lines Network,AVL,"Asheville, NC: Asheville Regional",4.00,0.00,0.00,0.00,0.00,0.00,0.00,0.00,0.00,0.00,0.00,0.00,0.00,0.00,0.00
2025,6,UA,United Air Lines Network,BDL,"Hartford, CT: Bradley International",167.00,39.00,16.64,0.43,6.64,0.00,15.29,0.00,0.00,2830.00,1107.00,54.00,295.00,0.00,1374.00
2025,6,UA,United Air Lines Network,BIL,"Billings, MT: Billings Logan International",60.00,24.00,5.26,0.00,2.05,0.00,16.68,0.00,0.00,1800.00,454.00,0.00,112.00,0.00,1234.00
2025,6,UA,United Air Lines Network,BNA,"Nashville, TN: Nashville International",622.00,161.00,51.56,11.60,57.24,0.00,40.61,1.00,3.00,10793.00,3194.00,1222.00,2489.00,0.00,3888.00
2025,6,UA,United Air Lines Network,BOI,"Boise, ID: Boise Air Terminal",180.00,36.00,14.71,0.27,3.94,0.00,17.09,0.00,0.00,2175.00,811.00,12.00,217.00,0.00,1135.00
2025,6,UA,United Air Lines Network,BOS,"Boston, MA: Logan International",1112.00,310.00,68.52,14.50,135.77,0.00,91.21,3.00,1.00,23214.00,3785.00,1420.00,8069.00,0.00,9940.00
2025,6,UA,United Air Lines Network,BQN,"Aguadilla, PR: Rafael Hernandez",30.00,8.00,3.41,0.70,1.23,0.00,2.66,0.00,0.00,379.00,166.00,40.00,35.00,0.00,138.00
2025,6,UA,United Air Lines Network,BTV,"Burlington, VT: Patrick Leahy Burlington International",91.00,20.00,6.12,0.58,3.63,0.00,9.67,1.00,0.00,1753.00,300.00,421.00,157.00,0.00,875.00
2025,6,UA,United Air Lines Network,BUF,"Buffalo, NY: Buffalo Niagara International",98.00,37.00,13.42,2.13,7.00,0.00,14.45,0.00,0.00,3264.00,845.00,105.00,401.00,0.00,1913.00
2025,6,UA,United Air Lines Network,BUR,"Burbank, CA: Bob Hope",202.00,61.00,16.27,0.16,17.39,0.00,27.18,0.00,1.00,3480.00,665.00,10.00,593.00,0.00,2212.00
2025,6,UA,United Air Lines Network,BWI,"Baltimore, MD: Baltimore/Washington International Thurgood Marshall",373.00,94.00,31.13,3.29,28.51,0.00,31.06,2.00,3.00,5971.00,1674.00,297.00,1223.00,0.00,2777.00
2025,6,UA,United Air Lines Network,BZN,"Bozeman, MT: Bozeman Yellowstone International",258.00,59.00,18.50,0.91,10.22,0.00,29.37,0.00,0.00,4113.00,1417.00,27.00,405.00,0.00,2264.00
2025,6,UA,United Air Lines Network,CHS,"Charleston, SC: Charleston AFB/International",199.00,52.00,16.70,0.65,16.80,0.00,17.85,0.00,0.00,3192.00,947.00,49.00,823.00,0.00,1373.00
2025,6,UA,United Air Lines Network,CID,"Cedar Rapids/Iowa City, IA: The Eastern Iowa",90.00,35.00,14.59,0.85,5.37,0.00,14.19,0.00,0.00,2910.00,666.00,46.00,245.00,0.00,1953.00
2025,6,UA,United Air Lines Network,CLE,"Cleveland, OH: Cleveland-Hopkins International",764.00,169.00,46.26,15.43,44.14,0.00,63.17,6.00,2.00,14005.00,3122.00,1278.00,2051.00,0.00,7554.00
2025,6,UA,United Air Lines Network,CLT,"Charlotte, NC: Charlotte Douglas International",306.00,101.00,22.17,6.20,41.20,0.00,31.43,2.00,0.00,8439.00,2192.00,447.00,2121.00,0.00,3679.00
2025,6,UA,United Air Lines Network,CMH,"Columbus, OH: John Glenn Columbus International",285.00,87.00,27.69,2.66,25.81,0.00,30.83,0.00,1.00,5727.00,1687.00,186.00,864.00,0.00,2990.00
2025,6,UA,United Air Lines Network,COS,"Colorado Springs, CO: City of Colorado Springs Municipal",90.00,29.00,11.65,1.10,5.53,0.00,10.72,1.00,1.00,2147.00,503.00,35.00,481.00,0.00,1128.00
2025,6,UA,United Air Lines Network,CVG,"Cincinnati, OH: Cincinnati/Northern Kentucky International",204.00,58.00,18.41,2.10,8.39,0.00,29.10,0.00,1.00,4526.00,979.00,102.00,377.00,0.00,3068.00
2025,6,UA,United Air Lines Network,DAY,"Dayton, OH: James M Cox/Dayton International",5.00,2.00,1.06,0.00,0.88,0.00,0.06,0.00,0.00,71.00,24.00,0.00,44.00,0.00,3.00
2025,6,UA,United Air Lines Network,DCA,"Washington, DC: Ronald Reagan Washington National",620.00,187.00,40.50,9.83,81.91,0.00,54.76,7.00,6.00,14954.00,2811.00,1007.00,5073.00,0.00,6063.00
2025,6,UA,United Air Lines Network,DEN,"Denver, CO: Denver International",9177.00,2528.00,540.14,125.48,1395.54,0.00,466.84,49.00,80.00,204937.00,44321.00,11989.00,98386.00,0.00,50241.00
2025,6,UA,United Air Lines Network,DFW,"Dallas/Fort Worth, TX: Dallas/Fort Worth International",785.00,263.00,68.69,21.49,97.03,0.60,75.20,10.00,5.00,19844.00,4961.00,2070.00,5652.00,12.00,7149.00
2025,6,UA,United Air Lines Network,DRO,"Durango, CO: Durango La Plata County",60.00,19.00,5.36,0.00,1.10,0.00,12.53,0.00,0.00,1399.00,279.00,0.00,42.00,0.00,1078.00
2025,6,UA,United Air Lines Network,DSM,"Des Moines, IA: Des Moines International",187.00,61.00,18.96,1.92,8.33,0.00,31.79,1.00,1.00,4757.00,1425.00,96.00,368.00,0.00,2868.00
2025,6,UA,United Air Lines Network,DTW,"Detroit, MI: Detroit Metro Wayne County",202.00,49.00,20.45,2.60,10.51,0.00,15.44,1.00,1.00,2867.00,979.00,194.00,427.00,0.00,1267.00
2025,6,UA,United Air Lines Network,ECP,"Panama City, FL: Northwest Florida Beaches International",29.00,9.00,4.84,0.00,2.03,0.00,2.13,0.00,0.00,620.00,326.00,0.00,119.00,0.00,175.00
2025,6,UA,United Air Lines Network,EGE,"Eagle, CO: Eagle County Regional",76.00,22.00,7.42,0.54,4.43,0.00,9.61,0.00,0.00,1531.00,397.00,79.00,115.00,0.00,940.00
2025,6,UA,United Air Lines Network,ELP,"El Paso, TX: El Paso International",30.00,17.00,6.08,0.00,1.83,0.00,9.09,0.00,0.00,902.00,240.00,0.00,66.00,0.00,596.00
2025,6,UA,United Air Lines Network,EUG,"Eugene, OR: Mahlon Sweet Field",115.00,31.00,11.59,0.00,1.79,0.00,17.61,0.00,0.00,1783.00,560.00,0.00,63.00,0.00,1160.00
2025,6,UA,United Air Lines Network,EWR,"Newark, NJ: Newark Liberty International",4758.00,1279.00,269.62,72.61,624.28,0.00,312.49,33.00,21.00,137412.00,25697.00,10397.00,62092.00,0.00,39226.00
2025,6,UA,United Air Lines Network,EYW,"Key West, FL: Key West International",30.00,4.00,1.08,0.00,2.00,0.00,0.92,0.00,0.00,468.00,71.00,0.00,142.00,0.00,255.00
2025,6,UA,United Air Lines Network,FAI,"Fairbanks, AK: Fairbanks International",60.00,11.00,5.02,0.00,3.64,0.00,2.34,0.00,2.00,656.00,358.00,0.00,134.00,0.00,164.00
2025,6,UA,United Air Lines Network,FAR,"Fargo, ND: Hector International",30.00,16.00,3.81,1.19,3.42,0.00,7.59,0.00,0.00,2185.00,710.00,245.00,184.00,0.00,1046.00
2025,6,UA,United Air Lines Network,FAT,"Fresno, CA: Fresno Yosemite International",60.00,26.00,10.61,0.28,4.19,0.00,10.93,0.00,0.00,2301.00,695.00,11.00,147.00,0.00,1448.00
2025,6,UA,United Air Lines Network,FCA,"Kalispell, MT: Glacier Park International",98.00,35.00,10.80,0.00,6.75,0.00,17.46,0.00,0.00,1793.00,546.00,0.00,242.00,0.00,1005.00
2025,6,UA,United Air Lines Network,FLL,"Fort Lauderdale, FL: Fort Lauderdale-Hollywood International",558.00,121.00,36.05,8.51,34.92,0.00,41.52,1.00,3.00,9397.00,2534.00,651.00,1943.00,0.00,4269.00
2025,6,UA,United Air Lines Network,FSD,"Sioux Falls, SD: Joe Foss Field",59.00,27.00,10.19,0.52,5.14,0.00,11.14,0.00,0.00,2062.00,848.00,43.00,227.00,0.00,944.00
2025,6,UA,United Air Lines Network,GEG,"Spokane, WA: Spokane International",90.00,30.00,14.38,0.00,4.27,0.00,11.35,1.00,0.00,1844.00,674.00,0.00,296.00,0.00,874.00
2025,6,UA,United Air Lines Network,GJT,"Grand Junction, CO: Grand Junction Regional",60.00,31.00,7.34,0.62,5.27,0.00,17.78,0.00,0.00,2657.00,484.00,58.00,175.00,0.00,1940.00
2025,6,UA,United Air Lines Network,GRR,"Grand Rapids, MI: Gerald R. Ford International",98.00,46.00,13.61,1.06,6.41,0.00,24.93,1.00,0.00,2857.00,416.00,137.00,320.00,0.00,1984.00
2025,6,UA,United Air Lines Network,GSP,"Greer, SC: Greenville-Spartanburg International",30.00,5.00,0.91,0.00,1.25,0.00,2.83,0.00,0.00,242.00,66.00,0.00,44.00,0.00,132.00
2025,6,UA,United Air Lines Network,GTF,"Great Falls, MT: Great Falls International",60.00,24.00,2.10,0.75,2.88,0.00,18.27,0.00,0.00,2688.00,350.00,50.00,128.00,0.00,2160.00
2025,6,UA,United Air Lines Network,GUM,"Guam, TT: Guam International",60.00,2.00,1.21,0.00,0.79,0.00,0.00,0.00,0.00,33.00,20.00,0.00,13.00,0.00,0.00
2025,6,UA,United Air Lines Network,HDN,"Hayden, CO: Yampa Valley",32.00,6.00,2.09,0.00,1.03,0.00,2.88,0.00,0.00,541.00,143.00,0.00,30.00,0.00,368.00
2025,6,UA,United Air Lines Network,HNL,"Honolulu, HI: Daniel K Inouye International",488.00,70.00,41.31,0.14,18.84,0.00,9.71,3.00,3.00,4629.00,2657.00,56.00,665.00,0.00,1251.00
2025,6,UA,United Air Lines Network,IAD,"Washington, DC: Washington Dulles International",3038.00,702.00,207.88,32.58,276.43,0.00,185.11,16.00,30.00,53321.00,14675.00,3235.00,14698.00,0.00,20713.00
2025,6,UA,United Air Lines Network,IAH,"Houston, TX: George Bush Intercontinental/Houston",5965.00,1634.00,342.37,76.12,781.17,1.00,433.34,105.00,52.00,144750.00,29129.00,9681.00,60646.00,40.00,45254.00
2025,6,UA,United Air Lines Network,ICT,"Wichita, KS: Wichita Dwight D Eisenhower National",60.00,33.00,11.22,0.19,5.99,0.00,15.61,0.00,0.00,2816.00,860.00,31.00,307.00,0.00,1618.00
2025,6,UA,United Air Lines Network,IND,"Indianapolis, IN: Indianapolis International",251.00,76.00,23.71,2.07,20.29,0.00,29.94,3.00,0.00,4333.00,1236.00,213.00,677.00,0.00,2207.00
2025,6,UA,United Air Lines Network,JAC,"Jackson, WY: Jackson Hole",256.00,58.00,16.47,2.76,17.18,0.00,21.58,1.00,0.00,4482.00,938.00,977.00,841.00,0.00,1726.00
2025,6,UA,United Air Lines Network,JAX,"Jacksonville, FL: Jacksonville International",241.00,82.00,20.80,2.92,35.12,0.00,23.17,2.00,1.00,5935.00,1331.00,246.00,1600.00,0.00,2758.00
2025,6,UA,United Air Lines Network,KOA,"Kona, HI: Ellison Onizuka Kona International at Keahole",155.00,17.00,5.36,0.81,8.59,0.00,2.24,0.00,2.00,843.00,211.00,35.00,259.00,0.00,338.00
2025,6,UA,United Air Lines Network,LAS,"Las Vegas, NV: Harry Reid International",1173.00,275.00,87.76,17.75,78.48,0.12,90.89,5.00,3.00,17019.00,4195.00,1694.00,3378.00,5.00,7747.00
2025,6,UA,United Air Lines Network,LAX,"Los Angeles, CA: Los Angeles International",2416.00,472.00,152.48,34.03,144.60,0.00,140.89,10.00,1.00,32834.00,10446.00,3361.00,6576.00,0.00,12451.00
2025,6,UA,United Air Lines Network,LGA,"New York, NY: LaGuardia",809.00,272.00,46.04,27.37,131.49,0.00,67.10,13.00,8.00,23498.00,2882.00,3720.00,10204.00,0.00,6692.00
2025,6,UA,United Air Lines Network,LIH,"Lihue, HI: Lihue Airport",132.00,14.00,7.96,0.00,5.79,0.00,0.25,0.00,1.00,864.00,696.00,0.00,163.00,0.00,5.00
2025,6,UA,United Air Lines Network,MAF,"Midland/Odessa, TX: Midland International Air and Space Port",27.00,13.00,3.29,0.25,0.15,0.00,9.31,0.00,2.00,1147.00,230.00,18.00,18.00,0.00,881.00
2025,6,UA,United Air Lines Network,MCI,"Kansas City, MO: Kansas City International",281.00,117.00,40.35,3.34,23.45,0.00,49.85,1.00,2.00,8880.00,3107.00,221.00,1076.00,0.00,4476.00
2025,6,UA,United Air Lines Network,MCO,"Orlando, FL: Orlando International",1136.00,272.00,72.66,20.10,104.59,0.00,74.65,5.00,1.00,22961.00,6238.00,2664.00,6059.00,0.00,8000.00
2025,6,UA,United Air Lines Network,MDT,"Harrisburg, PA: Harrisburg International",30.00,14.00,6.44,0.85,2.82,0.00,3.89,0.00,0.00,828.00,350.00,29.00,88.00,0.00,361.00
2025,6,UA,United Air Lines Network,MEM,"Memphis, TN: Memphis International",120.00,56.00,18.34,0.74,10.67,0.00,26.25,1.00,0.00,4103.00,1082.00,67.00,546.00,0.00,2408.00
2025,6,UA,United Air Lines Network,MFE,"Mission/McAllen/Edinburg, TX: McAllen International",26.00,9.00,5.53,0.00,0.00,0.00,3.47,0.00,0.00,1009.00,518.00,0.00,0.00,0.00,491.00
2025,6,UA,United Air Lines Network,MFR,"Medford, OR: Rogue Valley International - Medford",120.00,34.00,14.32,0.00,7.20,0.00,12.49,0.00,0.00,1883.00,586.00,0.00,263.00,0.00,1034.00
2025,6,UA,United Air Lines Network,MIA,"Miami, FL: Miami International",468.00,124.00,37.47,12.89,40.55,0.00,33.09,2.00,5.00,7387.00,2053.00,1290.00,1867.00,0.00,2177.00
2025,6,UA,United Air Lines Network,MKE,"Milwaukee, WI: General Mitchell International",59.00,30.00,6.06,0.46,12.12,0.00,11.36,0.00,0.00,2147.00,282.00,98.00,600.00,0.00,1167.00
2025,6,UA,United Air Lines Network,MSN,"Madison, WI: Dane County Regional-Truax Field",65.00,23.00,8.79,0.76,3.48,0.00,9.97,1.00,0.00,1239.00,527.00,50.00,127.00,0.00,535.00
2025,6,UA,United Air Lines Network,MSO,"Missoula, MT: Missoula Montana",90.00,17.00,6.79,0.00,2.35,0.00,7.85,0.00,0.00,964.00,199.00,0.00,83.00,0.00,682.00
2025,6,UA,United Air Lines Network,MSP,"Minneapolis, MN: Minneapolis-St Paul International",430.00,128.00,47.05,2.87,22.78,0.00,55.30,4.00,0.00,9771.00,3149.00,289.00,961.00,0.00,5372.00
2025,6,UA,United Air Lines Network,MSY,"New Orleans, LA: Louis Armstrong New Orleans International",489.00,145.00,48.56,12.48,29.36,0.00,54.60,6.00,5.00,11740.00,3502.00,1227.00,1389.00,0.00,5622.00
2025,6,UA,United Air Lines Network,MTJ,"Montrose/Delta, CO: Montrose Regional",60.00,21.00,3.74,0.10,3.00,0.00,14.16,0.00,0.00,1714.00,183.00,7.00,107.00,0.00,1417.00
2025,6,UA,United Air Lines Network,MYR,"Myrtle Beach, SC: Myrtle Beach International",61.00,18.00,6.98,0.00,4.42,0.00,6.61,0.00,0.00,999.00,365.00,0.00,279.00,0.00,355.00
2025,6,UA,United Air Lines Network,OGG,"Kahului, HI: Kahului Airport",202.00,26.00,12.72,0.00,9.26,0.00,4.02,1.00,3.00,1577.00,929.00,0.00,203.00,0.00,445.00
2025,6,UA,United Air Lines Network,OKC,"Oklahoma City, OK: Okc Will Rogers International",4.00,0.00,0.00,0.00,0.00,0.00,0.00,0.00,0.00,0.00,0.00,0.00,0.00,0.00,0.00
2025,6,UA,United Air Lines Network,OMA,"Omaha, NE: Eppley Airfield",282.00,106.00,38.50,5.75,19.52,0.00,42.23,4.00,1.00,7375.00,2408.00,513.00,867.00,0.00,3587.00
2025,6,UA,United Air Lines Network,ONT,"Ontario, CA: Ontario International",239.00,88.00,25.27,1.08,22.34,0.00,39.30,3.00,0.00,6334.00,1576.00,34.00,837.00,0.00,3887.00
2025,6,UA,United Air Lines Network,ORD,"Chicago, IL: Chicago O'Hare International",8108.00,1925.00,433.44,84.82,935.48,0.94,470.31,38.00,18.00,136708.00,34748.00,8572.00,48920.00,61.00,44407.00
2025,6,UA,United Air Lines Network,ORF,"Norfolk, VA: Norfolk International",127.00,44.00,11.83,0.11,13.20,0.00,18.86,0.00,0.00,3523.00,953.00,26.00,530.00,0.00,2014.00
2025,6,UA,United Air Lines Network,PBI,"West Palm Beach/Palm Beach, FL: Palm Beach International",141.00,36.00,5.55,1.76,15.13,0.00,13.55,1.00,0.00,2827.00,311.00,351.00,1032.00,0.00,1133.00
2025,6,UA,United Air Lines Network,PDX,"Portland, OR: Portland International",611.00,144.00,46.43,8.83,39.16,0.00,49.58,2.00,1.00,8840.00,2223.00,937.00,1681.00,0.00,3999.00
2025,6,UA,United Air Lines Network,PHL,"Philadelphia, PA: Philadelphia International",348.00,90.00,27.47,4.72,31.03,0.00,26.78,2.00,3.00,5881.00,1719.00,554.00,1495.00,0.00,2113.00
2025,6,UA,United Air Lines Network,PHX,"Phoenix, AZ: Phoenix Sky Harbor International",742.00,194.00,53.33,12.01,48.12,0.00,80.54,5.00,0.00,13523.00,3208.00,1004.00,2387.00,0.00,6924.00
2025,6,UA,United Air Lines Network,PIT,"Pittsburgh, PA: Pittsburgh International",281.00,89.00,26.50,3.02,22.36,0.00,37.12,2.00,1.00,6440.00,1729.00,155.00,942.00,0.00,3614.00
2025,6,UA,United Air Lines Network,PNS,"Pensacola, FL: Pensacola International",90.00,23.00,8.32,0.56,1.76,0.00,12.36,0.00,0.00,1593.00,580.00,34.00,81.00,0.00,898.00
2025,6,UA,United Air Lines Network,PSC,"Pasco/Kennewick/Richland, WA: Tri Cities",30.00,13.00,2.93,0.41,0.23,0.00,9.44,0.00,0.00,1021.00,132.00,53.00,11.00,0.00,825.00
2025,6,UA,United Air Lines Network,PSP,"Palm Springs, CA: Palm Springs International",30.00,3.00,0.59,0.00,0.28,0.00,2.13,0.00,0.00,109.00,27.00,0.00,9.00,0.00,73.00
2025,6,UA,United Air Lines Network,PWM,"Portland, ME: Portland International Jetport",118.00,31.00,9.28,0.56,5.88,0.00,15.28,0.00,1.00,1780.00,427.00,33.00,191.00,0.00,1129.00
2025,6,UA,United Air Lines Network,RAP,"Rapid City, SD: Rapid City Regional",94.00,28.00,6.82,0.80,2.68,0.00,17.70,0.00,0.00,1999.00,387.00,66.00,145.00,0.00,1401.00
2025,6,UA,United Air Lines Network,RDM,"Bend/Redmond, OR: Roberts Field",90.00,21.00,6.70,0.00,4.81,0.00,9.49,0.00,0.00,1427.00,315.00,0.00,185.00,0.00,927.00
2025,6,UA,United Air Lines Network,RDU,"Raleigh/Durham, NC: Raleigh-Durham International",481.00,107.00,28.42,6.78,38.25,0.00,33.56,1.00,0.00,6510.00,2092.00,489.00,1490.00,0.00,2439.00
2025,6,UA,United Air Lines Network,RIC,"Richmond, VA: Richmond International",60.00,31.00,10.18,1.21,8.95,0.00,10.66,0.00,0.00,2126.00,463.00,85.00,418.00,0.00,1160.00
2025,6,UA,United Air Lines Network,RNO,"Reno, NV: Reno/Tahoe International",215.00,75.00,27.79,0.81,11.57,0.00,34.83,0.00,2.00,4444.00,1535.00,76.00,383.00,0.00,2450.00
2025,6,UA,United Air Lines Network,ROC,"Rochester, NY: Frederick Douglass Grtr Rochester International",53.00,17.00,6.14,2.00,3.93,0.00,4.93,0.00,0.00,1335.00,599.00,65.00,152.00,0.00,519.00
2025,6,UA,United Air Lines Network,RSW,"Fort Myers, FL: Southwest Florida International",326.00,66.00,15.61,6.29,16.81,0.00,27.29,1.00,0.00,4285.00,1290.00,223.00,606.00,0.00,2166.00
2025,6,UA,United Air Lines Network,SAN,"San Diego, CA: San Diego International",888.00,223.00,76.39,15.01,65.66,0.00,65.94,3.00,0.00,14245.00,3976.00,1563.00,2420.00,0.00,6286.00
2025,6,UA,United Air Lines Network,SAT,"San Antonio, TX: San Antonio International",478.00,134.00,44.33,8.80,26.15,0.00,54.73,9.00,3.00,10003.00,2503.00,1122.00,1198.00,0.00,5180.00
2025,6,UA,United Air Lines Network,SAV,"Savannah, GA: Savannah/Hilton Head International",114.00,26.00,6.64,0.34,8.88,0.00,10.14,1.00,0.00,1676.00,290.00,51.00,347.00,0.00,988.00
2025,6,UA,United Air Lines Network,SBA,"Santa Barbara, CA: Santa Barbara Municipal",149.00,42.00,10.33,0.22,10.92,0.00,20.53,1.00,1.00,2852.00,611.00,39.00,400.00,0.00,1802.00
2025,6,UA,United Air Lines Network,SBP,"San Luis Obispo, CA: San Luis Obispo County Regional",30.00,19.00,2.04,0.48,2.51,0.00,13.97,0.00,0.00,1445.00,163.00,29.00,123.00,0.00,1130.00
2025,6,UA,United Air Lines Network,SDF,"Louisville, KY: Louisville Muhammad Ali International",60.00,21.00,6.28,0.66,6.08,0.00,7.98,0.00,0.00,1888.00,853.00,62.00,242.00,0.00,731.00
2025,6,UA,United Air Lines Network,SEA,"Seattle, WA: Seattle/Tacoma International",920.00,243.00,76.55,13.20,86.60,0.00,66.66,5.00,1.00,15555.00,4662.00,1103.00,3455.00,0.00,6335.00
2025,6,UA,United Air Lines Network,SFO,"San Francisco, CA: San Francisco International",4993.00,1105.00,340.81,42.92,399.93,0.00,321.34,26.00,4.00,75072.00,26036.00,4330.00,16796.00,0.00,27910.00
2025,6,UA,United Air Lines Network,SJC,"San Jose, CA: Norman Y. Mineta San Jose International",148.00,57.00,18.40,1.98,10.68,0.00,25.93,1.00,0.00,4435.00,1714.00,68.00,427.00,0.00,2226.00
2025,6,UA,United Air Lines Network,SJU,"San Juan, PR: Luis Munoz Marin International",309.00,74.00,26.80,8.09,21.75,0.00,17.35,3.00,2.00,4917.00,1665.00,811.00,1187.00,0.00,1254.00
2025,6,UA,United Air Lines Network,SLC,"Salt Lake City, UT: Salt Lake City International",380.00,116.00,42.13,4.42,24.81,0.00,44.64,3.00,1.00,6965.00,2206.00,400.00,962.00,0.00,3397.00
2025,6,UA,United Air Lines Network,SMF,"Sacramento, CA: Sacramento International",386.00,114.00,37.29,4.25,27.47,0.00,44.99,1.00,1.00,8567.00,2494.00,444.00,1275.00,0.00,4354.00
2025,6,UA,United Air Lines Network,SNA,"Santa Ana, CA: John Wayne Airport-Orange County",532.00,118.00,39.89,3.14,28.99,0.00,45.97,1.00,6.00,6533.00,2095.00,391.00,1149.00,0.00,2898.00
2025,6,UA,United Air Lines Network,SPN,"Saipan, TT: Francisco C. Ada Saipan International",30.00,0.00,0.00,0.00,0.00,0.00,0.00,0.00,0.00,0.00,0.00,0.00,0.00,0.00,0.00
2025,6,UA,United Air Lines Network,SRQ,"Sarasota/Bradenton, FL: Sarasota/Bradenton International",98.00,21.00,3.34,0.00,6.69,0.00,10.97,0.00,1.00,1510.00,159.00,0.00,238.00,0.00,1113.00
2025,6,UA,United Air Lines Network,STL,"St. Louis, MO: St Louis Lambert International",271.00,95.00,30.18,2.41,19.27,0.00,43.14,0.00,0.00,7600.00,2188.00,289.00,920.00,0.00,4203.00
2025,6,UA,United Air Lines Network,STT,"Charlotte Amalie, VI: Cyril E King",73.00,8.00,2.91,0.00,2.50,0.00,2.59,0.00,0.00,533.00,133.00,0.00,61.00,0.00,339.00
2025,6,UA,United Air Lines Network,SYR,"Syracuse, NY: Syracuse Hancock International",92.00,32.00,10.61,1.31,7.11,0.00,12.96,0.00,0.00,2402.00,508.00,88.00,318.00,0.00,1488.00
2025,6,UA,United Air Lines Network,TPA,"Tampa, FL: Tampa International",677.00,155.00,45.41,16.02,48.17,0.00,45.40,5.00,3.00,12700.00,3001.00,1833.00,2601.00,0.00,5265.00
2025,6,UA,United Air Lines Network,TUL,"Tulsa, OK: Tulsa International",60.00,26.00,4.73,1.56,6.24,0.00,13.47,2.00,0.00,1718.00,298.00,86.00,210.00,0.00,1124.00
2025,6,UA,United Air Lines Network,TUS,"Tucson, AZ: Tucson International",5.00,2.00,1.04,0.00,0.00,0.00,0.96,0.00,0.00,105.00,26.00,0.00,0.00,0.00,79.00
2025,6,UA,United Air Lines Network,TVC,"Traverse City, MI: Cherry Capital",71.00,30.00,8.68,0.25,5.76,0.00,15.31,0.00,0.00,2425.00,500.00,7.00,161.00,0.00,1757.00
2025,6,UA,United Air Lines Network,TYS,"Knoxville, TN: McGhee Tyson",60.00,20.00,5.98,0.42,5.99,0.00,7.60,0.00,0.00,1361.00,399.00,31.00,189.00,0.00,742.00
2025,6,UA,United Air Lines Network,XNA,"Fayetteville, AR: Northwest Arkansas National",44.00,17.00,4.82,0.88,4.77,0.00,6.54,0.00,0.00,1294.00,275.00,63.00,245.00,0.00,711.00
2025,6,WN,Southwest Airlines,ABQ,"Albuquerque, NM: Albuquerque International Sunport",1085.00,310.00,95.45,5.76,34.12,0.00,174.67,4.00,1.00,17882.00,4789.00,396.00,1436.00,0.00,11261.00
2025,6,WN,Southwest Airlines,ALB,"Albany, NY: Albany International",353.00,104.00,32.86,1.32,16.28,0.82,52.73,3.00,5.00,6655.00,1752.00,205.00,831.00,37.00,3830.00
2025,6,WN,Southwest Airlines,AMA,"Amarillo, TX: Rick Husband Amarillo International",161.00,39.00,15.41,0.00,8.52,0.00,15.07,1.00,1.00,1635.00,601.00,0.00,332.00,0.00,702.00
2025,6,WN,Southwest Airlines,ATL,"Atlanta, GA: Hartsfield-Jackson Atlanta International",1620.00,502.00,130.84,26.04,131.81,0.40,212.91,11.00,11.00,37249.00,8585.00,3362.00,8887.00,22.00,16393.00
2025,6,WN,Southwest Airlines,AUS,"Austin, TX: Austin - Bergstrom International",3318.00,913.00,252.96,19.35,210.23,0.80,429.67,7.00,14.00,51300.00,14263.00,1328.00,9613.00,72.00,26024.00
2025,6,WN,Southwest Airlines,BDL,"Hartford, CT: Bradley International",368.00,108.00,40.13,2.64,13.62,0.00,51.61,4.00,0.00,6687.00,2384.00,142.00,705.00,0.00,3456.00
2025,6,WN,Southwest Airlines,BHM,"Birmingham, AL: Birmingham-Shuttlesworth International",440.00,144.00,39.66,5.34,28.07,0.20,70.74,2.00,5.00,8536.00,2194.00,336.00,1380.00,3.00,4623.00
2025,6,WN,Southwest Airlines,BNA,"Nashville, TN: Nashville International",5007.00,1339.00,307.64,36.19,291.85,3.12,700.20,19.00,30.00,76853.00,17384.00,2459.00,13423.00,147.00,43440.00
2025,6,WN,Southwest Airlines,BOI,"Boise, ID: Boise Air Terminal",481.00,151.00,51.97,1.24,17.66,0.33,79.79,1.00,0.00,8037.00,2657.00,76.00,540.00,7.00,4757.00
2025,6,WN,Southwest Airlines,BOS,"Boston, MA: Logan International",679.00,265.00,76.05,8.65,79.10,1.00,100.21,6.00,0.00,17472.00,4887.00,809.00,4257.00,181.00,7338.00
2025,6,WN,Southwest Airlines,BUF,"Buffalo, NY: Buffalo Niagara International",465.00,151.00,48.09,3.06,21.59,1.00,77.26,2.00,0.00,8933.00,2553.00,295.00,1079.00,149.00,4857.00
2025,6,WN,Southwest Airlines,BUR,"Burbank, CA: Bob Hope",1606.00,393.00,118.76,4.08,33.55,0.00,236.60,23.00,0.00,24494.00,7489.00,332.00,1142.00,0.00,15531.00
2025,6,WN,Southwest Airlines,BWI,"Baltimore, MD: Baltimore/Washington International Thurgood Marshall",6423.00,1618.00,377.02,67.83,405.72,4.78,762.65,88.00,41.00,107496.00,23965.00,5659.00,26488.00,306.00,51078.00
2025,6,WN,Southwest Airlines,BZN,"Bozeman, MT: Bozeman Yellowstone International",207.00,75.00,26.88,1.31,15.57,0.00,31.24,0.00,0.00,3913.00,1120.00,56.00,600.00,0.00,2137.00
2025,6,WN,Southwest Airlines,CHS,"Charleston, SC: Charleston AFB/International",387.00,128.00,31.54,3.36,34.09,0.00,59.02,2.00,1.00,7201.00,1680.00,132.00,1703.00,0.00,3686.00
2025,6,WN,Southwest Airlines,CLE,"Cleveland, OH: Cleveland-Hopkins International",481.00,160.00,50.80,3.28,23.93,1.00,81.00,1.00,0.00,9406.00,2748.00,226.00,1399.00,114.00,4919.00
2025,6,WN,Southwest Airlines,CLT,"Charlotte, NC: Charlotte Douglas International",318.00,138.00,38.12,0.58,39.61,1.00,58.69,0.00,0.00,9339.00,2548.00,53.00,2049.00,28.00,4661.00
2025,6,WN,Southwest Airlines,CMH,"Columbus, OH: John Glenn Columbus International",1061.00,352.00,107.78,7.81,42.27,1.23,192.92,2.00,2.00,22800.00,6437.00,371.00,2093.00,80.00,13819.00
2025,6,WN,Southwest Airlines,COS,"Colorado Springs, CO: City of Colorado Springs Municipal",418.00,145.00,50.53,0.43,22.90,0.00,71.13,2.00,1.00,8062.00,2584.00,32.00,1121.00,0.00,4325.00
2025,6,WN,Southwest Airlines,CRP,"Corpus Christi, TX: Corpus Christi International",84.00,25.00,4.72,0.66,2.20,0.00,17.42,2.00,0.00,1558.00,338.00,93.00,109.00,0.00,1018.00
2025,6,WN,Southwest Airlines,CVG,"Cincinnati, OH: Cincinnati/Northern Kentucky International",187.00,54.00,16.55,1.43,6.51,0.00,29.52,1.00,0.00,4015.00,727.00,98.00,361.00,0.00,2829.00
2025,6,WN,Southwest Airlines,DAL,"Dallas, TX: Dallas Love Field",6040.00,1631.00,429.85,51.02,324.10,4.33,821.70,55.00,20.00,100266.00,25889.00,3853.00,16876.00,131.00,53517.00
2025,6,WN,Southwest Airlines,DCA,"Washington, DC: Ronald Reagan Washington National",1344.00,480.00,102.79,16.99,179.10,1.56,179.56,9.00,14.00,36364.00,6564.00,2028.00,13181.00,191.00,14400.00
2025,6,WN,Southwest Airlines,DEN,"Denver, CO: Denver International",8335.00,2761.00,531.63,104.00,1198.02,2.76,924.59,54.00,65.00,184710.00,33869.00,9779.00,80508.00,50.00,60504.00
2025,6,WN,Southwest Airlines,DSM,"Des Moines, IA: Des Moines International",146.00,38.00,10.58,0.00,4.94,0.00,22.48,0.00,0.00,2263.00,448.00,0.00,176.00,0.00,1639.00
2025,6,WN,Southwest Airlines,DTW,"Detroit, MI: Detroit Metro Wayne County",374.00,130.00,44.91,3.15,15.72,0.00,66.23,2.00,0.00,9023.00,2627.00,315.00,815.00,0.00,5266.00
2025,6,WN,Southwest Airlines,ECP,"Panama City, FL: Northwest Florida Beaches International",406.00,110.00,24.35,3.55,28.27,0.00,53.83,0.00,2.00,6701.00,1396.00,243.00,1339.00,0.00,3723.00
2025,6,WN,Southwest Airlines,ELP,"El Paso, TX: El Paso International",812.00,246.00,70.26,4.23,28.02,0.48,143.01,1.00,4.00,14172.00,4053.00,191.00,1319.00,14.00,8595.00
2025,6,WN,Southwest Airlines,EUG,"Eugene, OR: Mahlon Sweet Field",148.00,43.00,13.73,0.82,5.66,0.00,22.79,0.00,0.00,2262.00,436.00,24.00,180.00,0.00,1622.00
2025,6,WN,Southwest Airlines,FAT,"Fresno, CA: Fresno Yosemite International",147.00,38.00,9.91,0.00,5.05,0.00,23.04,0.00,0.00,1668.00,297.00,0.00,146.00,0.00,1225.00
2025,6,WN,Southwest Airlines,FLL,"Fort Lauderdale, FL: Fort Lauderdale-Hollywood International",958.00,288.00,91.68,12.28,56.13,1.63,126.27,5.00,2.00,20062.00,6228.00,907.00,3196.00,67.00,9664.00
2025,6,WN,Southwest Airlines,GEG,"Spokane, WA: Spokane International",377.00,103.00,36.20,0.16,8.56,0.95,57.14,1.00,0.00,5415.00,1674.00,15.00,295.00,42.00,3389.00
2025,6,WN,Southwest Airlines,GRR,"Grand Rapids, MI: Gerald R. Ford International",212.00,63.00,24.35,0.73,6.51,0.00,31.41,0.00,0.00,3876.00,1308.00,54.00,307.00,0.00,2207.00
2025,6,WN,Southwest Airlines,GSP,"Greer, SC: Greenville-Spartanburg International",128.00,44.00,13.49,1.51,7.52,0.93,20.55,1.00,0.00,2919.00,694.00,80.00,599.00,41.00,1505.00
2025,6,WN,Southwest Airlines,HDN,"Hayden, CO: Yampa Valley",28.00,8.00,3.86,0.00,1.59,0.00,2.55,0.00,0.00,262.00,141.00,0.00,45.00,0.00,76.00
2025,6,WN,Southwest Airlines,HNL,"Honolulu, HI: Daniel K Inouye International",1055.00,81.00,28.28,0.00,13.10,0.20,39.42,5.00,16.00,3712.00,1426.00,0.00,489.00,12.00,1785.00
2025,6,WN,Southwest Airlines,HOU,"Houston, TX: William P Hobby",4551.00,1314.00,311.10,27.28,325.54,4.25,645.83,55.00,29.00,74848.00,16143.00,2402.00,16076.00,115.00,40112.00
2025,6,WN,Southwest Airlines,HRL,"Harlingen/San Benito, TX: Valley International",196.00,58.00,16.15,3.11,5.75,0.00,32.99,2.00,1.00,3848.00,1053.00,366.00,308.00,0.00,2121.00
2025,6,WN,Southwest Airlines,IAD,"Washington, DC: Washington Dulles International",111.00,41.00,11.38,0.00,14.06,0.30,15.26,2.00,0.00,2469.00,584.00,0.00,539.00,6.00,1340.00
2025,6,WN,Southwest Airlines,ICT,"Wichita, KS: Wichita Dwight D Eisenhower National",146.00,44.00,12.25,0.31,6.67,0.00,24.77,1.00,3.00,2893.00,552.00,66.00,321.00,0.00,1954.00
2025,6,WN,Southwest Airlines,IND,"Indianapolis, IN: Indianapolis International",990.00,303.00,91.50,9.53,31.00,0.00,170.97,4.00,2.00,20749.00,6606.00,681.00,1739.00,0.00,11723.00
2025,6,WN,Southwest Airlines,ISP,"Islip, NY: Long Island MacArthur",285.00,88.00,28.48,4.66,9.92,0.50,44.43,0.00,1.00,4969.00,1686.00,423.00,407.00,8.00,2445.00
2025,6,WN,Southwest Airlines,ITO,"Hilo, HI: Hilo International",150.00,9.00,3.59,0.00,0.23,0.00,5.18,0.00,0.00,482.00,266.00,0.00,7.00,0.00,209.00
2025,6,WN,Southwest Airlines,JAN,"Jackson/Vicksburg, MS: Jackson Medgar Wiley Evers International",119.00,42.00,9.02,1.02,4.71,1.65,25.61,0.00,0.00,2217.00,425.00,32.00,243.00,173.00,1344.00
2025,6,WN,Southwest Airlines,JAX,"Jacksonville, FL: Jacksonville International",402.00,137.00,36.05,1.66,35.01,1.88,62.41,2.00,0.00,7565.00,1417.00,138.00,1723.00,51.00,4236.00
2025,6,WN,Southwest Airlines,KOA,"Kona, HI: Ellison Onizuka Kona International at Keahole",243.00,20.00,7.58,0.00,4.58,0.00,7.85,1.00,0.00,882.00,427.00,0.00,118.00,0.00,337.00
2025,6,WN,Southwest Airlines,LAS,"Las Vegas, NV: Harry Reid International",7397.00,1685.00,407.60,31.12,280.80,4.28,961.21,42.00,22.00,96372.00,22824.00,2567.00,14354.00,156.00,56471.00
2025,6,WN,Southwest Airlines,LAX,"Los Angeles, CA: Los Angeles International",2146.00,633.00,209.62,5.66,68.49,2.00,347.25,5.00,2.00,32100.00,9315.00,346.00,2571.00,128.00,19740.00
2025,6,WN,Southwest Airlines,LBB,"Lubbock, TX: Lubbock Preston Smith International",220.00,80.00,18.25,0.98,4.80,0.00,55.97,1.00,3.00,5108.00,940.00,187.00,234.00,0.00,3747.00
2025,6,WN,Southwest Airlines,LGA,"New York, NY: LaGuardia",976.00,382.00,100.58,10.23,140.05,0.05,131.09,15.00,20.00,26986.00,6184.00,960.00,10492.00,13.00,9337.00
2025,6,WN,Southwest Airlines,LGB,"Long Beach, CA: Long Beach Airport",1280.00,280.00,80.72,5.60,26.63,0.08,166.97,5.00,0.00,12876.00,3256.00,531.00,897.00,11.00,8181.00
2025,6,WN,Southwest Airlines,LIH,"Lihue, HI: Lihue Airport",242.00,26.00,15.56,0.00,3.37,0.00,7.07,0.00,1.00,1304.00,790.00,0.00,107.00,0.00,407.00
2025,6,WN,Southwest Airlines,LIT,"Little Rock, AR: Bill and Hillary Clinton Nat Adams Field",202.00,70.00,21.57,2.06,8.39,0.00,37.98,0.00,1.00,3973.00,847.00,172.00,369.00,0.00,2585.00
2025,6,WN,Southwest Airlines,MAF,"Midland/Odessa, TX: Midland International Air and Space Port",297.00,100.00,28.95,0.80,16.50,0.00,53.75,1.00,1.00,5588.00,1595.00,14.00,627.00,0.00,3352.00
2025,6,WN,Southwest Airlines,MCI,"Kansas City, MO: Kansas City International",2124.00,626.00,162.74,16.04,123.25,1.14,322.82,16.00,16.00,38161.00,9314.00,1036.00,5669.00,67.00,22075.00
2025,6,WN,Southwest Airlines,MCO,"Orlando, FL: Orlando International",4036.00,1104.00,294.88,35.06,298.67,4.56,470.82,24.00,12.00,74997.00,20703.00,2636.00,16550.00,157.00,34951.00
2025,6,WN,Southwest Airlines,MDW,"Chicago, IL: Chicago Midway International",6668.00,1558.00,430.80,43.39,241.68,3.50,838.63,35.00,15.00,98657.00,25989.00,4003.00,12270.00,162.00,56233.00
2025,6,WN,Southwest Airlines,MEM,"Memphis, TN: Memphis International",354.00,149.00,41.20,4.32,14.31,0.00,89.17,1.00,1.00,8130.00,2007.00,353.00,592.00,0.00,5178.00
2025,6,WN,Southwest Airlines,MHT,"Manchester, NH: Manchester Boston Regional",233.00,70.00,24.10,2.67,7.37,1.00,34.86,1.00,0.00,3780.00,1005.00,164.00,323.00,20.00,2268.00
2025,6,WN,Southwest Airlines,MIA,"Miami, FL: Miami International",423.00,138.00,57.51,2.61,29.55,0.00,48.33,3.00,2.00,8037.00,3246.00,267.00,1598.00,0.00,2926.00
2025,6,WN,Southwest Airlines,MKE,"Milwaukee, WI: General Mitchell International",825.00,234.00,82.33,5.29,27.90,0.00,118.48,5.00,0.00,15021.00,5220.00,377.00,1410.00,0.00,8014.00
2025,6,WN,Southwest Airlines,MSP,"Minneapolis, MN: Minneapolis-St Paul International",567.00,170.00,52.18,3.99,13.20,0.00,100.62,1.00,0.00,11291.00,3248.00,338.00,660.00,0.00,7045.00
2025,6,WN,Southwest Airlines,MSY,"New Orleans, LA: Louis Armstrong New Orleans International",1493.00,506.00,152.43,16.83,76.44,1.11,259.19,5.00,14.00,32965.00,9555.00,1235.00,3651.00,106.00,18418.00
2025,6,WN,Southwest Airlines,MTJ,"Montrose/Delta, CO: Montrose Regional",32.00,6.00,4.74,0.00,1.21,0.00,0.05,0.00,0.00,519.00,476.00,0.00,24.00,0.00,19.00
2025,6,WN,Southwest Airlines,MYR,"Myrtle Beach, SC: Myrtle Beach International",292.00,82.00,21.29,2.40,21.82,0.85,35.64,0.00,1.00,5455.00,1548.00,289.00,1083.00,22.00,2513.00
2025,6,WN,Southwest Airlines,OAK,"Oakland, CA: Oakland International",2606.00,673.00,186.25,5.11,57.82,2.12,421.71,22.00,0.00,34138.00,9454.00,290.00,1879.00,101.00,22414.00
2025,6,WN,Southwest Airlines,OGG,"Kahului, HI: Kahului Airport",432.00,51.00,20.47,0.00,8.11,0.00,22.41,1.00,1.00,2045.00,1031.00,0.00,195.00,0.00,819.00
2025,6,WN,Southwest Airlines,OKC,"Oklahoma City, OK: Okc Will Rogers International",661.00,207.00,62.73,3.68,29.40,0.00,111.18,3.00,3.00,13888.00,3858.00,267.00,1350.00,0.00,8413.00
2025,6,WN,Southwest Airlines,OMA,"Omaha, NE: Eppley Airfield",695.00,216.00,68.54,3.88,34.90,1.00,107.68,2.00,4.00,12783.00,3871.00,223.00,1517.00,21.00,7151.00
2025,6,WN,Southwest Airlines,ONT,"Ontario, CA: Ontario International",1016.00,283.00,89.53,3.71,34.55,0.52,154.69,3.00,0.00,16685.00,5129.00,252.00,2018.00,13.00,9273.00
2025,6,WN,Southwest Airlines,ORD,"Chicago, IL: Chicago O'Hare International",420.00,149.00,51.47,2.87,49.40,0.00,45.26,0.00,1.00,10290.00,4673.00,342.00,2193.00,0.00,3082.00
2025,6,WN,Southwest Airlines,ORF,"Norfolk, VA: Norfolk International",326.00,99.00,36.98,1.90,16.97,0.00,43.15,3.00,0.00,5014.00,1877.00,127.00,688.00,0.00,2322.00
2025,6,WN,Southwest Airlines,PBI,"West Palm Beach/Palm Beach, FL: Palm Beach International",183.00,55.00,14.93,2.63,13.79,1.11,22.53,0.00,0.00,3138.00,925.00,237.00,851.00,37.00,1088.00
2025,6,WN,Southwest Airlines,PDX,"Portland, OR: Portland International",880.00,276.00,89.19,1.73,40.03,0.54,144.50,3.00,1.00,13367.00,4115.00,56.00,1243.00,37.00,7916.00
2025,6,WN,Southwest Airlines,PHL,"Philadelphia, PA: Philadelphia International",419.00,153.00,47.06,2.64,38.34,0.25,64.71,0.00,1.00,9724.00,2266.00,125.00,2463.00,18.00,4852.00
2025,6,WN,Southwest Airlines,PHX,"Phoenix, AZ: Phoenix Sky Harbor International",5558.00,1405.00,398.41,27.72,152.05,5.04,821.78,55.00,6.00,76092.00,19328.00,1828.00,6919.00,357.00,47660.00
2025,6,WN,Southwest Airlines,PIT,"Pittsburgh, PA: Pittsburgh International",892.00,322.00,83.05,8.28,53.85,0.72,176.10,2.00,1.00,19915.00,5360.00,634.00,2466.00,40.00,11415.00
2025,6,WN,Southwest Airlines,PNS,"Pensacola, FL: Pensacola International",298.00,87.00,23.57,1.42,18.68,0.00,43.33,1.00,1.00,5057.00,1452.00,74.00,850.00,0.00,2681.00
2025,6,WN,Southwest Airlines,PSP,"Palm Springs, CA: Palm Springs International",145.00,38.00,10.26,0.00,4.50,0.00,23.24,0.00,0.00,1782.00,386.00,0.00,219.00,0.00,1177.00
2025,6,WN,Southwest Airlines,PVD,"Providence, RI: Rhode Island Tf Green International",447.00,150.00,43.17,3.71,20.95,0.15,82.03,3.00,1.00,9813.00,2639.00,274.00,1080.00,18.00,5802.00
2025,6,WN,Southwest Airlines,PWM,"Portland, ME: Portland International Jetport",172.00,61.00,18.40,2.60,11.94,0.00,28.06,0.00,0.00,3350.00,763.00,359.00,679.00,0.00,1549.00
2025,6,WN,Southwest Airlines,RDU,"Raleigh/Durham, NC: Raleigh-Durham International",821.00,275.00,80.10,6.88,52.64,1.43,133.95,3.00,0.00,15855.00,4614.00,465.00,2250.00,41.00,8485.00
2025,6,WN,Southwest Airlines,RIC,"Richmond, VA: Richmond International",198.00,68.00,18.26,3.20,17.84,0.19,28.50,2.00,1.00,4795.00,1230.00,180.00,859.00,11.00,2515.00
2025,6,WN,Southwest Airlines,RNO,"Reno, NV: Reno/Tahoe International",740.00,200.00,60.51,2.57,16.97,0.81,119.15,0.00,0.00,9642.00,2565.00,130.00,562.00,22.00,6363.00
2025,6,WN,Southwest Airlines,ROC,"Rochester, NY: Frederick Douglass Grtr Rochester International",181.00,49.00,18.86,0.90,6.33,0.00,22.91,4.00,0.00,2890.00,1151.00,101.00,274.00,0.00,1364.00
2025,6,WN,Southwest Airlines,RSW,"Fort Myers, FL: Southwest Florida International",511.00,147.00,48.09,4.00,37.91,2.00,54.99,0.00,1.00,9117.00,2803.00,433.00,1774.00,192.00,3915.00
2025,6,WN,Southwest Airlines,SAN,"San Diego, CA: San Diego International",3060.00,914.00,258.65,16.07,182.27,0.28,456.73,20.00,1.00,47761.00,13275.00,1204.00,6287.00,8.00,26987.00
2025,6,WN,Southwest Airlines,SAT,"San Antonio, TX: San Antonio International",1403.00,418.00,120.39,4.91,49.54,2.00,241.16,6.00,9.00,26075.00,6546.00,294.00,2407.00,230.00,16598.00
2025,6,WN,Southwest Airlines,SAV,"Savannah, GA: Savannah/Hilton Head International",291.00,97.00,25.12,0.84,31.46,0.00,39.58,1.00,1.00,5817.00,1151.00,126.00,1577.00,0.00,2963.00
2025,6,WN,Southwest Airlines,SBA,"Santa Barbara, CA: Santa Barbara Municipal",145.00,28.00,4.82,0.00,5.27,0.00,17.91,2.00,0.00,1252.00,270.00,0.00,252.00,0.00,730.00
2025,6,WN,Southwest Airlines,SDF,"Louisville, KY: Louisville Muhammad Ali International",442.00,128.00,30.30,3.70,20.48,0.00,73.52,4.00,0.00,8353.00,2422.00,239.00,888.00,0.00,4804.00
2025,6,WN,Southwest Airlines,SEA,"Seattle, WA: Seattle/Tacoma International",916.00,343.00,108.92,6.07,75.40,1.16,151.45,1.00,2.00,18181.00,5296.00,723.00,3424.00,129.00,8609.00
2025,6,WN,Southwest Airlines,SFO,"San Francisco, CA: San Francisco International",677.00,250.00,61.76,4.19,36.89,0.31,146.85,3.00,0.00,13273.00,2840.00,297.00,1472.00,45.00,8619.00
2025,6,WN,Southwest Airlines,SJC,"San Jose, CA: Norman Y. Mineta San Jose International",2455.00,576.00,159.88,5.37,51.42,4.35,354.98,14.00,2.00,29937.00,7607.00,495.00,1853.00,195.00,19787.00
2025,6,WN,Southwest Airlines,SJU,"San Juan, PR: Luis Munoz Marin International",453.00,108.00,36.88,4.09,15.68,0.84,50.51,0.00,0.00,6944.00,2177.00,277.00,759.00,21.00,3710.00
2025,6,WN,Southwest Airlines,SLC,"Salt Lake City, UT: Salt Lake City International",992.00,310.00,98.58,3.31,29.51,1.96,176.63,4.00,2.00,16644.00,5291.00,221.00,1142.00,62.00,9928.00
2025,6,WN,Southwest Airlines,SMF,"Sacramento, CA: Sacramento International",2919.00,712.00,178.08,5.89,67.39,1.11,459.53,15.00,0.00,39864.00,8750.00,361.00,2574.00,84.00,28095.00
2025,6,WN,Southwest Airlines,SNA,"Santa Ana, CA: John Wayne Airport-Orange County",1247.00,258.00,92.59,1.33,18.10,0.00,145.99,10.00,0.00,11615.00,4383.00,38.00,597.00,0.00,6597.00
2025,6,WN,Southwest Airlines,SRQ,"Sarasota/Bradenton, FL: Sarasota/Bradenton International",340.00,91.00,21.47,5.66,19.92,0.00,43.95,1.00,0.00,6226.00,1490.00,624.00,1144.00,0.00,2968.00
2025,6,WN,Southwest Airlines,STL,"St. Louis, MO: St Louis Lambert International",3672.00,875.00,237.18,29.26,113.25,2.35,492.96,16.00,3.00,57562.00,16307.00,2218.00,5525.00,89.00,33423.00
2025,6,WN,Southwest Airlines,TPA,"Tampa, FL: Tampa International",1992.00,558.00,141.74,20.20,102.63,0.42,293.00,6.00,13.00,36670.00,8633.00,1687.00,4942.00,16.00,21392.00
2025,6,WN,Southwest Airlines,TUL,"Tulsa, OK: Tulsa International",533.00,185.00,48.66,5.72,24.31,0.00,106.32,4.00,2.00,11648.00,3249.00,465.00,1198.00,0.00,6736.00
2025,6,WN,Southwest Airlines,TUS,"Tucson, AZ: Tucson International",343.00,102.00,29.56,1.75,8.77,0.55,61.37,1.00,1.00,5794.00,1567.00,90.00,531.00,49.00,3557.00
2025,6,WN,Southwest Airlines,VPS,"Valparaiso, FL: Eglin AFB Destin Fort Walton Beach",208.00,63.00,20.91,0.37,13.42,0.00,28.30,0.00,0.00,3165.00,1104.00,8.00,566.00,0.00,1487.00
2025,6,YV,Mesa Airlines Inc.,ABQ,"Albuquerque, NM: Albuquerque International Sunport",89.00,33.00,12.57,2.46,6.01,0.00,11.96,2.00,0.00,2114.00,636.00,125.00,199.00,0.00,1154.00
2025,6,YV,Mesa Airlines Inc.,ATL,"Atlanta, GA: Hartsfield-Jackson Atlanta International",90.00,32.00,14.09,1.67,4.71,0.00,11.53,5.00,1.00,2824.00,1177.00,110.00,200.00,0.00,1337.00
2025,6,YV,Mesa Airlines Inc.,AUS,"Austin, TX: Austin - Bergstrom International",45.00,9.00,3.61,0.71,3.06,0.00,1.62,1.00,0.00,489.00,284.00,22.00,87.00,0.00,96.00
2025,6,YV,Mesa Airlines Inc.,BDL,"Hartford, CT: Bradley International",47.00,16.00,6.44,1.37,3.09,0.00,5.10,2.00,0.00,1627.00,584.00,154.00,189.00,0.00,700.00
2025,6,YV,Mesa Airlines Inc.,BHM,"Birmingham, AL: Birmingham-Shuttlesworth International",33.00,16.00,7.42,0.00,3.00,0.00,5.58,3.00,0.00,1181.00,507.00,0.00,96.00,0.00,578.00
2025,6,YV,Mesa Airlines Inc.,BNA,"Nashville, TN: Nashville International",13.00,4.00,0.99,0.78,2.22,0.00,0.00,0.00,0.00,356.00,114.00,153.00,89.00,0.00,0.00
2025,6,YV,Mesa Airlines Inc.,BRO,"Brownsville, TX: Brownsville South Padre Island International",50.00,15.00,6.67,2.00,0.91,0.00,5.42,5.00,0.00,1407.00,269.00,99.00,30.00,0.00,1009.00
2025,6,YV,Mesa Airlines Inc.,BTR,"Baton Rouge, LA: Baton Rouge Metropolitan/Ryan Field",46.00,13.00,7.06,0.00,0.25,0.00,5.69,4.00,0.00,711.00,366.00,0.00,23.00,0.00,322.00
2025,6,YV,Mesa Airlines Inc.,BUF,"Buffalo, NY: Buffalo Niagara International",19.00,6.00,2.73,0.00,1.31,0.00,1.97,0.00,0.00,498.00,131.00,0.00,27.00,0.00,340.00
2025,6,YV,Mesa Airlines Inc.,BWI,"Baltimore, MD: Baltimore/Washington International Thurgood Marshall",17.00,2.00,0.59,1.00,0.24,0.00,0.17,0.00,0.00,238.00,55.00,144.00,23.00,0.00,16.00
2025,6,YV,Mesa Airlines Inc.,CHS,"Charleston, SC: Charleston AFB/International",88.00,30.00,11.77,2.41,8.26,0.00,7.56,4.00,0.00,3364.00,1108.00,363.00,363.00,0.00,1530.00
2025,6,YV,Mesa Airlines Inc.,CLE,"Cleveland, OH: Cleveland-Hopkins International",25.00,9.00,1.71,0.99,4.13,0.00,2.16,0.00,0.00,790.00,269.00,141.00,181.00,0.00,199.00
2025,6,YV,Mesa Airlines Inc.,CLT,"Charlotte, NC: Charlotte Douglas International",148.00,44.00,14.69,3.21,14.67,0.00,11.43,2.00,0.00,3094.00,918.00,255.00,768.00,0.00,1153.00
2025,6,YV,Mesa Airlines Inc.,CMH,"Columbus, OH: John Glenn Columbus International",61.00,11.00,3.91,0.72,2.15,0.00,4.22,3.00,0.00,978.00,255.00,58.00,115.00,0.00,550.00
2025,6,YV,Mesa Airlines Inc.,COS,"Colorado Springs, CO: City of Colorado Springs Municipal",55.00,21.00,8.30,0.00,4.65,0.00,8.04,3.00,0.00,1218.00,481.00,0.00,159.00,0.00,578.00
2025,6,YV,Mesa Airlines Inc.,CRP,"Corpus Christi, TX: Corpus Christi International",27.00,11.00,4.63,0.38,3.04,0.00,2.95,1.00,0.00,1029.00,219.00,77.00,327.00,0.00,406.00
2025,6,YV,Mesa Airlines Inc.,CVG,"Cincinnati, OH: Cincinnati/Northern Kentucky International",56.00,15.00,6.52,1.38,0.60,0.00,6.50,1.00,0.00,1926.00,662.00,199.00,43.00,0.00,1022.00
2025,6,YV,Mesa Airlines Inc.,DAY,"Dayton, OH: James M Cox/Dayton International",1.00,0.00,0.00,0.00,0.00,0.00,0.00,0.00,0.00,0.00,0.00,0.00,0.00,0.00,0.00
2025,6,YV,Mesa Airlines Inc.,DCA,"Washington, DC: Ronald Reagan Washington National",4.00,1.00,1.00,0.00,0.00,0.00,0.00,0.00,0.00,35.00,35.00,0.00,0.00,0.00,0.00
2025,6,YV,Mesa Airlines Inc.,DFW,"Dallas/Fort Worth, TX: Dallas/Fort Worth International",73.00,21.00,6.70,2.14,6.21,0.00,5.95,4.00,0.00,1744.00,542.00,441.00,271.00,0.00,490.00
2025,6,YV,Mesa Airlines Inc.,DRO,"Durango, CO: Durango La Plata County",12.00,1.00,0.24,0.00,0.00,0.00,0.76,0.00,0.00,17.00,4.00,0.00,0.00,0.00,13.00
2025,6,YV,Mesa Airlines Inc.,DSM,"Des Moines, IA: Des Moines International",30.00,10.00,5.37,0.85,1.73,0.00,2.05,0.00,0.00,687.00,284.00,40.00,47.00,0.00,316.00
2025,6,YV,Mesa Airlines Inc.,DTW,"Detroit, MI: Detroit Metro Wayne County",122.00,46.00,16.23,4.35,6.62,0.00,18.79,1.00,1.00,5585.00,1348.00,802.00,566.00,0.00,2869.00
2025,6,YV,Mesa Airlines Inc.,ECP,"Panama City, FL: Northwest Florida Beaches International",93.00,46.00,16.33,3.76,8.69,0.00,17.22,5.00,1.00,3959.00,1297.00,438.00,528.00,0.00,1696.00
2025,6,YV,Mesa Airlines Inc.,ELP,"El Paso, TX: El Paso International",166.00,58.00,21.89,5.53,6.49,0.00,24.09,7.00,0.00,6702.00,2107.00,497.00,369.00,0.00,3729.00
2025,6,YV,Mesa Airlines Inc.,GRR,"Grand Rapids, MI: Gerald R. Ford International",30.00,6.00,1.64,1.00,1.25,0.00,2.11,1.00,0.00,468.00,148.00,46.00,53.00,0.00,221.00
2025,6,YV,Mesa Airlines Inc.,GSP,"Greer, SC: Greenville-Spartanburg International",60.00,25.00,7.46,2.15,2.62,0.00,12.78,2.00,0.00,1959.00,270.00,326.00,138.00,0.00,1225.00
2025,6,YV,Mesa Airlines Inc.,GUC,"Gunnison, CO: Gunnison-Crested Butte Regional",2.00,0.00,0.00,0.00,0.00,0.00,0.00,0.00,0.00,0.00,0.00,0.00,0.00,0.00,0.00
2025,6,YV,Mesa Airlines Inc.,HRL,"Harlingen/San Benito, TX: Valley International",1.00,0.00,0.00,0.00,0.00,0.00,0.00,0.00,0.00,0.00,0.00,0.00,0.00,0.00,0.00
2025,6,YV,Mesa Airlines Inc.,IAD,"Washington, DC: Washington Dulles International",1040.00,268.00,56.88,15.72,60.85,0.00,134.55,25.00,5.00,27691.00,5414.00,1421.00,4647.00,0.00,16209.00
2025,6,YV,Mesa Airlines Inc.,IAH,"Houston, TX: George Bush Intercontinental/Houston",2591.00,740.00,174.71,36.29,293.34,0.00,235.67,112.00,31.00,85253.00,18537.00,9522.00,26621.00,0.00,30573.00
2025,6,YV,Mesa Airlines Inc.,ICT,"Wichita, KS: Wichita Dwight D Eisenhower National",60.00,23.00,8.73,2.00,2.38,0.00,9.89,5.00,0.00,2308.00,691.00,212.00,129.00,0.00,1276.00
2025,6,YV,Mesa Airlines Inc.,IND,"Indianapolis, IN: Indianapolis International",68.00,28.00,10.09,1.77,4.03,0.00,12.12,4.00,0.00,2842.00,654.00,178.00,115.00,0.00,1895.00
2025,6,YV,Mesa Airlines Inc.,JAX,"Jacksonville, FL: Jacksonville International",102.00,40.00,11.82,5.22,14.09,0.00,8.87,1.00,0.00,2900.00,855.00,639.00,637.00,0.00,769.00
2025,6,YV,Mesa Airlines Inc.,LFT,"Lafayette, LA: Lafayette Regional Paul Fournet Field",29.00,8.00,2.42,1.25,0.30,0.00,4.03,4.00,0.00,1168.00,348.00,217.00,72.00,0.00,531.00
2025,6,YV,Mesa Airlines Inc.,LGA,"New York, NY: LaGuardia",63.00,21.00,2.11,1.58,13.10,0.00,4.21,3.00,0.00,2250.00,128.00,158.00,638.00,0.00,1326.00
2025,6,YV,Mesa Airlines Inc.,LIT,"Little Rock, AR: Bill and Hillary Clinton Nat Adams Field",72.00,21.00,6.77,1.64,1.17,0.00,11.41,3.00,0.00,1770.00,483.00,55.00,28.00,0.00,1204.00
2025,6,YV,Mesa Airlines Inc.,MAF,"Midland/Odessa, TX: Midland International Air and Space Port",106.00,39.00,8.96,3.50,10.14,0.00,16.41,5.00,0.00,4252.00,830.00,723.00,549.00,0.00,2150.00
2025,6,YV,Mesa Airlines Inc.,MCI,"Kansas City, MO: Kansas City International",147.00,52.00,17.01,6.43,11.38,0.00,17.18,5.00,2.00,4253.00,1106.00,715.00,511.00,0.00,1921.00
2025,6,YV,Mesa Airlines Inc.,MEM,"Memphis, TN: Memphis International",28.00,12.00,2.91,1.80,0.81,0.00,6.48,3.00,0.00,938.00,166.00,158.00,30.00,0.00,584.00
2025,6,YV,Mesa Airlines Inc.,MFE,"Mission/McAllen/Edinburg, TX: McAllen International",64.00,19.00,5.70,0.55,0.30,0.00,12.45,4.00,1.00,2255.00,591.00,60.00,33.00,0.00,1571.00
2025,6,YV,Mesa Airlines Inc.,MKE,"Milwaukee, WI: General Mitchell International",82.00,26.00,13.78,4.55,1.26,0.00,6.41,2.00,0.00,2835.00,1573.00,301.00,124.00,0.00,837.00
2025,6,YV,Mesa Airlines Inc.,MOB,"Mobile, AL: Mobile Regional",28.00,10.00,3.52,1.02,0.00,0.00,5.46,1.00,0.00,904.00,359.00,62.00,0.00,0.00,483.00
2025,6,YV,Mesa Airlines Inc.,MSP,"Minneapolis, MN: Minneapolis-St Paul International",39.00,6.00,2.79,0.96,0.00,0.00,2.25,0.00,0.00,698.00,276.00,146.00,0.00,0.00,276.00
2025,6,YV,Mesa Airlines Inc.,MSY,"New Orleans, LA: Louis Armstrong New Orleans International",26.00,4.00,0.65,0.00,2.05,0.00,1.30,0.00,0.00,266.00,67.00,0.00,42.00,0.00,157.00
2025,6,YV,Mesa Airlines Inc.,MTJ,"Montrose/Delta, CO: Montrose Regional",6.00,1.00,0.00,0.00,1.00,0.00,0.00,0.00,0.00,20.00,0.00,0.00,20.00,0.00,0.00
2025,6,YV,Mesa Airlines Inc.,MYR,"Myrtle Beach, SC: Myrtle Beach International",4.00,1.00,0.20,0.00,0.00,0.00,0.80,0.00,0.00,54.00,11.00,0.00,0.00,0.00,43.00
2025,6,YV,Mesa Airlines Inc.,OKC,"Oklahoma City, OK: Okc Will Rogers International",48.00,19.00,6.11,3.28,6.59,0.00,3.02,1.00,0.00,1313.00,327.00,209.00,330.00,0.00,447.00
2025,6,YV,Mesa Airlines Inc.,OMA,"Omaha, NE: Eppley Airfield",32.00,9.00,4.59,1.00,1.74,0.00,1.67,0.00,0.00,799.00,439.00,31.00,97.00,0.00,232.00
2025,6,YV,Mesa Airlines Inc.,ORF,"Norfolk, VA: Norfolk International",98.00,34.00,15.02,2.70,4.66,0.00,11.62,3.00,0.00,3276.00,811.00,930.00,234.00,0.00,1301.00
2025,6,YV,Mesa Airlines Inc.,PBI,"West Palm Beach/Palm Beach, FL: Palm Beach International",25.00,4.00,0.81,1.00,1.00,0.00,1.19,0.00,0.00,154.00,47.00,55.00,16.00,0.00,36.00
2025,6,YV,Mesa Airlines Inc.,PHL,"Philadelphia, PA: Philadelphia International",93.00,36.00,12.92,2.97,8.76,0.00,11.35,1.00,1.00,3415.00,1071.00,286.00,384.00,0.00,1674.00
2025,6,YV,Mesa Airlines Inc.,PHX,"Phoenix, AZ: Phoenix Sky Harbor International",1.00,1.00,0.48,0.00,0.00,0.00,0.52,0.00,0.00,29.00,14.00,0.00,0.00,0.00,15.00
2025,6,YV,Mesa Airlines Inc.,PIT,"Pittsburgh, PA: Pittsburgh International",63.00,13.00,7.10,0.63,1.11,0.00,4.15,0.00,0.00,833.00,475.00,22.00,30.00,0.00,306.00
2025,6,YV,Mesa Airlines Inc.,PNS,"Pensacola, FL: Pensacola International",52.00,18.00,5.82,2.44,4.56,0.00,5.19,2.00,0.00,2646.00,652.00,318.00,769.00,0.00,907.00
2025,6,YV,Mesa Airlines Inc.,PVD,"Providence, RI: Rhode Island Tf Green International",13.00,3.00,0.61,0.00,0.58,0.00,1.81,2.00,0.00,314.00,37.00,0.00,20.00,0.00,257.00
2025,6,YV,Mesa Airlines Inc.,RDU,"Raleigh/Durham, NC: Raleigh-Durham International",43.00,8.00,3.15,1.89,0.81,0.00,2.15,1.00,0.00,466.00,150.00,127.00,57.00,0.00,132.00
2025,6,YV,Mesa Airlines Inc.,RIC,"Richmond, VA: Richmond International",79.00,23.00,6.28,3.16,3.25,0.00,10.30,2.00,0.00,3020.00,923.00,254.00,225.00,0.00,1618.00
2025,6,YV,Mesa Airlines Inc.,ROC,"Rochester, NY: Frederick Douglass Grtr Rochester International",47.00,15.00,5.56,0.94,2.87,0.00,5.62,1.00,0.00,868.00,284.00,34.00,82.00,0.00,468.00
2025,6,YV,Mesa Airlines Inc.,SAT,"San Antonio, TX: San Antonio International",29.00,10.00,2.52,1.64,0.58,0.00,5.25,3.00,0.00,842.00,145.00,139.00,27.00,0.00,531.00
2025,6,YV,Mesa Airlines Inc.,SAV,"Savannah, GA: Savannah/Hilton Head International",149.00,48.00,19.57,7.40,6.41,0.00,14.62,4.00,0.00,6401.00,1939.00,2188.00,324.00,0.00,1950.00
2025,6,YV,Mesa Airlines Inc.,SBN,"South Bend, IN: South Bend International",9.00,7.00,3.00,1.75,0.40,0.00,1.85,0.00,0.00,1292.00,555.00,343.00,71.00,0.00,323.00
2025,6,YV,Mesa Airlines Inc.,SDF,"Louisville, KY: Louisville Muhammad Ali International",149.00,59.00,19.80,8.37,9.10,0.00,21.73,5.00,1.00,7910.00,1751.00,2048.00,485.00,0.00,3626.00
2025,6,YV,Mesa Airlines Inc.,SLC,"Salt Lake City, UT: Salt Lake City International",23.00,6.00,1.56,2.35,0.00,0.00,2.10,0.00,0.00,516.00,84.00,136.00,0.00,0.00,296.00
2025,6,YV,Mesa Airlines Inc.,STL,"St. Louis, MO: St Louis Lambert International",61.00,15.00,7.15,0.72,0.77,0.00,6.36,3.00,0.00,1638.00,669.00,26.00,55.00,0.00,888.00
2025,6,YV,Mesa Airlines Inc.,TUL,"Tulsa, OK: Tulsa International",74.00,27.00,11.11,1.65,4.65,0.00,9.60,6.00,1.00,3166.00,1133.00,118.00,214.00,0.00,1701.00
2025,6,YV,Mesa Airlines Inc.,TUS,"Tucson, AZ: Tucson International",60.00,17.00,9.28,0.00,1.23,0.00,6.49,2.00,0.00,1344.00,544.00,0.00,31.00,0.00,769.00
2025,6,YV,Mesa Airlines Inc.,TYS,"Knoxville, TN: McGhee Tyson",2.00,1.00,0.00,1.00,0.00,0.00,0.00,0.00,0.00,25.00,0.00,25.00,0.00,0.00,0.00
2025,6,YV,Mesa Airlines Inc.,XNA,"Fayetteville, AR: Northwest Arkansas National",50.00,18.00,6.08,0.57,2.33,0.00,9.01,5.00,0.00,1103.00,255.00,72.00,99.00,0.00,677.00
2025,6,YX,Republic Airline,ACK,"Nantucket, MA: Nantucket Memorial",148.00,25.00,8.94,1.13,6.13,0.00,8.80,6.00,2.00,1373.00,483.00,32.00,220.00,0.00,638.00
2025,6,YX,Republic Airline,ALB,"Albany, NY: Albany International",31.00,4.00,1.44,0.00,1.56,0.00,1.00,0.00,0.00,249.00,77.00,0.00,70.00,0.00,102.00
2025,6,YX,Republic Airline,ATL,"Atlanta, GA: Hartsfield-Jackson Atlanta International",106.00,22.00,7.94,0.00,5.40,0.00,8.66,9.00,0.00,1196.00,472.00,0.00,116.00,0.00,608.00
2025,6,YX,Republic Airline,AUS,"Austin, TX: Austin - Bergstrom International",4.00,0.00,0.00,0.00,0.00,0.00,0.00,0.00,0.00,0.00,0.00,0.00,0.00,0.00,0.00
2025,6,YX,Republic Airline,AVL,"Asheville, NC: Asheville Regional",65.00,9.00,1.63,0.00,3.94,0.00,3.44,0.00,1.00,572.00,67.00,0.00,234.00,0.00,271.00
2025,6,YX,Republic Airline,BDL,"Hartford, CT: Bradley International",43.00,15.00,4.90,2.05,1.49,0.00,6.56,0.00,0.00,1019.00,263.00,254.00,121.00,0.00,381.00
2025,6,YX,Republic Airline,BGR,"Bangor, ME: Bangor International",124.00,35.00,9.40,0.00,16.24,0.00,9.36,6.00,0.00,2559.00,994.00,0.00,817.00,0.00,748.00
2025,6,YX,Republic Airline,BHM,"Birmingham, AL: Birmingham-Shuttlesworth International",49.00,11.00,1.83,0.00,3.37,0.00,5.80,5.00,1.00,875.00,111.00,0.00,137.00,0.00,627.00
2025,6,YX,Republic Airline,BNA,"Nashville, TN: Nashville International",487.00,124.00,28.61,3.91,41.70,0.00,49.78,19.00,3.00,10125.00,2919.00,437.00,2703.00,0.00,4066.00
2025,6,YX,Republic Airline,BOS,"Boston, MA: Logan International",2714.00,654.00,149.23,40.40,257.21,0.47,206.69,72.00,2.00,50942.00,13805.00,3421.00,16571.00,7.00,17138.00
2025,6,YX,Republic Airline,BTV,"Burlington, VT: Patrick Leahy Burlington International",170.00,44.00,15.39,3.01,13.76,0.00,11.85,7.00,0.00,4387.00,1431.00,844.00,1024.00,0.00,1088.00
2025,6,YX,Republic Airline,BUF,"Buffalo, NY: Buffalo Niagara International",214.00,69.00,16.26,1.14,19.23,0.00,32.38,21.00,0.00,4349.00,936.00,296.00,924.00,0.00,2193.00
2025,6,YX,Republic Airline,BWI,"Baltimore, MD: Baltimore/Washington International Thurgood Marshall",104.00,20.00,7.01,0.00,5.98,0.00,7.00,0.00,2.00,1088.00,463.00,0.00,216.00,0.00,409.00
2025,6,YX,Republic Airline,CAE,"Columbia, SC: Columbia Metropolitan",40.00,12.00,2.67,0.81,3.92,0.00,4.60,3.00,0.00,1167.00,334.00,95.00,280.00,0.00,458.00
2025,6,YX,Republic Airline,CHA,"Chattanooga, TN: Lovell Field",8.00,3.00,0.07,0.00,2.03,0.00,0.90,1.00,0.00,374.00,17.00,0.00,151.00,0.00,206.00
2025,6,YX,Republic Airline,CHO,"Charlottesville, VA: Charlottesville Albemarle",30.00,10.00,2.47,0.00,2.34,0.00,5.19,0.00,0.00,783.00,133.00,0.00,174.00,0.00,476.00
2025,6,YX,Republic Airline,CHS,"Charleston, SC: Charleston AFB/International",201.00,46.00,14.10,0.63,15.08,1.00,15.19,7.00,0.00,3583.00,1106.00,158.00,891.00,17.00,1411.00
2025,6,YX,Republic Airline,CID,"Cedar Rapids/Iowa City, IA: The Eastern Iowa",1.00,0.00,0.00,0.00,0.00,0.00,0.00,0.00,0.00,0.00,0.00,0.00,0.00,0.00,0.00
2025,6,YX,Republic Airline,CLE,"Cleveland, OH: Cleveland-Hopkins International",393.00,88.00,23.52,4.25,24.95,0.00,35.28,12.00,0.00,7493.00,1656.00,634.00,1982.00,0.00,3221.00
2025,6,YX,Republic Airline,CLT,"Charlotte, NC: Charlotte Douglas International",233.00,34.00,9.46,0.00,16.00,0.00,8.53,2.00,0.00,2285.00,636.00,0.00,1243.00,0.00,406.00
2025,6,YX,Republic Airline,CMH,"Columbus, OH: John Glenn Columbus International",1004.00,302.00,69.45,9.01,110.52,0.00,113.02,30.00,4.00,25087.00,5529.00,2537.00,5584.00,0.00,11437.00
2025,6,YX,Republic Airline,CVG,"Cincinnati, OH: Cincinnati/Northern Kentucky International",491.00,132.00,40.37,2.88,41.10,0.00,47.65,11.00,4.00,9971.00,3136.00,293.00,2083.00,0.00,4459.00
2025,6,YX,Republic Airline,DAY,"Dayton, OH: James M Cox/Dayton International",24.00,6.00,0.89,0.00,1.75,0.00,3.36,5.00,0.00,397.00,83.00,0.00,111.00,0.00,203.00
2025,6,YX,Republic Airline,DCA,"Washington, DC: Ronald Reagan Washington National",2308.00,633.00,121.53,13.57,281.62,0.00,216.27,138.00,9.00,47034.00,9986.00,1517.00,16594.00,0.00,18937.00
2025,6,YX,Republic Airline,DFW,"Dallas/Fort Worth, TX: Dallas/Fort Worth International",2.00,1.00,0.08,0.00,0.25,0.00,0.68,0.00,0.00,40.00,3.00,0.00,10.00,0.00,27.00
2025,6,YX,Republic Airline,DLH,"Duluth, MN: Duluth International",4.00,1.00,1.00,0.00,0.00,0.00,0.00,0.00,0.00,29.00,29.00,0.00,0.00,0.00,0.00
2025,6,YX,Republic Airline,DSM,"Des Moines, IA: Des Moines International",130.00,52.00,9.18,5.44,16.65,0.00,20.73,7.00,1.00,4826.00,438.00,1575.00,1051.00,0.00,1762.00
2025,6,YX,Republic Airline,DTW,"Detroit, MI: Detroit Metro Wayne County",443.00,94.00,32.78,6.36,22.93,0.00,31.92,11.00,1.00,7254.00,2782.00,668.00,1065.00,0.00,2739.00
2025,6,YX,Republic Airline,ECP,"Panama City, FL: Northwest Florida Beaches International",28.00,4.00,1.25,0.00,0.00,0.00,2.75,1.00,1.00,516.00,57.00,0.00,0.00,0.00,459.00
2025,6,YX,Republic Airline,ELP,"El Paso, TX: El Paso International",,,,,,,,,,,,,,,
2025,6,YX,Republic Airline,EWR,"Newark, NJ: Newark Liberty International",1488.00,334.00,52.33,12.66,208.47,0.00,60.54,87.00,3.00,36939.00,5723.00,1985.00,21584.00,0.00,7647.00
2025,6,YX,Republic Airline,EYW,"Key West, FL: Key West International",34.00,6.00,0.44,0.00,3.56,0.00,2.00,0.00,1.00,371.00,23.00,0.00,126.00,0.00,222.00
2025,6,YX,Republic Airline,GRB,"Green Bay, WI: Green Bay Austin Straubel International",25.00,1.00,0.73,0.00,0.27,0.00,0.00,0.00,0.00,30.00,22.00,0.00,8.00,0.00,0.00
2025,6,YX,Republic Airline,GRR,"Grand Rapids, MI: Gerald R. Ford International",231.00,50.00,13.18,1.00,15.79,0.00,20.04,9.00,0.00,3298.00,977.00,16.00,847.00,0.00,1458.00
2025,6,YX,Republic Airline,GSO,"Greensboro/High Point, NC: Piedmont Triad International",168.00,53.00,11.03,0.28,19.14,0.00,22.55,9.00,0.00,3236.00,503.00,30.00,957.00,0.00,1746.00
2025,6,YX,Republic Airline,GSP,"Greer, SC: Greenville-Spartanburg International",183.00,48.00,10.17,1.61,16.15,0.00,20.07,16.00,1.00,4743.00,1534.00,313.00,1116.00,0.00,1780.00
2025,6,YX,Republic Airline,HHH,"Hilton Head, SC: Hilton Head Airport",152.00,23.00,4.11,0.00,12.88,0.00,6.01,0.00,0.00,1414.00,327.00,0.00,716.00,0.00,371.00
2025,6,YX,Republic Airline,HYA,"Hyannis, MA: Cape Cod Gateway",44.00,9.00,2.42,0.00,4.44,0.00,2.14,0.00,0.00,374.00,127.00,0.00,177.00,0.00,70.00
2025,6,YX,Republic Airline,IAD,"Washington, DC: Washington Dulles International",974.00,207.00,41.95,6.53,84.54,0.00,73.98,20.00,2.00,19062.00,5223.00,593.00,5723.00,0.00,7523.00
2025,6,YX,Republic Airline,IAH,"Houston, TX: George Bush Intercontinental/Houston",9.00,5.00,2.38,0.00,1.87,0.00,0.75,0.00,0.00,652.00,484.00,0.00,70.00,0.00,98.00
2025,6,YX,Republic Airline,ILM,"Wilmington, NC: Wilmington International",147.00,49.00,8.76,2.64,14.81,0.00,22.79,9.00,0.00,3328.00,541.00,452.00,826.00,0.00,1509.00
2025,6,YX,Republic Airline,IND,"Indianapolis, IN: Indianapolis International",1166.00,300.00,78.79,11.37,86.64,0.04,123.15,49.00,2.00,27782.00,8397.00,1705.00,5251.00,3.00,12426.00
2025,6,YX,Republic Airline,JAX,"Jacksonville, FL: Jacksonville International",108.00,34.00,5.13,0.71,18.16,0.00,10.01,0.00,0.00,1988.00,346.00,37.00,928.00,0.00,677.00
2025,6,YX,Republic Airline,JFK,"New York, NY: John F. Kennedy International",1263.00,353.00,70.57,12.05,183.82,0.00,86.55,88.00,2.00,27502.00,5103.00,1470.00,12830.00,0.00,8099.00
2025,6,YX,Republic Airline,LEX,"Lexington, KY: Blue Grass",54.00,13.00,3.34,0.00,2.66,0.00,7.00,1.00,0.00,824.00,145.00,0.00,73.00,0.00,606.00
2025,6,YX,Republic Airline,LGA,"New York, NY: LaGuardia",4644.00,1212.00,254.72,60.36,526.14,3.18,367.60,307.00,24.00,109160.00,23753.00,9252.00,39470.00,84.00,36601.00
2025,6,YX,Republic Airline,LIT,"Little Rock, AR: Bill and Hillary Clinton Nat Adams Field",34.00,13.00,1.71,0.19,6.12,0.00,4.98,4.00,0.00,1969.00,169.00,17.00,354.00,0.00,1429.00
2025,6,YX,Republic Airline,MCI,"Kansas City, MO: Kansas City International",122.00,24.00,6.85,0.59,8.20,0.00,8.37,1.00,0.00,1640.00,292.00,88.00,519.00,0.00,741.00
2025,6,YX,Republic Airline,MCO,"Orlando, FL: Orlando International",90.00,27.00,8.06,1.81,10.36,0.00,6.77,1.00,1.00,3297.00,1617.00,96.00,739.00,0.00,845.00
2025,6,YX,Republic Airline,MEM,"Memphis, TN: Memphis International",218.00,59.00,10.78,3.11,18.12,0.00,26.99,14.00,0.00,4606.00,1037.00,696.00,983.00,0.00,1890.00
2025,6,YX,Republic Airline,MHT,"Manchester, NH: Manchester Boston Regional",2.00,1.00,0.00,0.00,0.80,0.00,0.20,0.00,0.00,60.00,0.00,0.00,48.00,0.00,12.00
2025,6,YX,Republic Airline,MIA,"Miami, FL: Miami International",140.00,49.00,10.76,4.20,11.26,0.35,22.43,2.00,0.00,4598.00,1044.00,262.00,802.00,7.00,2483.00
2025,6,YX,Republic Airline,MKE,"Milwaukee, WI: General Mitchell International",205.00,42.00,12.17,0.72,16.43,0.00,12.68,6.00,0.00,3168.00,754.00,109.00,1205.00,0.00,1100.00
2025,6,YX,Republic Airline,MSN,"Madison, WI: Dane County Regional-Truax Field",212.00,54.00,15.68,1.62,19.49,0.00,17.21,12.00,0.00,5322.00,2040.00,247.00,1246.00,0.00,1789.00
2025,6,YX,Republic Airline,MSP,"Minneapolis, MN: Minneapolis-St Paul International",170.00,38.00,8.57,2.07,8.47,0.00,18.89,7.00,2.00,2937.00,495.00,205.00,571.00,0.00,1666.00
2025,6,YX,Republic Airline,MSY,"New Orleans, LA: Louis Armstrong New Orleans International",121.00,33.00,9.61,0.61,10.18,0.00,12.61,4.00,2.00,1701.00,354.00,28.00,345.00,0.00,974.00
2025,6,YX,Republic Airline,MVY,"Martha's Vineyard, MA: Martha's Vineyard Airport",142.00,22.00,11.64,0.59,5.99,0.00,3.79,2.00,2.00,1042.00,506.00,41.00,318.00,0.00,177.00
2025,6,YX,Republic Airline,MYR,"Myrtle Beach, SC: Myrtle Beach International",33.00,7.00,2.18,0.00,3.27,0.00,1.55,1.00,0.00,813.00,526.00,0.00,182.00,0.00,105.00
2025,6,YX,Republic Airline,OKC,"Oklahoma City, OK: Okc Will Rogers International",77.00,22.00,4.40,1.23,6.49,0.00,9.88,8.00,6.00,1673.00,429.00,277.00,308.00,0.00,659.00
2025,6,YX,Republic Airline,OMA,"Omaha, NE: Eppley Airfield",89.00,24.00,3.86,0.10,8.31,0.00,11.73,2.00,1.00,2853.00,753.00,11.00,788.00,0.00,1301.00
2025,6,YX,Republic Airline,ORD,"Chicago, IL: Chicago O'Hare International",2204.00,452.00,93.08,25.16,198.79,0.00,134.97,12.00,1.00,33673.00,8803.00,2286.00,10522.00,0.00,12062.00
2025,6,YX,Republic Airline,ORF,"Norfolk, VA: Norfolk International",345.00,92.00,16.34,1.19,35.16,0.00,39.32,14.00,1.00,6344.00,1299.00,92.00,2303.00,0.00,2650.00
2025,6,YX,Republic Airline,ORH,"Worcester, MA: Worcester Regional",30.00,3.00,0.99,0.00,0.00,0.00,2.01,0.00,0.00,134.00,68.00,0.00,0.00,0.00,66.00
2025,6,YX,Republic Airline,PBI,"West Palm Beach/Palm Beach, FL: Palm Beach International",25.00,5.00,0.00,0.00,3.48,0.00,1.52,2.00,0.00,417.00,0.00,0.00,192.00,0.00,225.00
2025,6,YX,Republic Airline,PHL,"Philadelphia, PA: Philadelphia International",547.00,111.00,29.68,5.33,36.90,0.00,39.09,25.00,3.00,6641.00,1903.00,365.00,1536.00,0.00,2837.00
2025,6,YX,Republic Airline,PIA,"Peoria, IL: General Downing - Peoria International",50.00,15.00,5.23,0.70,4.92,0.00,4.16,0.00,0.00,989.00,414.00,30.00,172.00,0.00,373.00
2025,6,YX,Republic Airline,PIT,"Pittsburgh, PA: Pittsburgh International",943.00,246.00,60.25,14.57,67.89,0.83,102.46,45.00,1.00,23522.00,6239.00,2999.00,3756.00,35.00,10493.00
2025,6,YX,Republic Airline,PNS,"Pensacola, FL: Pensacola International",26.00,4.00,2.17,0.00,1.83,0.00,0.00,1.00,0.00,141.00,84.00,0.00,57.00,0.00,0.00
2025,6,YX,Republic Airline,PVD,"Providence, RI: Rhode Island Tf Green International",74.00,11.00,3.07,0.53,3.82,0.00,3.59,2.00,0.00,596.00,110.00,21.00,115.00,0.00,350.00
2025,6,YX,Republic Airline,PWM,"Portland, ME: Portland International Jetport",328.00,83.00,25.24,3.87,22.44,0.00,31.44,13.00,0.00,6798.00,2025.00,688.00,1146.00,0.00,2939.00
2025,6,YX,Republic Airline,RDU,"Raleigh/Durham, NC: Raleigh-Durham International",703.00,223.00,43.75,8.83,94.84,0.74,74.84,37.00,1.00,16813.00,3512.00,1182.00,4924.00,34.00,7161.00
2025,6,YX,Republic Airline,RIC,"Richmond, VA: Richmond International",342.00,77.00,23.92,1.00,21.65,0.00,30.42,18.00,1.00,6686.00,2294.00,281.00,1649.00,0.00,2462.00
2025,6,YX,Republic Airline,ROA,"Roanoke, VA: Roanoke Blacksburg Regional",26.00,11.00,0.15,0.00,8.50,0.00,2.35,2.00,0.00,720.00,27.00,0.00,458.00,0.00,235.00
2025,6,YX,Republic Airline,ROC,"Rochester, NY: Frederick Douglass Grtr Rochester International",87.00,17.00,6.32,0.91,1.87,0.00,7.91,4.00,0.00,3071.00,1396.00,614.00,152.00,0.00,909.00
2025,6,YX,Republic Airline,RSW,"Fort Myers, FL: Southwest Florida International",26.00,9.00,1.79,0.69,4.80,0.00,1.73,2.00,0.00,490.00,103.00,24.00,203.00,0.00,160.00
2025,6,YX,Republic Airline,SAV,"Savannah, GA: Savannah/Hilton Head International",165.00,34.00,8.29,1.00,11.13,0.00,13.57,2.00,1.00,2416.00,774.00,34.00,534.00,0.00,1074.00
2025,6,YX,Republic Airline,SBN,"South Bend, IN: South Bend International",21.00,6.00,1.81,0.00,3.91,0.00,0.28,0.00,0.00,1229.00,1012.00,0.00,188.00,0.00,29.00
2025,6,YX,Republic Airline,SDF,"Louisville, KY: Louisville Muhammad Ali International",465.00,123.00,32.11,4.07,30.90,0.00,55.92,14.00,3.00,12777.00,3469.00,531.00,2311.00,0.00,6466.00
2025,6,YX,Republic Airline,SRQ,"Sarasota/Bradenton, FL: Sarasota/Bradenton International",6.00,2.00,1.36,0.00,0.64,0.00,0.00,0.00,0.00,131.00,115.00,0.00,16.00,0.00,0.00
2025,6,YX,Republic Airline,STL,"St. Louis, MO: St Louis Lambert International",185.00,50.00,13.13,1.00,19.10,0.00,16.76,14.00,0.00,4274.00,858.00,752.00,1234.00,0.00,1430.00
2025,6,YX,Republic Airline,SYR,"Syracuse, NY: Syracuse Hancock International",60.00,11.00,2.89,0.00,5.10,0.00,3.01,6.00,0.00,614.00,265.00,0.00,171.00,0.00,178.00
2025,6,YX,Republic Airline,TPA,"Tampa, FL: Tampa International",8.00,2.00,1.00,0.00,0.02,0.00,0.98,0.00,0.00,253.00,35.00,0.00,4.00,0.00,214.00
2025,6,YX,Republic Airline,TUL,"Tulsa, OK: Tulsa International",44.00,18.00,1.57,0.01,5.56,0.00,10.87,4.00,3.00,2546.00,915.00,1.00,306.00,0.00,1324.00
2025,6,YX,Republic Airline,TVC,"Traverse City, MI: Cherry Capital",44.00,4.00,2.00,0.00,2.00,0.00,0.00,1.00,0.00,173.00,116.00,0.00,57.00,0.00,0.00
2025,6,YX,Republic Airline,TYS,"Knoxville, TN: McGhee Tyson",136.00,27.00,4.86,2.79,6.89,0.60,11.85,10.00,0.00,2305.00,363.00,516.00,393.00,79.00,954.00
2025,6,YX,Republic Airline,XNA,"Fayetteville, AR: Northwest Arkansas National",69.00,27.00,4.19,2.25,7.69,0.00,12.87,8.00,1.00,3962.00,702.00,284.00,344.00,0.00,2632.00
2025,5,9E,Endeavor Air Inc.,ABE,"Allentown/Bethlehem/Easton, PA: Lehigh Valley International",92.00,17.00,4.80,1.24,4.29,0.00,6.67,4.00,2.00,1834.00,517.00,555.00,283.00,0.00,479.00
2025,5,9E,Endeavor Air Inc.,AEX,"Alexandria, LA: Alexandria International",92.00,24.00,10.74,3.65,4.57,0.00,5.03,2.00,1.00,2080.00,615.00,917.00,186.00,0.00,362.00
2025,5,9E,Endeavor Air Inc.,AGS,"Augusta, GA: Augusta Regional at Bush Field",188.00,52.00,17.87,1.49,12.97,0.00,19.67,4.00,1.00,4132.00,956.00,538.00,898.00,0.00,1740.00
2025,5,9E,Endeavor Air Inc.,ALB,"Albany, NY: Albany International",83.00,26.00,6.01,0.00,2.88,0.00,17.11,4.00,0.00,1975.00,857.00,0.00,83.00,0.00,1035.00
2025,5,9E,Endeavor Air Inc.,ATL,"Atlanta, GA: Hartsfield-Jackson Atlanta International",3118.00,785.00,146.76,26.61,200.27,0.00,411.36,43.00,8.00,67705.00,19313.00,3384.00,10047.00,0.00,34961.00
2025,5,9E,Endeavor Air Inc.,ATW,"Appleton, WI: Appleton International",12.00,1.00,0.61,0.00,0.39,0.00,0.00,0.00,0.00,18.00,11.00,0.00,7.00,0.00,0.00
2025,5,9E,Endeavor Air Inc.,AUS,"Austin, TX: Austin - Bergstrom International",75.00,28.00,8.99,0.65,14.54,0.00,3.83,1.00,0.00,1771.00,577.00,40.00,595.00,0.00,559.00
2025,5,9E,Endeavor Air Inc.,AVL,"Asheville, NC: Asheville Regional",139.00,30.00,10.53,1.65,8.43,0.00,9.39,5.00,0.00,3324.00,585.00,1062.00,622.00,0.00,1055.00
2025,5,9E,Endeavor Air Inc.,BGM,"Binghamton, NY: Greater Binghamton/Edwin A. Link Field",6.00,1.00,0.83,0.00,0.17,0.00,0.00,0.00,0.00,139.00,115.00,0.00,24.00,0.00,0.00
2025,5,9E,Endeavor Air Inc.,BGR,"Bangor, ME: Bangor International",92.00,19.00,2.17,0.00,3.88,0.75,12.20,1.00,0.00,1194.00,172.00,0.00,147.00,21.00,854.00
2025,5,9E,Endeavor Air Inc.,BHM,"Birmingham, AL: Birmingham-Shuttlesworth International",132.00,43.00,9.66,0.00,16.44,0.00,16.90,5.00,1.00,2838.00,558.00,0.00,1151.00,0.00,1129.00
2025,5,9E,Endeavor Air Inc.,BIS,"Bismarck/Mandan, ND: Bismarck Municipal",81.00,10.00,4.23,0.22,0.21,0.00,5.34,0.00,0.00,698.00,304.00,5.00,26.00,0.00,363.00
2025,5,9E,Endeavor Air Inc.,BMI,"Bloomington/Normal, IL: Central Il Regional Airport at Bloomington",62.00,22.00,7.58,2.46,5.09,0.00,6.87,1.00,0.00,2298.00,661.00,956.00,285.00,0.00,396.00
2025,5,9E,Endeavor Air Inc.,BNA,"Nashville, TN: Nashville International",210.00,58.00,13.85,2.87,18.18,0.00,23.11,6.00,1.00,4912.00,1150.00,441.00,1063.00,0.00,2258.00
2025,5,9E,Endeavor Air Inc.,BQK,"Brunswick, GA: Brunswick Golden Isles",93.00,27.00,7.82,2.03,6.01,0.00,11.14,0.00,0.00,2627.00,630.00,796.00,400.00,0.00,801.00
2025,5,9E,Endeavor Air Inc.,BTR,"Baton Rouge, LA: Baton Rouge Metropolitan/Ryan Field",70.00,25.00,5.69,1.11,8.60,0.00,9.60,1.00,0.00,1982.00,360.00,728.00,386.00,0.00,508.00
2025,5,9E,Endeavor Air Inc.,BTV,"Burlington, VT: Burlington International",120.00,24.00,3.20,0.92,3.46,0.00,16.42,7.00,0.00,1643.00,104.00,125.00,139.00,0.00,1275.00
2025,5,9E,Endeavor Air Inc.,BUF,"Buffalo, NY: Buffalo Niagara International",157.00,44.00,9.67,0.00,14.03,0.00,20.29,8.00,0.00,2827.00,736.00,0.00,800.00,0.00,1291.00
2025,5,9E,Endeavor Air Inc.,CAE,"Columbia, SC: Columbia Metropolitan",161.00,40.00,9.63,1.57,13.35,0.00,15.44,6.00,0.00,3378.00,703.00,612.00,531.00,0.00,1532.00
2025,5,9E,Endeavor Air Inc.,CHA,"Chattanooga, TN: Lovell Field",265.00,87.00,28.29,5.64,20.96,0.00,32.11,2.00,0.00,6620.00,1488.00,1109.00,1015.00,0.00,3008.00
2025,5,9E,Endeavor Air Inc.,CHO,"Charlottesville, VA: Charlottesville Albemarle",180.00,52.00,15.55,0.16,13.86,0.00,22.42,6.00,0.00,5266.00,2114.00,16.00,1398.00,0.00,1738.00
2025,5,9E,Endeavor Air Inc.,CHS,"Charleston, SC: Charleston AFB/International",121.00,38.00,11.15,0.00,11.36,0.00,15.48,3.00,0.00,2574.00,776.00,0.00,505.00,0.00,1293.00
2025,5,9E,Endeavor Air Inc.,CID,"Cedar Rapids/Iowa City, IA: The Eastern Iowa",76.00,16.00,4.21,1.95,3.16,0.00,6.68,2.00,0.00,1142.00,231.00,331.00,140.00,0.00,440.00
2025,5,9E,Endeavor Air Inc.,CLE,"Cleveland, OH: Cleveland-Hopkins International",271.00,77.00,24.83,1.00,24.19,0.00,26.98,7.00,0.00,5313.00,1727.00,48.00,1023.00,0.00,2515.00
2025,5,9E,Endeavor Air Inc.,CLT,"Charlotte, NC: Charlotte Douglas International",256.00,70.00,19.98,0.00,21.23,0.00,28.79,12.00,0.00,5906.00,1807.00,0.00,1657.00,0.00,2442.00
2025,5,9E,Endeavor Air Inc.,CMH,"Columbus, OH: John Glenn Columbus International",28.00,7.00,2.38,0.00,2.47,0.00,2.16,0.00,0.00,418.00,99.00,0.00,130.00,0.00,189.00
2025,5,9E,Endeavor Air Inc.,CRW,"Charleston/Dunbar, WV: West Virginia International Yeager",37.00,4.00,1.42,0.54,1.58,0.00,0.46,0.00,1.00,140.00,35.00,36.00,38.00,0.00,31.00
2025,5,9E,Endeavor Air Inc.,CSG,"Columbus, GA: Columbus Airport",87.00,24.00,7.73,1.39,4.88,0.00,10.00,1.00,0.00,1594.00,489.00,49.00,175.00,0.00,881.00
2025,5,9E,Endeavor Air Inc.,CVG,"Cincinnati, OH: Cincinnati/Northern Kentucky International",550.00,165.00,43.44,3.02,38.16,0.00,80.38,15.00,0.00,12850.00,2702.00,66.00,2995.00,0.00,7087.00
2025,5,9E,Endeavor Air Inc.,CWA,"Mosinee, WI: Central Wisconsin",62.00,18.00,9.73,1.07,0.34,0.00,6.85,0.00,0.00,2042.00,1428.00,83.00,49.00,0.00,482.00
2025,5,9E,Endeavor Air Inc.,DAY,"Dayton, OH: James M Cox/Dayton International",27.00,11.00,4.44,0.00,1.74,0.00,4.82,0.00,0.00,1943.00,1167.00,0.00,174.00,0.00,602.00
2025,5,9E,Endeavor Air Inc.,DCA,"Washington, DC: Ronald Reagan Washington National",176.00,66.00,5.03,1.30,42.46,0.00,17.20,6.00,0.00,4374.00,640.00,106.00,2517.00,0.00,1111.00
2025,5,9E,Endeavor Air Inc.,DHN,"Dothan, AL: Dothan Regional",87.00,21.00,5.56,1.85,7.66,0.00,5.92,2.00,0.00,1427.00,411.00,259.00,353.00,0.00,404.00
2025,5,9E,Endeavor Air Inc.,DLH,"Duluth, MN: Duluth International",37.00,12.00,2.64,0.00,1.59,0.00,7.77,1.00,0.00,1001.00,152.00,0.00,80.00,0.00,769.00
2025,5,9E,Endeavor Air Inc.,DSM,"Des Moines, IA: Des Moines International",260.00,50.00,14.32,0.00,10.94,0.00,24.74,6.00,0.00,3873.00,1163.00,0.00,577.00,0.00,2133.00
2025,5,9E,Endeavor Air Inc.,DTW,"Detroit, MI: Detroit Metro Wayne County",1372.00,287.00,60.87,9.66,25.62,0.00,190.84,26.00,0.00,23784.00,6333.00,536.00,1595.00,0.00,15320.00
2025,5,9E,Endeavor Air Inc.,EVV,"Evansville, IN: Evansville Regional",113.00,24.00,11.27,0.81,6.41,0.00,5.51,1.00,0.00,1711.00,606.00,213.00,306.00,0.00,586.00
2025,5,9E,Endeavor Air Inc.,EWR,"Newark, NJ: Newark Liberty International",87.00,59.00,7.34,0.93,46.85,0.00,3.88,13.00,0.00,5065.00,1017.00,180.00,3475.00,0.00,393.00
2025,5,9E,Endeavor Air Inc.,EYW,"Key West, FL: Key West International",1.00,0.00,0.00,0.00,0.00,0.00,0.00,0.00,0.00,0.00,0.00,0.00,0.00,0.00,0.00
2025,5,9E,Endeavor Air Inc.,FAR,"Fargo, ND: Hector International",61.00,9.00,2.82,0.00,1.39,0.00,4.79,1.00,0.00,805.00,229.00,0.00,100.00,0.00,476.00
2025,5,9E,Endeavor Air Inc.,FAY,"Fayetteville, NC: Fayetteville Regional/Grannis Field",98.00,18.00,6.77,1.78,3.13,0.00,6.31,1.00,0.00,1779.00,429.00,764.00,213.00,0.00,373.00
2025,5,9E,Endeavor Air Inc.,FSD,"Sioux Falls, SD: Joe Foss Field",16.00,2.00,2.00,0.00,0.00,0.00,0.00,0.00,0.00,266.00,266.00,0.00,0.00,0.00,0.00
2025,5,9E,Endeavor Air Inc.,GFK,"Grand Forks, ND: Grand Forks International",36.00,1.00,1.00,0.00,0.00,0.00,0.00,1.00,0.00,16.00,16.00,0.00,0.00,0.00,0.00
2025,5,9E,Endeavor Air Inc.,GRB,"Green Bay, WI: Green Bay Austin Straubel International",6.00,2.00,0.13,0.00,1.00,0.00,0.87,0.00,0.00,93.00,10.00,0.00,17.00,0.00,66.00
2025,5,9E,Endeavor Air Inc.,GRR,"Grand Rapids, MI: Gerald R. Ford International",50.00,12.00,3.74,0.02,1.35,0.00,6.89,2.00,0.00,1256.00,247.00,5.00,54.00,0.00,950.00
2025,5,9E,Endeavor Air Inc.,GSO,"Greensboro/High Point, NC: Piedmont Triad International",103.00,25.00,6.34,0.00,5.80,0.00,12.86,4.00,0.00,1727.00,297.00,0.00,340.00,0.00,1090.00
2025,5,9E,Endeavor Air Inc.,GSP,"Greer, SC: Greenville-Spartanburg International",144.00,38.00,8.59,0.00,15.76,0.00,13.65,6.00,0.00,3166.00,938.00,0.00,609.00,0.00,1619.00
2025,5,9E,Endeavor Air Inc.,GTR,"Columbus, MS: Golden Triangle Regional",62.00,9.00,1.93,0.78,0.60,0.00,5.68,0.00,1.00,682.00,145.00,98.00,35.00,0.00,404.00
2025,5,9E,Endeavor Air Inc.,HPN,"White Plains, NY: Westchester County",127.00,36.00,14.15,2.68,11.29,0.00,7.87,1.00,1.00,2045.00,902.00,92.00,485.00,0.00,566.00
2025,5,9E,Endeavor Air Inc.,HSV,"Huntsville, AL: Huntsville International-Carl T Jones Field",85.00,21.00,3.74,0.00,8.47,0.00,8.79,1.00,0.00,1462.00,288.00,0.00,354.00,0.00,820.00
2025,5,9E,Endeavor Air Inc.,IAD,"Washington, DC: Washington Dulles International",60.00,16.00,3.72,0.00,7.35,0.00,4.94,3.00,0.00,1223.00,189.00,0.00,565.00,0.00,469.00
2025,5,9E,Endeavor Air Inc.,ICT,"Wichita, KS: Wichita Dwight D Eisenhower National",26.00,6.00,2.21,0.00,1.02,0.00,2.77,1.00,0.00,626.00,138.00,0.00,57.00,0.00,431.00
2025,5,9E,Endeavor Air Inc.,ILM,"Wilmington, NC: Wilmington International",139.00,38.00,9.93,0.00,9.16,0.00,18.92,2.00,0.00,2810.00,460.00,0.00,523.00,0.00,1827.00
2025,5,9E,Endeavor Air Inc.,IND,"Indianapolis, IN: Indianapolis International",265.00,69.00,21.99,0.00,17.18,0.00,29.83,9.00,0.00,4908.00,1721.00,0.00,1182.00,0.00,2005.00
2025,5,9E,Endeavor Air Inc.,ITH,"Ithaca/Cortland, NY: Ithaca Tompkins International",62.00,14.00,4.80,0.00,1.28,0.00,7.92,6.00,1.00,941.00,379.00,0.00,58.00,0.00,504.00
2025,5,9E,Endeavor Air Inc.,JAN,"Jackson/Vicksburg, MS: Jackson Medgar Wiley Evers International",32.00,14.00,4.12,0.00,2.84,0.00,7.03,0.00,0.00,716.00,205.00,1.00,91.00,0.00,419.00
2025,5,9E,Endeavor Air Inc.,JAX,"Jacksonville, FL: Jacksonville International",170.00,52.00,13.42,0.00,13.46,0.00,25.11,5.00,1.00,4021.00,1042.00,0.00,611.00,0.00,2368.00
2025,5,9E,Endeavor Air Inc.,JFK,"New York, NY: John F. Kennedy International",1900.00,475.00,91.34,17.86,193.27,0.00,172.53,78.00,2.00,43600.00,9448.00,2037.00,15439.00,0.00,16676.00
2025,5,9E,Endeavor Air Inc.,LEX,"Lexington, KY: Blue Grass",55.00,18.00,3.93,0.00,4.16,0.00,9.90,1.00,0.00,1485.00,396.00,0.00,176.00,0.00,913.00
2025,5,9E,Endeavor Air Inc.,LFT,"Lafayette, LA: Lafayette Regional Paul Fournet Field",48.00,13.00,2.62,1.32,5.31,0.00,3.75,1.00,0.00,927.00,363.00,99.00,229.00,0.00,236.00
2025,5,9E,Endeavor Air Inc.,LGA,"New York, NY: LaGuardia",2614.00,705.00,121.48,32.83,304.53,0.00,246.16,77.00,11.00,69548.00,14488.00,6240.00,24186.00,0.00,24634.00
2025,5,9E,Endeavor Air Inc.,LIT,"Little Rock, AR: Bill and Hillary Clinton Nat Adams Field",34.00,18.00,6.44,0.00,4.51,0.00,7.05,0.00,0.00,1653.00,560.00,0.00,229.00,0.00,864.00
2025,5,9E,Endeavor Air Inc.,MCI,"Kansas City, MO: Kansas City International",56.00,21.00,5.99,0.00,11.05,0.00,3.96,1.00,0.00,1581.00,814.00,0.00,372.00,0.00,395.00
2025,5,9E,Endeavor Air Inc.,MEM,"Memphis, TN: Memphis International",94.00,31.00,6.85,0.00,7.79,0.00,16.37,3.00,0.00,2064.00,389.00,0.00,292.00,0.00,1383.00
2025,5,9E,Endeavor Air Inc.,MGM,"Montgomery, AL: Montgomery Regional",37.00,13.00,5.94,1.28,2.86,0.00,2.92,0.00,0.00,616.00,241.00,127.00,142.00,0.00,106.00
2025,5,9E,Endeavor Air Inc.,MKE,"Milwaukee, WI: General Mitchell International",142.00,40.00,14.13,0.93,7.02,0.00,17.92,2.00,1.00,4208.00,1397.00,803.00,440.00,0.00,1568.00
2025,5,9E,Endeavor Air Inc.,MLI,"Moline, IL: Quad Cities International",62.00,16.00,2.89,1.51,5.39,0.00,6.20,0.00,0.00,605.00,68.00,134.00,167.00,0.00,236.00
2025,5,9E,Endeavor Air Inc.,MLU,"Monroe, LA: Monroe Regional",93.00,21.00,4.73,1.51,4.94,0.00,9.81,2.00,1.00,2380.00,178.00,629.00,341.00,0.00,1232.00
2025,5,9E,Endeavor Air Inc.,MOB,"Mobile, AL: Mobile Regional",169.00,57.00,17.24,3.69,9.25,1.00,25.82,1.00,1.00,3938.00,854.00,1046.00,263.00,35.00,1740.00
2025,5,9E,Endeavor Air Inc.,MSN,"Madison, WI: Dane County Regional-Truax Field",47.00,12.00,2.93,1.00,0.85,0.00,7.22,0.00,0.00,1728.00,258.00,1008.00,58.00,0.00,404.00
2025,5,9E,Endeavor Air Inc.,MSP,"Minneapolis, MN: Minneapolis-St Paul International",996.00,179.00,33.05,8.65,55.82,0.00,81.49,13.00,0.00,16647.00,3699.00,1023.00,3303.00,0.00,8622.00
2025,5,9E,Endeavor Air Inc.,OAJ,"Jacksonville/Camp Lejeune, NC: Albert J Ellis",118.00,24.00,7.34,0.40,3.99,0.00,12.27,4.00,1.00,1760.00,651.00,23.00,298.00,0.00,788.00
2025,5,9E,Endeavor Air Inc.,OMA,"Omaha, NE: Eppley Airfield",59.00,14.00,2.14,0.00,4.75,0.00,7.11,2.00,0.00,1006.00,167.00,0.00,218.00,0.00,621.00
2025,5,9E,Endeavor Air Inc.,ORD,"Chicago, IL: Chicago O'Hare International",91.00,16.00,3.72,1.00,5.75,0.00,5.53,4.00,1.00,879.00,191.00,28.00,266.00,0.00,394.00
2025,5,9E,Endeavor Air Inc.,ORF,"Norfolk, VA: Norfolk International",182.00,39.00,8.79,0.77,15.80,0.00,13.65,10.00,0.00,3666.00,1056.00,528.00,856.00,0.00,1226.00
2025,5,9E,Endeavor Air Inc.,ORH,"Worcester, MA: Worcester Regional",26.00,8.00,1.13,1.52,0.97,0.00,4.38,1.00,0.00,592.00,69.00,60.00,76.00,0.00,387.00
2025,5,9E,Endeavor Air Inc.,PHL,"Philadelphia, PA: Philadelphia International",6.00,4.00,0.00,0.67,2.82,0.00,0.52,0.00,0.00,253.00,0.00,26.00,166.00,0.00,61.00
2025,5,9E,Endeavor Air Inc.,PIT,"Pittsburgh, PA: Pittsburgh International",161.00,51.00,20.79,3.16,11.87,0.00,15.17,0.00,0.00,3576.00,1145.00,219.00,737.00,0.00,1475.00
2025,5,9E,Endeavor Air Inc.,PNS,"Pensacola, FL: Pensacola International",31.00,7.00,2.38,0.00,2.64,0.00,1.99,0.00,0.00,470.00,296.00,0.00,89.00,0.00,85.00
2025,5,9E,Endeavor Air Inc.,PVD,"Providence, RI: Rhode Island Tf Green International",54.00,12.00,5.65,0.08,2.56,0.00,3.70,2.00,0.00,986.00,544.00,11.00,78.00,0.00,353.00
2025,5,9E,Endeavor Air Inc.,PWM,"Portland, ME: Portland International Jetport",138.00,41.00,7.47,2.95,9.23,0.00,21.35,3.00,0.00,4538.00,1061.00,1836.00,340.00,0.00,1301.00
2025,5,9E,Endeavor Air Inc.,RAP,"Rapid City, SD: Rapid City Regional",15.00,1.00,0.00,0.00,0.21,0.00,0.79,0.00,0.00,58.00,0.00,0.00,12.00,0.00,46.00
2025,5,9E,Endeavor Air Inc.,RDU,"Raleigh/Durham, NC: Raleigh-Durham International",614.00,199.00,30.29,2.36,45.53,0.00,120.82,21.00,2.00,17979.00,2405.00,846.00,3184.00,0.00,11544.00
2025,5,9E,Endeavor Air Inc.,RIC,"Richmond, VA: Richmond International",210.00,54.00,14.10,1.76,12.82,0.00,25.32,4.00,0.00,4137.00,1170.00,143.00,776.00,0.00,2048.00
2025,5,9E,Endeavor Air Inc.,ROA,"Roanoke, VA: Roanoke Blacksburg Regional",115.00,31.00,14.66,0.00,4.11,0.00,12.23,0.00,1.00,2592.00,1302.00,0.00,197.00,0.00,1093.00
2025,5,9E,Endeavor Air Inc.,ROC,"Rochester, NY: Frederick Douglass Grtr Rochester International",292.00,89.00,31.89,0.76,13.38,0.00,42.97,5.00,0.00,7204.00,2880.00,43.00,772.00,0.00,3509.00
2025,5,9E,Endeavor Air Inc.,RST,"Rochester, MN: Rochester International",16.00,3.00,0.94,0.00,0.06,0.00,2.00,0.00,0.00,182.00,68.00,0.00,4.00,0.00,110.00
2025,5,9E,Endeavor Air Inc.,RSW,"Fort Myers, FL: Southwest Florida International",7.00,0.00,0.00,0.00,0.00,0.00,0.00,0.00,0.00,0.00,0.00,0.00,0.00,0.00,0.00
2025,5,9E,Endeavor Air Inc.,SAV,"Savannah, GA: Savannah/Hilton Head International",116.00,29.00,7.20,0.29,6.02,0.00,15.49,4.00,1.00,2346.00,586.00,49.00,353.00,0.00,1358.00
2025,5,9E,Endeavor Air Inc.,SDF,"Louisville, KY: Louisville Muhammad Ali International",77.00,9.00,2.53,0.41,3.01,0.00,3.05,1.00,0.00,802.00,380.00,37.00,143.00,0.00,242.00
2025,5,9E,Endeavor Air Inc.,SGF,"Springfield, MO: Springfield-Branson National",118.00,31.00,8.07,2.64,12.01,0.00,8.27,0.00,0.00,2439.00,313.00,729.00,451.00,0.00,946.00
2025,5,9E,Endeavor Air Inc.,STL,"St. Louis, MO: St Louis Lambert International",139.00,32.00,7.21,0.38,12.01,0.00,12.40,3.00,0.00,3157.00,626.00,57.00,739.00,0.00,1735.00
2025,5,9E,Endeavor Air Inc.,SYR,"Syracuse, NY: Syracuse Hancock International",262.00,66.00,17.90,1.80,11.00,0.00,35.30,8.00,0.00,5803.00,1103.00,500.00,620.00,0.00,3580.00
2025,5,9E,Endeavor Air Inc.,TLH,"Tallahassee, FL: Tallahassee International",104.00,24.00,6.58,1.28,9.79,0.00,6.34,0.00,0.00,1293.00,332.00,79.00,373.00,0.00,509.00
2025,5,9E,Endeavor Air Inc.,TRI,"Bristol/Johnson City/Kingsport, TN: Tri Cities",113.00,18.00,8.42,1.65,2.85,0.00,5.08,2.00,0.00,1332.00,405.00,290.00,247.00,0.00,390.00
2025,5,9E,Endeavor Air Inc.,TUL,"Tulsa, OK: Tulsa International",32.00,15.00,3.52,0.00,4.98,0.00,6.50,0.00,0.00,1123.00,246.00,0.00,187.00,0.00,690.00
2025,5,9E,Endeavor Air Inc.,TVC,"Traverse City, MI: Cherry Capital",10.00,1.00,1.00,0.00,0.00,0.00,0.00,0.00,0.00,61.00,61.00,0.00,0.00,0.00,0.00
2025,5,9E,Endeavor Air Inc.,TYS,"Knoxville, TN: McGhee Tyson",265.00,77.00,35.58,0.22,16.68,0.00,24.52,8.00,1.00,5304.00,2156.00,49.00,1158.00,0.00,1941.00
2025,5,9E,Endeavor Air Inc.,VLD,"Valdosta, GA: Valdosta Regional",87.00,20.00,8.08,0.67,4.29,0.00,6.96,0.00,0.00,991.00,407.00,12.00,262.00,0.00,310.00
2025,5,9E,Endeavor Air Inc.,XNA,"Fayetteville, AR: Northwest Arkansas National",339.00,98.00,35.19,2.69,39.29,0.00,20.83,7.00,4.00,5967.00,2004.00,774.00,1793.00,0.00,1396.00
2025,5,AA,American Airlines Network,ABQ,"Albuquerque, NM: Albuquerque International Sunport",266.00,76.00,21.72,6.93,16.67,0.00,30.68,7.00,1.00,5716.00,1774.00,985.00,609.00,0.00,2348.00
2025,5,AA,American Airlines Network,ALB,"Albany, NY: Albany International",97.00,35.00,8.11,1.81,5.52,0.00,19.56,1.00,0.00,3786.00,578.00,182.00,183.00,0.00,2843.00
2025,5,AA,American Airlines Network,AMA,"Amarillo, TX: Rick Husband Amarillo International",4.00,3.00,0.98,0.00,0.00,0.00,2.02,0.00,0.00,192.00,60.00,0.00,0.00,0.00,132.00
2025,5,AA,American Airlines Network,ANC,"Anchorage, AK: Ted Stevens Anchorage International",58.00,16.00,7.68,1.00,3.12,0.00,4.20,0.00,0.00,855.00,477.00,58.00,69.00,0.00,251.00
2025,5,AA,American Airlines Network,ATL,"Atlanta, GA: Hartsfield-Jackson Atlanta International",603.00,201.00,60.93,9.09,59.55,0.00,71.44,13.00,1.00,12459.00,3571.00,1045.00,2769.00,0.00,5074.00
2025,5,AA,American Airlines Network,AUS,"Austin, TX: Austin - Bergstrom International",1026.00,319.00,82.06,19.01,110.03,0.39,107.51,21.00,6.00,27512.00,5944.00,1752.00,7014.00,61.00,12741.00
2025,5,AA,American Airlines Network,AVL,"Asheville, NC: Asheville Regional",85.00,21.00,8.05,3.54,5.18,0.00,4.23,1.00,2.00,1794.00,690.00,723.00,181.00,0.00,200.00
2025,5,AA,American Airlines Network,AVP,"Scranton/Wilkes-Barre, PA: Wilkes Barre Scranton International",5.00,2.00,1.00,0.64,0.22,0.00,0.14,0.00,0.00,245.00,108.00,88.00,30.00,0.00,19.00
2025,5,AA,American Airlines Network,BDL,"Hartford, CT: Bradley International",466.00,116.00,38.17,6.63,20.48,0.00,50.73,7.00,3.00,7884.00,2529.00,784.00,841.00,0.00,3730.00
2025,5,AA,American Airlines Network,BFL,"Bakersfield, CA: Meadows Field",65.00,21.00,4.95,2.74,5.19,0.00,8.12,1.00,0.00,1679.00,329.00,296.00,152.00,0.00,902.00
2025,5,AA,American Airlines Network,BHM,"Birmingham, AL: Birmingham-Shuttlesworth International",19.00,7.00,0.29,0.29,1.39,0.00,5.03,0.00,0.00,817.00,46.00,37.00,205.00,0.00,529.00
2025,5,AA,American Airlines Network,BNA,"Nashville, TN: Nashville International",743.00,238.00,56.17,10.34,47.91,0.00,123.58,11.00,3.00,20055.00,4750.00,1731.00,2594.00,0.00,10980.00
2025,5,AA,American Airlines Network,BOI,"Boise, ID: Boise Air Terminal",62.00,16.00,3.39,0.07,2.79,0.00,9.75,1.00,0.00,1063.00,208.00,5.00,151.00,0.00,699.00
2025,5,AA,American Airlines Network,BOS,"Boston, MA: Logan International",1417.00,442.00,100.37,22.51,190.52,0.79,127.81,15.00,5.00,28333.00,5475.00,1924.00,9953.00,33.00,10948.00
2025,5,AA,American Airlines Network,BTV,"Burlington, VT: Burlington International",7.00,0.00,0.00,0.00,0.00,0.00,0.00,0.00,0.00,0.00,0.00,0.00,0.00,0.00,0.00
2025,5,AA,American Airlines Network,BUF,"Buffalo, NY: Buffalo Niagara International",148.00,45.00,14.08,4.21,6.51,0.00,20.20,1.00,0.00,4011.00,791.00,529.00,380.00,0.00,2311.00
2025,5,AA,American Airlines Network,BUR,"Burbank, CA: Bob Hope",62.00,26.00,6.88,2.99,5.03,0.00,11.10,0.00,0.00,1356.00,366.00,222.00,267.00,0.00,501.00
2025,5,AA,American Airlines Network,BWI,"Baltimore, MD: Baltimore/Washington International Thurgood Marshall",353.00,110.00,34.57,5.18,26.36,0.12,43.77,3.00,4.00,6570.00,1708.00,728.00,1341.00,6.00,2787.00
2025,5,AA,American Airlines Network,BZN,"Bozeman, MT: Bozeman Yellowstone International",31.00,6.00,2.36,0.31,0.87,0.00,2.47,1.00,0.00,313.00,113.00,8.00,84.00,0.00,108.00
2025,5,AA,American Airlines Network,CAE,"Columbia, SC: Columbia Metropolitan",62.00,26.00,6.66,2.37,2.81,0.00,14.16,4.00,0.00,2434.00,541.00,179.00,151.00,0.00,1563.00
2025,5,AA,American Airlines Network,CHS,"Charleston, SC: Charleston AFB/International",547.00,157.00,44.23,4.94,38.96,0.00,68.86,8.00,1.00,9513.00,2164.00,610.00,1632.00,0.00,5107.00
2025,5,AA,American Airlines Network,CID,"Cedar Rapids/Iowa City, IA: The Eastern Iowa",92.00,45.00,13.00,3.99,5.88,0.00,22.13,1.00,0.00,4231.00,1555.00,257.00,220.00,0.00,2199.00
2025,5,AA,American Airlines Network,CLE,"Cleveland, OH: Cleveland-Hopkins International",338.00,98.00,18.11,4.21,20.11,0.00,55.57,6.00,0.00,5686.00,883.00,357.00,628.00,0.00,3818.00
2025,5,AA,American Airlines Network,CLT,"Charlotte, NC: Charlotte Douglas International",10438.00,1995.00,518.29,160.67,467.71,2.93,845.39,104.00,24.00,176810.00,67082.00,14836.00,20599.00,112.00,74181.00
2025,5,AA,American Airlines Network,CMH,"Columbus, OH: John Glenn Columbus International",305.00,94.00,34.48,3.88,22.24,0.00,33.41,7.00,1.00,8202.00,3204.00,452.00,993.00,0.00,3553.00
2025,5,AA,American Airlines Network,COS,"Colorado Springs, CO: City of Colorado Springs Municipal",92.00,29.00,7.85,5.27,6.64,0.00,9.24,4.00,1.00,1680.00,461.00,356.00,244.00,0.00,619.00
2025,5,AA,American Airlines Network,CVG,"Cincinnati, OH: Cincinnati/Northern Kentucky International",268.00,73.00,20.65,3.40,22.03,0.00,26.92,4.00,2.00,3630.00,792.00,281.00,800.00,0.00,1757.00
2025,5,AA,American Airlines Network,DCA,"Washington, DC: Ronald Reagan Washington National",2400.00,648.00,123.25,37.68,246.35,0.02,240.71,40.00,26.00,52306.00,15010.00,4892.00,11164.00,5.00,21235.00
2025,5,AA,American Airlines Network,DEN,"Denver, CO: Denver International",771.00,272.00,57.04,14.37,103.35,0.00,97.24,12.00,2.00,18934.00,3928.00,1211.00,5743.00,0.00,8052.00
2025,5,AA,American Airlines Network,DFW,"Dallas/Fort Worth, TX: Dallas/Fort Worth International",14377.00,3957.00,872.81,343.38,1212.66,6.30,1521.85,400.00,94.00,380410.00,106732.00,38250.00,74984.00,366.00,160078.00
2025,5,AA,American Airlines Network,DSM,"Des Moines, IA: Des Moines International",212.00,58.00,15.94,1.57,10.15,0.00,30.34,5.00,0.00,4472.00,826.00,144.00,540.00,0.00,2962.00
2025,5,AA,American Airlines Network,DTW,"Detroit, MI: Detroit Metro Wayne County",515.00,143.00,43.86,7.89,24.30,0.00,66.94,10.00,0.00,10246.00,3567.00,703.00,1077.00,0.00,4899.00
2025,5,AA,American Airlines Network,ECP,"Panama City, FL: Northwest Florida Beaches International",123.00,38.00,10.07,4.54,3.74,0.00,19.65,5.00,1.00,3550.00,491.00,208.00,156.00,0.00,2695.00
2025,5,AA,American Airlines Network,EGE,"Eagle, CO: Eagle County Regional",31.00,18.00,5.66,1.96,3.53,0.00,6.84,0.00,1.00,1502.00,368.00,272.00,187.00,0.00,675.00
2025,5,AA,American Airlines Network,ELP,"El Paso, TX: El Paso International",249.00,100.00,23.40,8.83,14.01,0.00,53.77,6.00,1.00,8380.00,1725.00,726.00,728.00,0.00,5201.00
2025,5,AA,American Airlines Network,EUG,"Eugene, OR: Mahlon Sweet Field",66.00,10.00,1.73,1.00,1.65,0.00,5.61,0.00,0.00,884.00,123.00,139.00,53.00,0.00,569.00
2025,5,AA,American Airlines Network,EWR,"Newark, NJ: Newark Liberty International",496.00,250.00,23.89,11.85,159.80,0.00,54.45,17.00,8.00,23351.00,2017.00,2001.00,13138.00,0.00,6195.00
2025,5,AA,American Airlines Network,EYW,"Key West, FL: Key West International",157.00,29.00,8.96,1.48,11.99,0.00,6.58,0.00,0.00,2039.00,733.00,112.00,495.00,0.00,699.00
2025,5,AA,American Airlines Network,FAT,"Fresno, CA: Fresno Yosemite International",205.00,55.00,17.24,4.34,6.92,0.00,26.49,3.00,0.00,5888.00,1675.00,234.00,494.00,0.00,3485.00
2025,5,AA,American Airlines Network,FLL,"Fort Lauderdale, FL: Fort Lauderdale-Hollywood International",641.00,173.00,46.84,8.96,55.58,0.00,61.63,10.00,1.00,11530.00,3251.00,803.00,2839.00,0.00,4637.00
2025,5,AA,American Airlines Network,FSD,"Sioux Falls, SD: Joe Foss Field",54.00,23.00,4.99,2.77,3.53,0.00,11.72,1.00,0.00,1954.00,520.00,357.00,166.00,0.00,911.00
2025,5,AA,American Airlines Network,GEG,"Spokane, WA: Spokane International",93.00,37.00,12.03,3.42,2.15,0.00,19.39,0.00,0.00,2951.00,797.00,397.00,198.00,0.00,1559.00
2025,5,AA,American Airlines Network,GRR,"Grand Rapids, MI: Gerald R. Ford International",186.00,53.00,18.97,3.48,8.25,0.00,22.30,5.00,1.00,3374.00,1139.00,343.00,366.00,0.00,1526.00
2025,5,AA,American Airlines Network,GSO,"Greensboro/High Point, NC: Piedmont Triad International",112.00,43.00,17.69,3.44,4.05,0.00,17.82,2.00,0.00,3044.00,1410.00,195.00,190.00,0.00,1249.00
2025,5,AA,American Airlines Network,GSP,"Greer, SC: Greenville-Spartanburg International",93.00,33.00,8.80,0.52,5.46,1.00,17.22,2.00,0.00,1937.00,348.00,35.00,297.00,58.00,1199.00
2025,5,AA,American Airlines Network,HNL,"Honolulu, HI: Daniel K Inouye International",190.00,25.00,12.26,1.14,7.58,0.00,4.02,0.00,1.00,2002.00,1029.00,57.00,263.00,0.00,653.00
2025,5,AA,American Airlines Network,HSV,"Huntsville, AL: Huntsville International-Carl T Jones Field",4.00,3.00,0.02,0.00,0.00,0.00,2.98,0.00,0.00,263.00,4.00,0.00,0.00,0.00,259.00
2025,5,AA,American Airlines Network,IAD,"Washington, DC: Washington Dulles International",61.00,23.00,4.84,2.50,7.32,1.00,7.34,2.00,0.00,1087.00,177.00,145.00,235.00,31.00,499.00
2025,5,AA,American Airlines Network,IAH,"Houston, TX: George Bush Intercontinental/Houston",724.00,263.00,68.61,8.01,91.38,0.07,94.92,16.00,3.00,18317.00,4673.00,848.00,5036.00,16.00,7744.00
2025,5,AA,American Airlines Network,ILM,"Wilmington, NC: Wilmington International",172.00,49.00,20.50,2.78,6.06,0.00,19.66,2.00,0.00,3070.00,964.00,318.00,244.00,0.00,1544.00
2025,5,AA,American Airlines Network,IND,"Indianapolis, IN: Indianapolis International",584.00,163.00,37.24,12.21,40.33,0.00,73.22,7.00,3.00,11327.00,2314.00,1398.00,2014.00,0.00,5601.00
2025,5,AA,American Airlines Network,JAC,"Jackson, WY: Jackson Hole",58.00,11.00,2.86,1.16,2.09,0.00,4.89,1.00,1.00,1035.00,221.00,158.00,119.00,0.00,537.00
2025,5,AA,American Airlines Network,JAX,"Jacksonville, FL: Jacksonville International",666.00,191.00,44.27,13.19,50.61,0.00,82.93,13.00,3.00,12099.00,3177.00,1566.00,2213.00,0.00,5143.00
2025,5,AA,American Airlines Network,JFK,"New York, NY: John F. Kennedy International",1224.00,364.00,85.74,15.67,185.37,3.07,74.15,6.00,5.00,31517.00,9133.00,1427.00,11866.00,206.00,8885.00
2025,5,AA,American Airlines Network,KOA,"Kona, HI: Ellison Onizuka Kona International at Keahole",62.00,10.00,5.53,0.00,3.47,0.00,1.00,0.00,0.00,610.00,302.00,0.00,105.00,0.00,203.00
2025,5,AA,American Airlines Network,LAS,"Las Vegas, NV: Harry Reid International",1378.00,354.00,107.63,16.95,84.75,0.10,144.58,21.00,1.00,23152.00,6463.00,1366.00,3824.00,4.00,11495.00
2025,5,AA,American Airlines Network,LAX,"Los Angeles, CA: Los Angeles International",2672.00,619.00,213.76,44.95,150.53,0.73,209.03,15.00,2.00,52069.00,20581.00,4623.00,6181.00,60.00,20624.00
2025,5,AA,American Airlines Network,LBB,"Lubbock, TX: Lubbock Preston Smith International",88.00,36.00,10.70,4.54,4.61,0.00,16.15,2.00,0.00,3627.00,1419.00,366.00,310.00,0.00,1532.00
2025,5,AA,American Airlines Network,LGA,"New York, NY: LaGuardia",1374.00,429.00,87.39,26.67,188.86,2.59,123.49,27.00,9.00,33490.00,5840.00,2961.00,12023.00,399.00,12267.00
2025,5,AA,American Airlines Network,LIH,"Lihue, HI: Lihue Airport",62.00,8.00,4.89,0.00,0.28,0.00,2.83,0.00,0.00,509.00,229.00,0.00,20.00,0.00,260.00
2025,5,AA,American Airlines Network,LIT,"Little Rock, AR: Bill and Hillary Clinton Nat Adams Field",3.00,2.00,1.16,0.00,0.00,0.00,0.84,0.00,0.00,552.00,392.00,0.00,0.00,0.00,160.00
2025,5,AA,American Airlines Network,MCI,"Kansas City, MO: Kansas City International",452.00,154.00,49.91,7.85,36.94,0.00,59.29,7.00,1.00,9687.00,3170.00,712.00,1599.00,0.00,4206.00
2025,5,AA,American Airlines Network,MCO,"Orlando, FL: Orlando International",1679.00,537.00,121.30,21.32,206.54,0.00,187.84,24.00,22.00,40874.00,8595.00,2759.00,12182.00,0.00,17338.00
2025,5,AA,American Airlines Network,MDT,"Harrisburg, PA: Harrisburg International",66.00,25.00,6.19,3.40,2.01,0.41,13.00,2.00,0.00,1483.00,247.00,427.00,92.00,18.00,699.00
2025,5,AA,American Airlines Network,MEM,"Memphis, TN: Memphis International",355.00,106.00,32.68,7.56,16.55,0.00,49.21,5.00,0.00,9026.00,3735.00,694.00,732.00,0.00,3865.00
2025,5,AA,American Airlines Network,MFE,"Mission/McAllen/Edinburg, TX: McAllen International",128.00,57.00,13.16,6.68,6.58,0.00,30.58,4.00,0.00,5112.00,1177.00,837.00,361.00,0.00,2737.00
2025,5,AA,American Airlines Network,MIA,"Miami, FL: Miami International",5534.00,1251.00,342.35,65.63,383.07,2.64,457.31,61.00,14.00,108014.00,37664.00,8201.00,17268.00,100.00,44781.00
2025,5,AA,American Airlines Network,MKE,"Milwaukee, WI: General Mitchell International",186.00,64.00,20.16,2.07,16.71,0.00,25.06,3.00,0.00,4596.00,1424.00,308.00,536.00,0.00,2328.00
2025,5,AA,American Airlines Network,MRY,"Monterey, CA: Monterey Regional",58.00,20.00,9.27,1.00,5.66,0.00,4.08,0.00,0.00,1842.00,494.00,148.00,391.00,0.00,809.00
2025,5,AA,American Airlines Network,MSN,"Madison, WI: Dane County Regional-Truax Field",162.00,41.00,13.53,3.24,4.44,0.00,19.79,6.00,1.00,2973.00,658.00,255.00,130.00,0.00,1930.00
2025,5,AA,American Airlines Network,MSO,"Missoula, MT: Missoula Montana",27.00,7.00,3.58,1.13,0.88,0.00,1.41,1.00,0.00,564.00,148.00,287.00,43.00,0.00,86.00
2025,5,AA,American Airlines Network,MSP,"Minneapolis, MN: Minneapolis-St Paul International",423.00,116.00,36.82,3.71,32.37,0.00,43.10,9.00,2.00,7170.00,2274.00,278.00,1626.00,0.00,2992.00
2025,5,AA,American Airlines Network,MSY,"New Orleans, LA: Louis Armstrong New Orleans International",749.00,221.00,59.30,10.61,56.41,1.50,93.18,10.00,2.00,14739.00,4022.00,1178.00,2388.00,79.00,7072.00
2025,5,AA,American Airlines Network,MYR,"Myrtle Beach, SC: Myrtle Beach International",120.00,40.00,16.23,1.19,8.80,0.00,13.78,2.00,0.00,2170.00,851.00,194.00,287.00,0.00,838.00
2025,5,AA,American Airlines Network,OGG,"Kahului, HI: Kahului Airport",93.00,24.00,11.23,1.46,5.82,1.00,4.49,0.00,1.00,2372.00,1285.00,107.00,191.00,52.00,737.00
2025,5,AA,American Airlines Network,OKC,"Oklahoma City, OK: Will Rogers World",156.00,69.00,19.21,7.58,7.11,0.00,35.10,5.00,0.00,5152.00,1177.00,543.00,488.00,0.00,2944.00
2025,5,AA,American Airlines Network,OMA,"Omaha, NE: Eppley Airfield",270.00,78.00,26.25,5.53,12.85,0.00,33.37,4.00,0.00,5020.00,1400.00,494.00,592.00,0.00,2534.00
2025,5,AA,American Airlines Network,ONT,"Ontario, CA: Ontario International",324.00,100.00,31.19,4.82,18.88,0.00,45.11,5.00,0.00,5810.00,1586.00,545.00,831.00,0.00,2848.00
2025,5,AA,American Airlines Network,ORD,"Chicago, IL: Chicago O'Hare International",4961.00,1034.00,260.64,47.77,344.18,1.18,380.23,38.00,13.00,81880.00,23748.00,5230.00,18425.00,63.00,34414.00
2025,5,AA,American Airlines Network,ORF,"Norfolk, VA: Norfolk International",240.00,81.00,24.05,6.24,13.60,0.00,37.10,2.00,0.00,4267.00,762.00,548.00,692.00,0.00,2265.00
2025,5,AA,American Airlines Network,PBI,"West Palm Beach/Palm Beach, FL: Palm Beach International",532.00,147.00,41.18,7.65,38.23,0.00,59.94,3.00,2.00,9818.00,2610.00,644.00,1480.00,0.00,5084.00
2025,5,AA,American Airlines Network,PDX,"Portland, OR: Portland International",375.00,113.00,28.71,6.85,20.47,0.00,56.97,2.00,0.00,8414.00,2031.00,541.00,885.00,0.00,4957.00
2025,5,AA,American Airlines Network,PHL,"Philadelphia, PA: Philadelphia International",4224.00,1121.00,267.67,57.08,426.12,2.23,367.90,82.00,8.00,87146.00,31204.00,5217.00,17999.00,103.00,32623.00
2025,5,AA,American Airlines Network,PHX,"Phoenix, AZ: Phoenix Sky Harbor International",4856.00,942.00,285.99,35.41,234.04,1.26,385.29,16.00,3.00,82432.00,29619.00,3746.00,9654.00,36.00,39377.00
2025,5,AA,American Airlines Network,PIT,"Pittsburgh, PA: Pittsburgh International",598.00,133.00,42.62,4.78,18.76,0.00,66.84,7.00,0.00,10394.00,2217.00,892.00,989.00,0.00,6296.00
2025,5,AA,American Airlines Network,PNS,"Pensacola, FL: Pensacola International",230.00,72.00,18.98,5.88,9.16,0.00,37.98,6.00,0.00,5420.00,854.00,1195.00,495.00,0.00,2876.00
2025,5,AA,American Airlines Network,PSP,"Palm Springs, CA: Palm Springs International",146.00,35.00,14.35,2.52,7.31,0.00,10.82,3.00,1.00,2242.00,855.00,193.00,392.00,0.00,802.00
2025,5,AA,American Airlines Network,PVD,"Providence, RI: Rhode Island Tf Green International",214.00,51.00,24.11,0.38,8.34,0.00,18.17,4.00,0.00,2541.00,1111.00,20.00,327.00,0.00,1083.00
2025,5,AA,American Airlines Network,PWM,"Portland, ME: Portland International Jetport",123.00,34.00,10.55,0.38,3.11,1.00,18.96,2.00,0.00,2199.00,769.00,8.00,96.00,34.00,1292.00
2025,5,AA,American Airlines Network,RDU,"Raleigh/Durham, NC: Raleigh-Durham International",971.00,254.00,79.81,9.14,48.48,0.00,116.57,17.00,0.00,16377.00,5419.00,759.00,1879.00,0.00,8320.00
2025,5,AA,American Airlines Network,RIC,"Richmond, VA: Richmond International",354.00,87.00,23.87,5.45,16.82,0.00,40.87,2.00,0.00,4981.00,1036.00,565.00,510.00,0.00,2870.00
2025,5,AA,American Airlines Network,RNO,"Reno, NV: Reno/Tahoe International",245.00,53.00,22.87,6.14,5.46,0.00,18.53,3.00,3.00,3390.00,1092.00,604.00,225.00,0.00,1469.00
2025,5,AA,American Airlines Network,ROC,"Rochester, NY: Frederick Douglass Grtr Rochester International",58.00,12.00,5.86,1.87,2.68,0.00,1.59,0.00,0.00,820.00,285.00,324.00,65.00,0.00,146.00
2025,5,AA,American Airlines Network,RSW,"Fort Myers, FL: Southwest Florida International",512.00,129.00,33.50,6.10,43.40,0.00,46.00,3.00,5.00,7700.00,2444.00,426.00,1666.00,0.00,3164.00
2025,5,AA,American Airlines Network,SAN,"San Diego, CA: San Diego International",831.00,245.00,75.40,11.31,61.42,0.22,96.65,9.00,1.00,18333.00,6703.00,1066.00,2588.00,8.00,7968.00
2025,5,AA,American Airlines Network,SAT,"San Antonio, TX: San Antonio International",641.00,213.00,62.09,14.76,38.85,0.86,96.44,13.00,5.00,16626.00,4312.00,1810.00,1775.00,18.00,8711.00
2025,5,AA,American Airlines Network,SAV,"Savannah, GA: Savannah/Hilton Head International",182.00,66.00,19.71,3.35,16.78,1.00,25.15,2.00,1.00,6673.00,1658.00,214.00,998.00,128.00,3675.00
2025,5,AA,American Airlines Network,SBA,"Santa Barbara, CA: Santa Barbara Municipal",61.00,23.00,2.27,0.83,7.79,0.00,12.10,0.00,0.00,929.00,63.00,136.00,211.00,0.00,519.00
2025,5,AA,American Airlines Network,SBP,"San Luis Obispo, CA: San Luis County Regional",58.00,12.00,5.73,0.35,2.98,0.00,2.94,0.00,1.00,1068.00,328.00,67.00,523.00,0.00,150.00
2025,5,AA,American Airlines Network,SDF,"Louisville, KY: Louisville Muhammad Ali International",304.00,97.00,30.21,4.59,22.55,0.00,39.65,4.00,0.00,7347.00,2296.00,349.00,1210.00,0.00,3492.00
2025,5,AA,American Airlines Network,SEA,"Seattle, WA: Seattle/Tacoma International",518.00,133.00,44.70,8.57,24.78,1.73,53.23,6.00,0.00,8834.00,2701.00,679.00,1179.00,67.00,4208.00
2025,5,AA,American Airlines Network,SFO,"San Francisco, CA: San Francisco International",1053.00,276.00,83.06,13.55,80.12,2.24,97.03,9.00,1.00,19537.00,5731.00,1300.00,4219.00,91.00,8196.00
2025,5,AA,American Airlines Network,SJC,"San Jose, CA: Norman Y. Mineta San Jose International",143.00,34.00,10.77,1.50,3.07,0.00,18.66,4.00,0.00,2186.00,949.00,225.00,137.00,0.00,875.00
2025,5,AA,American Airlines Network,SJU,"San Juan, PR: Luis Munoz Marin International",405.00,101.00,40.45,2.92,25.68,0.00,31.95,0.00,3.00,5291.00,2185.00,170.00,1112.00,0.00,1824.00
2025,5,AA,American Airlines Network,SLC,"Salt Lake City, UT: Salt Lake City International",315.00,87.00,28.16,7.34,14.82,0.22,36.45,8.00,0.00,5120.00,1371.00,571.00,699.00,10.00,2469.00
2025,5,AA,American Airlines Network,SMF,"Sacramento, CA: Sacramento International",365.00,112.00,40.85,3.87,25.27,0.00,42.00,4.00,2.00,6953.00,3092.00,314.00,1053.00,0.00,2494.00
2025,5,AA,American Airlines Network,SNA,"Santa Ana, CA: John Wayne Airport-Orange County",583.00,109.00,36.68,7.34,25.15,1.00,38.84,8.00,3.00,7833.00,3465.00,807.00,931.00,35.00,2595.00
2025,5,AA,American Airlines Network,SRQ,"Sarasota/Bradenton, FL: Sarasota/Bradenton International",194.00,49.00,10.66,1.09,11.15,0.00,26.10,1.00,0.00,2400.00,572.00,55.00,425.00,0.00,1348.00
2025,5,AA,American Airlines Network,STL,"St. Louis, MO: St Louis Lambert International",576.00,155.00,43.68,8.27,31.42,0.00,71.63,7.00,2.00,11156.00,2914.00,726.00,1910.00,0.00,5606.00
2025,5,AA,American Airlines Network,STS,"Santa Rosa, CA: Charles M. Schulz - Sonoma County",58.00,9.00,3.72,1.00,1.50,0.00,2.77,0.00,0.00,762.00,188.00,136.00,70.00,0.00,368.00
2025,5,AA,American Airlines Network,STT,"Charlotte Amalie, VI: Cyril E King",171.00,24.00,9.77,0.58,7.96,0.00,5.69,0.00,1.00,1298.00,412.00,37.00,228.00,0.00,621.00
2025,5,AA,American Airlines Network,STX,"Christiansted, VI: Henry E. Rohlsen",67.00,20.00,6.33,0.00,5.62,0.00,8.05,0.00,0.00,787.00,302.00,0.00,188.00,0.00,297.00
2025,5,AA,American Airlines Network,SYR,"Syracuse, NY: Syracuse Hancock International",151.00,44.00,17.65,3.93,6.50,0.00,15.92,2.00,0.00,3492.00,1064.00,668.00,283.00,0.00,1477.00
2025,5,AA,American Airlines Network,TPA,"Tampa, FL: Tampa International",1227.00,362.00,91.92,8.51,94.53,1.05,165.98,17.00,2.00,22960.00,5376.00,931.00,3701.00,45.00,12907.00
2025,5,AA,American Airlines Network,TUL,"Tulsa, OK: Tulsa International",223.00,63.00,19.18,6.52,8.31,0.15,28.84,9.00,0.00,4537.00,1130.00,638.00,414.00,8.00,2347.00
2025,5,AA,American Airlines Network,TUS,"Tucson, AZ: Tucson International",326.00,90.00,40.71,3.07,14.79,0.00,31.43,6.00,0.00,6193.00,2939.00,471.00,592.00,0.00,2191.00
2025,5,AA,American Airlines Network,TYS,"Knoxville, TN: McGhee Tyson",180.00,61.00,20.48,4.68,9.24,0.00,26.60,6.00,0.00,5785.00,1829.00,411.00,376.00,0.00,3169.00
2025,5,AA,American Airlines Network,VPS,"Valparaiso, FL: Eglin AFB Destin Fort Walton Beach",189.00,53.00,17.37,4.10,10.82,0.00,20.71,4.00,0.00,4207.00,943.00,384.00,426.00,0.00,2454.00
2025,5,AA,American Airlines Network,XNA,"Fayetteville, AR: Northwest Arkansas National",119.00,45.00,10.61,4.65,9.61,0.21,19.92,1.00,1.00,3392.00,610.00,903.00,462.00,6.00,1411.00
2025,5,AS,Alaska Airlines Network,ABQ,"Albuquerque, NM: Albuquerque International Sunport",58.00,28.00,4.57,0.00,13.17,0.00,10.27,0.00,0.00,1029.00,184.00,0.00,457.00,0.00,388.00
2025,5,AS,Alaska Airlines Network,ADK,"Adak Island, AK: Adak",9.00,2.00,0.00,0.00,0.12,0.00,1.88,0.00,0.00,146.00,0.00,0.00,10.00,0.00,136.00
2025,5,AS,Alaska Airlines Network,ADQ,"Kodiak, AK: Kodiak Airport",79.00,8.00,2.87,0.00,2.50,0.00,2.63,1.00,0.00,267.00,132.00,0.00,53.00,0.00,82.00
2025,5,AS,Alaska Airlines Network,AKN,"King Salmon, AK: King Salmon Airport",21.00,6.00,2.61,0.00,2.50,0.00,0.89,1.00,0.00,176.00,89.00,0.00,70.00,0.00,17.00
2025,5,AS,Alaska Airlines Network,ANC,"Anchorage, AK: Ted Stevens Anchorage International",1266.00,272.00,78.44,1.56,87.11,4.75,100.14,10.00,2.00,11073.00,3933.00,28.00,2398.00,135.00,4579.00
2025,5,AS,Alaska Airlines Network,ATL,"Atlanta, GA: Hartsfield-Jackson Atlanta International",141.00,46.00,10.34,0.00,26.04,0.00,9.62,0.00,0.00,1776.00,441.00,0.00,989.00,0.00,346.00
2025,5,AS,Alaska Airlines Network,AUS,"Austin, TX: Austin - Bergstrom International",221.00,75.00,13.83,2.00,45.55,0.00,13.62,1.00,0.00,3142.00,643.00,96.00,1745.00,0.00,658.00
2025,5,AS,Alaska Airlines Network,BET,"Bethel, AK: Bethel Airport",62.00,8.00,5.15,0.00,1.93,0.00,0.92,0.00,0.00,219.00,137.00,0.00,59.00,0.00,23.00
2025,5,AS,Alaska Airlines Network,BNA,"Nashville, TN: Nashville International",124.00,32.00,10.20,0.00,9.02,0.00,12.78,1.00,1.00,1306.00,640.00,0.00,288.00,0.00,378.00
2025,5,AS,Alaska Airlines Network,BOI,"Boise, ID: Boise Air Terminal",97.00,24.00,6.80,0.00,9.76,0.00,7.44,0.00,0.00,702.00,241.00,0.00,241.00,0.00,220.00
2025,5,AS,Alaska Airlines Network,BOS,"Boston, MA: Logan International",257.00,89.00,11.06,2.50,63.89,0.00,11.55,1.00,0.00,3541.00,467.00,128.00,2529.00,0.00,417.00
2025,5,AS,Alaska Airlines Network,BRW,"Barrow, AK: Wiley Post/Will Rogers Memorial",31.00,6.00,2.43,0.00,0.07,0.00,3.50,1.00,0.00,364.00,238.00,0.00,3.00,0.00,123.00
2025,5,AS,Alaska Airlines Network,BUR,"Burbank, CA: Bob Hope",208.00,45.00,12.21,0.00,13.75,0.00,19.04,2.00,0.00,1789.00,627.00,0.00,419.00,0.00,743.00
2025,5,AS,Alaska Airlines Network,BWI,"Baltimore, MD: Baltimore/Washington International Thurgood Marshall",58.00,26.00,4.21,0.00,10.80,0.00,10.99,0.00,1.00,912.00,234.00,0.00,279.00,0.00,399.00
2025,5,AS,Alaska Airlines Network,BZN,"Bozeman, MT: Bozeman Yellowstone International",46.00,20.00,4.06,0.00,6.41,0.00,9.53,0.00,0.00,663.00,126.00,0.00,163.00,0.00,374.00
2025,5,AS,Alaska Airlines Network,CDV,"Cordova, AK: Merle K Mudhole Smith",62.00,5.00,1.00,0.00,0.06,0.00,3.94,0.00,0.00,363.00,180.00,0.00,3.00,0.00,180.00
2025,5,AS,Alaska Airlines Network,CHS,"Charleston, SC: Charleston AFB/International",31.00,7.00,2.70,0.00,1.68,0.00,2.62,0.00,0.00,259.00,106.00,0.00,44.00,0.00,109.00
2025,5,AS,Alaska Airlines Network,CLE,"Cleveland, OH: Cleveland-Hopkins International",49.00,14.00,4.97,0.00,6.18,0.00,2.85,0.00,0.00,728.00,395.00,0.00,185.00,0.00,148.00
2025,5,AS,Alaska Airlines Network,CMH,"Columbus, OH: John Glenn Columbus International",49.00,18.00,4.21,0.00,8.18,0.00,5.61,0.00,0.00,483.00,178.00,0.00,192.00,0.00,113.00
2025,5,AS,Alaska Airlines Network,CVG,"Cincinnati, OH: Cincinnati/Northern Kentucky International",31.00,10.00,3.81,0.00,3.95,0.00,2.24,0.00,0.00,325.00,160.00,0.00,115.00,0.00,50.00
2025,5,AS,Alaska Airlines Network,DAL,"Dallas, TX: Dallas Love Field",10.00,5.00,0.10,0.67,1.79,0.00,2.45,0.00,0.00,185.00,3.00,10.00,63.00,0.00,109.00
2025,5,AS,Alaska Airlines Network,DCA,"Washington, DC: Ronald Reagan Washington National",186.00,60.00,7.32,0.00,47.88,0.00,4.80,0.00,1.00,2370.00,222.00,0.00,1836.00,0.00,312.00
2025,5,AS,Alaska Airlines Network,DEN,"Denver, CO: Denver International",218.00,84.00,11.20,0.00,55.18,0.00,17.61,1.00,1.00,5111.00,715.00,0.00,3727.00,0.00,669.00
2025,5,AS,Alaska Airlines Network,DFW,"Dallas/Fort Worth, TX: Dallas/Fort Worth International",220.00,64.00,13.93,3.23,34.07,0.00,12.77,1.00,1.00,3412.00,744.00,273.00,1824.00,0.00,571.00
2025,5,AS,Alaska Airlines Network,DTW,"Detroit, MI: Detroit Metro Wayne County",62.00,13.00,2.70,0.00,5.26,0.00,5.04,0.00,0.00,430.00,143.00,0.00,126.00,0.00,161.00
2025,5,AS,Alaska Airlines Network,EUG,"Eugene, OR: Mahlon Sweet Field",48.00,17.00,3.67,0.00,5.99,0.00,7.35,0.00,0.00,563.00,129.00,0.00,179.00,0.00,255.00
2025,5,AS,Alaska Airlines Network,EWR,"Newark, NJ: Newark Liberty International",308.00,153.00,3.63,4.76,132.92,0.00,11.69,7.00,0.00,21424.00,210.00,1297.00,19345.00,0.00,572.00
2025,5,AS,Alaska Airlines Network,FAI,"Fairbanks, AK: Fairbanks International",203.00,44.00,12.12,0.00,18.30,0.00,13.57,0.00,0.00,1647.00,641.00,0.00,539.00,0.00,467.00
2025,5,AS,Alaska Airlines Network,FAT,"Fresno, CA: Fresno Yosemite International",31.00,5.00,3.91,0.00,0.09,0.00,1.00,0.00,0.00,425.00,397.00,0.00,8.00,0.00,20.00
2025,5,AS,Alaska Airlines Network,FLL,"Fort Lauderdale, FL: Fort Lauderdale-Hollywood International",52.00,8.00,1.95,0.00,4.35,0.00,1.70,0.00,0.00,345.00,102.00,0.00,106.00,0.00,137.00
2025,5,AS,Alaska Airlines Network,GEG,"Spokane, WA: Spokane International",216.00,80.00,25.41,0.00,20.00,1.00,33.59,0.00,0.00,3476.00,1418.00,0.00,525.00,19.00,1514.00
2025,5,AS,Alaska Airlines Network,HNL,"Honolulu, HI: Daniel K Inouye International",155.00,46.00,11.15,1.70,11.38,0.00,21.77,0.00,0.00,1801.00,515.00,77.00,372.00,0.00,837.00
2025,5,AS,Alaska Airlines Network,IAD,"Washington, DC: Washington Dulles International",209.00,46.00,7.70,0.00,27.79,0.00,10.52,0.00,0.00,1903.00,290.00,0.00,818.00,0.00,795.00
2025,5,AS,Alaska Airlines Network,IAH,"Houston, TX: George Bush Intercontinental/Houston",96.00,29.00,6.18,0.00,8.49,0.00,14.34,1.00,1.00,1232.00,232.00,0.00,404.00,0.00,596.00
2025,5,AS,Alaska Airlines Network,IND,"Indianapolis, IN: Indianapolis International",62.00,25.00,2.49,0.00,11.49,0.00,11.02,0.00,0.00,716.00,75.00,0.00,252.00,0.00,389.00
2025,5,AS,Alaska Airlines Network,JFK,"New York, NY: John F. Kennedy International",341.00,141.00,16.68,3.40,107.41,0.00,13.51,2.00,1.00,7027.00,947.00,506.00,4915.00,0.00,659.00
2025,5,AS,Alaska Airlines Network,JNU,"Juneau, AK: Juneau International",392.00,69.00,26.34,0.00,16.62,0.06,25.97,2.00,1.00,2861.00,1256.00,0.00,492.00,2.00,1111.00
2025,5,AS,Alaska Airlines Network,KOA,"Kona, HI: Ellison Onizuka Kona International at Keahole",155.00,30.00,8.97,0.00,11.11,0.00,9.92,0.00,0.00,1382.00,559.00,0.00,307.00,0.00,516.00
2025,5,AS,Alaska Airlines Network,KTN,"Ketchikan, AK: Ketchikan International",203.00,53.00,20.70,0.00,19.69,0.00,12.61,2.00,0.00,2650.00,1500.00,0.00,566.00,0.00,584.00
2025,5,AS,Alaska Airlines Network,LAS,"Las Vegas, NV: Harry Reid International",494.00,116.00,24.98,0.80,49.31,0.00,40.91,2.00,0.00,5127.00,1847.00,12.00,1793.00,0.00,1475.00
2025,5,AS,Alaska Airlines Network,LAX,"Los Angeles, CA: Los Angeles International",675.00,146.00,39.33,0.66,44.45,0.04,61.52,4.00,0.00,8673.00,2129.00,44.00,1510.00,4.00,4986.00
2025,5,AS,Alaska Airlines Network,LIH,"Lihue, HI: Lihue Airport",124.00,14.00,3.02,0.00,3.39,0.00,7.59,1.00,0.00,394.00,134.00,0.00,70.00,0.00,190.00
2025,5,AS,Alaska Airlines Network,MCI,"Kansas City, MO: Kansas City International",74.00,18.00,5.48,0.00,7.26,0.00,5.26,0.00,0.00,554.00,250.00,0.00,189.00,0.00,115.00
2025,5,AS,Alaska Airlines Network,MCO,"Orlando, FL: Orlando International",217.00,33.00,6.48,0.00,21.44,0.00,5.08,0.00,3.00,1465.00,381.00,0.00,943.00,0.00,141.00
2025,5,AS,Alaska Airlines Network,MIA,"Miami, FL: Miami International",31.00,4.00,1.00,0.00,2.42,0.00,0.58,0.00,0.00,138.00,33.00,0.00,91.00,0.00,14.00
2025,5,AS,Alaska Airlines Network,MKE,"Milwaukee, WI: General Mitchell International",49.00,9.00,4.36,0.00,3.84,0.00,0.80,0.00,0.00,278.00,157.00,0.00,109.00,0.00,12.00
2025,5,AS,Alaska Airlines Network,MSO,"Missoula, MT: Missoula Montana",31.00,18.00,5.04,0.00,7.34,0.00,5.62,0.00,0.00,598.00,181.00,0.00,224.00,0.00,193.00
2025,5,AS,Alaska Airlines Network,MSP,"Minneapolis, MN: Minneapolis-St Paul International",79.00,26.00,4.32,0.00,10.77,0.00,10.92,0.00,0.00,1079.00,279.00,0.00,429.00,0.00,371.00
2025,5,AS,Alaska Airlines Network,MSY,"New Orleans, LA: Louis Armstrong New Orleans International",76.00,14.00,5.70,0.00,3.03,0.00,5.27,0.00,0.00,473.00,219.00,0.00,80.00,0.00,174.00
2025,5,AS,Alaska Airlines Network,OAK,"Oakland, CA: Metro Oakland International",62.00,19.00,4.49,0.00,4.65,0.00,9.86,0.00,0.00,829.00,252.00,0.00,111.00,0.00,466.00
2025,5,AS,Alaska Airlines Network,OGG,"Kahului, HI: Kahului Airport",155.00,25.00,5.30,0.00,6.03,0.00,13.67,1.00,0.00,1040.00,365.00,0.00,160.00,0.00,515.00
2025,5,AS,Alaska Airlines Network,OKC,"Oklahoma City, OK: Will Rogers World",31.00,5.00,1.00,0.00,3.48,0.00,0.52,0.00,0.00,144.00,55.00,0.00,78.00,0.00,11.00
2025,5,AS,Alaska Airlines Network,OMA,"Omaha, NE: Eppley Airfield",49.00,8.00,2.00,0.92,2.40,0.00,2.68,0.00,0.00,436.00,56.00,200.00,104.00,0.00,76.00
2025,5,AS,Alaska Airlines Network,OME,"Nome, AK: Nome Airport",31.00,11.00,4.98,0.00,1.07,0.00,4.95,0.00,0.00,240.00,111.00,0.00,21.00,0.00,108.00
2025,5,AS,Alaska Airlines Network,ONT,"Ontario, CA: Ontario International",115.00,27.00,8.41,0.00,6.20,0.00,12.38,1.00,0.00,1276.00,656.00,0.00,148.00,0.00,472.00
2025,5,AS,Alaska Airlines Network,ORD,"Chicago, IL: Chicago O'Hare International",283.00,69.00,12.99,0.00,39.94,0.02,16.05,1.00,0.00,3073.00,828.00,0.00,1418.00,3.00,824.00
2025,5,AS,Alaska Airlines Network,OTZ,"Kotzebue, AK: Ralph Wien Memorial",31.00,3.00,1.44,0.00,0.56,0.00,1.00,2.00,0.00,131.00,93.00,0.00,10.00,0.00,28.00
2025,5,AS,Alaska Airlines Network,PAE,"Everett, WA: Snohomish County",58.00,11.00,0.95,0.00,1.60,0.00,8.45,0.00,0.00,441.00,33.00,0.00,52.00,0.00,356.00
2025,5,AS,Alaska Airlines Network,PDX,"Portland, OR: Portland International",1656.00,315.00,62.77,12.99,91.99,1.42,145.84,6.00,1.00,17447.00,3600.00,774.00,3069.00,69.00,9935.00
2025,5,AS,Alaska Airlines Network,PHL,"Philadelphia, PA: Philadelphia International",62.00,27.00,8.45,0.00,9.43,0.00,9.12,0.00,0.00,1061.00,498.00,0.00,278.00,0.00,285.00
2025,5,AS,Alaska Airlines Network,PHX,"Phoenix, AZ: Phoenix Sky Harbor International",461.00,104.00,31.66,0.00,44.56,0.00,27.78,1.00,0.00,4009.00,1812.00,0.00,1124.00,0.00,1073.00
2025,5,AS,Alaska Airlines Network,PIT,"Pittsburgh, PA: Pittsburgh International",49.00,13.00,3.07,0.00,2.48,0.00,7.45,0.00,0.00,504.00,170.00,0.00,84.00,0.00,250.00
2025,5,AS,Alaska Airlines Network,PSC,"Pasco/Kennewick/Richland, WA: Tri Cities",31.00,11.00,3.00,0.00,2.10,0.00,5.90,1.00,0.00,359.00,99.00,0.00,58.00,0.00,202.00
2025,5,AS,Alaska Airlines Network,PSG,"Petersburg, AK: Petersburg James A Johnson",62.00,11.00,4.32,0.00,1.12,0.00,5.56,0.00,0.00,398.00,109.00,0.00,22.00,0.00,267.00
2025,5,AS,Alaska Airlines Network,PSP,"Palm Springs, CA: Palm Springs International",132.00,27.00,10.38,0.00,7.58,0.00,9.04,0.00,0.00,1133.00,529.00,0.00,244.00,0.00,360.00
2025,5,AS,Alaska Airlines Network,RDM,"Bend/Redmond, OR: Roberts Field",48.00,23.00,8.19,0.00,5.17,0.00,9.63,0.00,0.00,887.00,364.00,0.00,153.00,0.00,370.00
2025,5,AS,Alaska Airlines Network,RDU,"Raleigh/Durham, NC: Raleigh-Durham International",62.00,19.00,4.69,0.00,9.60,0.00,4.71,0.00,0.00,575.00,162.00,0.00,287.00,0.00,126.00
2025,5,AS,Alaska Airlines Network,RNO,"Reno, NV: Reno/Tahoe International",47.00,17.00,4.04,0.00,4.48,0.00,8.48,2.00,0.00,697.00,222.00,0.00,120.00,0.00,355.00
2025,5,AS,Alaska Airlines Network,SAN,"San Diego, CA: San Diego International",919.00,202.00,40.37,5.69,90.42,0.78,64.73,5.00,1.00,10853.00,2335.00,413.00,3147.00,127.00,4831.00
2025,5,AS,Alaska Airlines Network,SAT,"San Antonio, TX: San Antonio International",60.00,12.00,2.50,0.00,3.48,0.00,6.02,0.00,0.00,666.00,330.00,0.00,152.00,0.00,184.00
2025,5,AS,Alaska Airlines Network,SBA,"Santa Barbara, CA: Santa Barbara Municipal",31.00,10.00,1.38,0.00,4.94,0.00,3.68,1.00,0.00,496.00,41.00,0.00,163.00,0.00,292.00
2025,5,AS,Alaska Airlines Network,SBP,"San Luis Obispo, CA: San Luis County Regional",31.00,7.00,1.55,0.00,2.25,0.00,3.21,0.00,0.00,249.00,54.00,0.00,66.00,0.00,129.00
2025,5,AS,Alaska Airlines Network,SCC,"Deadhorse, AK: Deadhorse Airport",49.00,4.00,2.00,0.00,0.00,0.00,2.00,0.00,1.00,177.00,118.00,0.00,0.00,0.00,59.00
2025,5,AS,Alaska Airlines Network,SEA,"Seattle, WA: Seattle/Tacoma International",6933.00,1771.00,284.25,29.51,722.47,11.29,723.47,50.00,12.00,90636.00,21577.00,3205.00,24346.00,469.00,41039.00
2025,5,AS,Alaska Airlines Network,SFO,"San Francisco, CA: San Francisco International",1079.00,283.00,44.30,7.42,99.65,0.88,130.75,4.00,0.00,17214.00,3068.00,486.00,3676.00,32.00,9952.00
2025,5,AS,Alaska Airlines Network,SIT,"Sitka, AK: Sitka Rocky Gutierrez",128.00,27.00,7.00,0.00,3.79,0.00,16.21,0.00,1.00,1094.00,205.00,0.00,142.00,0.00,747.00
2025,5,AS,Alaska Airlines Network,SJC,"San Jose, CA: Norman Y. Mineta San Jose International",202.00,45.00,15.32,0.00,7.85,0.00,21.83,2.00,0.00,1995.00,824.00,0.00,224.00,0.00,947.00
2025,5,AS,Alaska Airlines Network,SLC,"Salt Lake City, UT: Salt Lake City International",114.00,36.00,10.59,0.00,12.56,0.00,12.85,1.00,0.00,1372.00,506.00,0.00,354.00,0.00,512.00
2025,5,AS,Alaska Airlines Network,SMF,"Sacramento, CA: Sacramento International",126.00,47.00,10.83,0.00,17.18,0.00,18.99,0.00,0.00,1837.00,627.00,0.00,542.00,0.00,668.00
2025,5,AS,Alaska Airlines Network,SNA,"Santa Ana, CA: John Wayne Airport-Orange County",372.00,59.00,16.52,0.00,18.89,0.00,23.58,1.00,1.00,2517.00,1090.00,0.00,562.00,0.00,865.00
2025,5,AS,Alaska Airlines Network,STL,"St. Louis, MO: St Louis Lambert International",79.00,19.00,6.83,0.00,6.93,0.00,5.24,1.00,0.00,678.00,207.00,0.00,278.00,0.00,193.00
2025,5,AS,Alaska Airlines Network,STS,"Santa Rosa, CA: Charles M. Schulz - Sonoma County",25.00,8.00,2.79,0.00,1.26,0.00,3.95,0.00,0.00,389.00,219.00,0.00,50.00,0.00,120.00
2025,5,AS,Alaska Airlines Network,TPA,"Tampa, FL: Tampa International",93.00,24.00,2.10,0.00,11.73,0.00,10.17,0.00,0.00,976.00,149.00,0.00,426.00,0.00,401.00
2025,5,AS,Alaska Airlines Network,TUS,"Tucson, AZ: Tucson International",44.00,9.00,4.41,0.00,4.59,0.00,0.00,0.00,0.00,260.00,162.00,0.00,98.00,0.00,0.00
2025,5,AS,Alaska Airlines Network,WRG,"Wrangell, AK: Wrangell Airport",62.00,13.00,0.55,0.00,2.79,0.00,9.66,0.00,0.00,525.00,29.00,0.00,72.00,0.00,424.00
2025,5,AS,Alaska Airlines Network,YAK,"Yakutat, AK: Yakutat Airport",62.00,6.00,0.00,0.00,1.19,0.00,4.81,0.00,0.00,340.00,0.00,0.00,22.00,0.00,318.00
2025,5,B6,JetBlue Airways,ABQ,"Albuquerque, NM: Albuquerque International Sunport",31.00,5.00,2.54,0.00,0.19,0.00,2.27,1.00,0.00,325.00,133.00,0.00,22.00,0.00,170.00
2025,5,B6,JetBlue Airways,ACK,"Nantucket, MA: Nantucket Memorial",27.00,5.00,1.61,1.45,1.50,0.00,0.43,0.00,0.00,365.00,86.00,155.00,61.00,0.00,63.00
2025,5,B6,JetBlue Airways,ALB,"Albany, NY: Albany International",62.00,14.00,5.50,1.90,2.45,0.00,4.15,0.00,0.00,783.00,209.00,83.00,95.00,0.00,396.00
2025,5,B6,JetBlue Airways,ATL,"Atlanta, GA: Hartsfield-Jackson Atlanta International",213.00,66.00,20.62,0.09,33.71,0.00,11.58,1.00,2.00,4161.00,1017.00,3.00,2201.00,0.00,940.00
2025,5,B6,JetBlue Airways,AUS,"Austin, TX: Austin - Bergstrom International",31.00,11.00,1.50,0.00,7.12,0.00,2.38,0.00,0.00,510.00,64.00,0.00,225.00,0.00,221.00
2025,5,B6,JetBlue Airways,AVL,"Asheville, NC: Asheville Regional",3.00,1.00,0.00,0.00,0.32,0.00,0.68,0.00,0.00,22.00,0.00,0.00,7.00,0.00,15.00
2025,5,B6,JetBlue Airways,BDL,"Hartford, CT: Bradley International",317.00,73.00,19.90,4.31,16.91,0.00,31.89,0.00,5.00,5613.00,1264.00,544.00,716.00,0.00,3089.00
2025,5,B6,JetBlue Airways,BNA,"Nashville, TN: Nashville International",156.00,46.00,15.41,1.48,14.96,0.00,14.14,0.00,0.00,3512.00,1610.00,119.00,576.00,0.00,1207.00
2025,5,B6,JetBlue Airways,BOS,"Boston, MA: Logan International",3419.00,1043.00,180.48,17.29,582.34,0.06,262.83,17.00,9.00,77884.00,15830.00,1579.00,33621.00,1.00,26853.00
2025,5,B6,JetBlue Airways,BQN,"Aguadilla, PR: Rafael Hernandez",134.00,28.00,12.00,2.36,5.88,0.00,7.75,0.00,0.00,2061.00,935.00,147.00,192.00,0.00,787.00
2025,5,B6,JetBlue Airways,BUF,"Buffalo, NY: Buffalo Niagara International",321.00,61.00,27.87,2.07,16.18,0.00,14.88,0.00,0.00,4283.00,1724.00,355.00,889.00,0.00,1315.00
2025,5,B6,JetBlue Airways,BUR,"Burbank, CA: Bob Hope",31.00,13.00,4.75,0.00,3.20,0.00,5.05,0.00,0.00,929.00,292.00,0.00,273.00,0.00,364.00
2025,5,B6,JetBlue Airways,BZN,"Bozeman, MT: Bozeman Yellowstone International",3.00,0.00,0.00,0.00,0.00,0.00,0.00,0.00,0.00,0.00,0.00,0.00,0.00,0.00,0.00
2025,5,B6,JetBlue Airways,CHS,"Charleston, SC: Charleston AFB/International",164.00,35.00,13.15,0.27,13.01,0.00,8.57,0.00,0.00,2526.00,972.00,12.00,598.00,0.00,944.00
2025,5,B6,JetBlue Airways,CLE,"Cleveland, OH: Cleveland-Hopkins International",73.00,14.00,5.38,0.00,3.66,0.00,4.96,1.00,0.00,486.00,184.00,0.00,145.00,0.00,157.00
2025,5,B6,JetBlue Airways,DCA,"Washington, DC: Ronald Reagan Washington National",562.00,174.00,27.87,2.82,106.59,0.95,35.77,2.00,3.00,13189.00,1776.00,449.00,7221.00,20.00,3723.00
2025,5,B6,JetBlue Airways,DEN,"Denver, CO: Denver International",117.00,32.00,6.78,0.19,21.72,0.00,3.31,0.00,0.00,1746.00,638.00,28.00,724.00,0.00,356.00
2025,5,B6,JetBlue Airways,DFW,"Dallas/Fort Worth, TX: Dallas/Fort Worth International",31.00,7.00,1.63,0.00,5.37,0.00,0.00,0.00,1.00,405.00,94.00,0.00,311.00,0.00,0.00
2025,5,B6,JetBlue Airways,DTW,"Detroit, MI: Detroit Metro Wayne County",111.00,24.00,8.24,0.00,2.83,0.00,12.93,0.00,0.00,2040.00,731.00,0.00,119.00,0.00,1190.00
2025,5,B6,JetBlue Airways,EWR,"Newark, NJ: Newark Liberty International",522.00,241.00,15.67,6.19,176.89,0.00,42.25,10.00,15.00,22150.00,1653.00,611.00,15834.00,0.00,4052.00
2025,5,B6,JetBlue Airways,FLL,"Fort Lauderdale, FL: Fort Lauderdale-Hollywood International",1345.00,288.00,79.81,4.79,104.85,0.33,98.22,6.00,4.00,20746.00,6380.00,907.00,4142.00,10.00,9307.00
2025,5,B6,JetBlue Airways,HPN,"White Plains, NY: Westchester County",465.00,96.00,26.86,5.76,34.96,0.15,28.28,1.00,10.00,6280.00,1801.00,661.00,1331.00,29.00,2458.00
2025,5,B6,JetBlue Airways,IAH,"Houston, TX: George Bush Intercontinental/Houston",84.00,13.00,4.59,0.87,6.92,0.00,0.62,0.00,1.00,906.00,218.00,271.00,378.00,0.00,39.00
2025,5,B6,JetBlue Airways,ILM,"Wilmington, NC: Wilmington International",31.00,2.00,0.27,0.00,0.00,0.00,1.73,0.00,0.00,146.00,21.00,0.00,0.00,0.00,125.00
2025,5,B6,JetBlue Airways,ISP,"Islip, NY: Long Island MacArthur",99.00,16.00,4.74,0.22,4.75,0.00,6.29,6.00,0.00,873.00,226.00,22.00,184.00,0.00,441.00
2025,5,B6,JetBlue Airways,JAX,"Jacksonville, FL: Jacksonville International",140.00,39.00,12.55,0.00,15.88,0.00,10.57,3.00,0.00,2245.00,773.00,0.00,584.00,0.00,888.00
2025,5,B6,JetBlue Airways,JFK,"New York, NY: John F. Kennedy International",3184.00,808.00,195.78,17.48,359.41,0.88,234.44,16.00,5.00,64684.00,13242.00,1341.00,26012.00,43.00,24046.00
2025,5,B6,JetBlue Airways,LAS,"Las Vegas, NV: Harry Reid International",295.00,36.00,5.51,1.00,20.87,0.00,8.62,0.00,0.00,1877.00,356.00,24.00,851.00,0.00,646.00
2025,5,B6,JetBlue Airways,LAX,"Los Angeles, CA: Los Angeles International",656.00,98.00,23.11,0.00,43.80,0.00,31.10,3.00,0.00,5604.00,1087.00,0.00,2029.00,0.00,2488.00
2025,5,B6,JetBlue Airways,LGA,"New York, NY: LaGuardia",370.00,122.00,29.50,3.63,58.81,0.00,30.06,4.00,3.00,10047.00,1797.00,434.00,4974.00,0.00,2842.00
2025,5,B6,JetBlue Airways,MCO,"Orlando, FL: Orlando International",1513.00,411.00,81.60,5.61,206.28,0.43,117.06,12.00,32.00,29993.00,6164.00,873.00,9966.00,25.00,12965.00
2025,5,B6,JetBlue Airways,MHT,"Manchester, NH: Manchester Boston Regional",36.00,4.00,1.41,0.66,0.63,0.00,1.30,0.00,0.00,143.00,49.00,27.00,24.00,0.00,43.00
2025,5,B6,JetBlue Airways,MIA,"Miami, FL: Miami International",122.00,36.00,8.27,0.00,16.29,0.00,11.44,0.00,0.00,2430.00,605.00,0.00,732.00,0.00,1093.00
2025,5,B6,JetBlue Airways,MKE,"Milwaukee, WI: General Mitchell International",31.00,8.00,3.67,0.00,1.70,0.00,2.63,0.00,0.00,421.00,203.00,0.00,41.00,0.00,177.00
2025,5,B6,JetBlue Airways,MSY,"New Orleans, LA: Louis Armstrong New Orleans International",104.00,17.00,6.86,0.00,7.06,0.00,3.09,0.00,0.00,761.00,347.00,0.00,206.00,0.00,208.00
2025,5,B6,JetBlue Airways,ONT,"Ontario, CA: Ontario International",31.00,11.00,4.47,0.93,5.60,0.00,0.00,0.00,0.00,861.00,317.00,228.00,316.00,0.00,0.00
2025,5,B6,JetBlue Airways,ORD,"Chicago, IL: Chicago O'Hare International",119.00,33.00,12.36,0.29,7.69,0.05,12.61,0.00,0.00,2825.00,761.00,33.00,521.00,1.00,1509.00
2025,5,B6,JetBlue Airways,ORF,"Norfolk, VA: Norfolk International",31.00,10.00,4.91,0.00,1.65,0.00,3.43,0.00,0.00,915.00,293.00,0.00,57.00,0.00,565.00
2025,5,B6,JetBlue Airways,ORH,"Worcester, MA: Worcester Regional",62.00,12.00,5.95,0.00,5.16,0.24,0.65,1.00,2.00,402.00,204.00,0.00,172.00,4.00,22.00
2025,5,B6,JetBlue Airways,PBI,"West Palm Beach/Palm Beach, FL: Palm Beach International",671.00,194.00,39.39,3.62,86.69,0.00,64.30,5.00,4.00,13780.00,3122.00,551.00,4171.00,0.00,5936.00
2025,5,B6,JetBlue Airways,PDX,"Portland, OR: Portland International",31.00,3.00,1.38,0.00,1.00,0.00,0.62,0.00,0.00,109.00,41.00,0.00,27.00,0.00,41.00
2025,5,B6,JetBlue Airways,PHL,"Philadelphia, PA: Philadelphia International",85.00,18.00,3.35,0.00,4.91,0.00,9.74,0.00,0.00,1599.00,256.00,0.00,359.00,0.00,984.00
2025,5,B6,JetBlue Airways,PHX,"Phoenix, AZ: Phoenix Sky Harbor International",62.00,14.00,3.82,0.00,3.71,0.00,6.47,0.00,1.00,647.00,135.00,0.00,177.00,0.00,335.00
2025,5,B6,JetBlue Airways,PIT,"Pittsburgh, PA: Pittsburgh International",128.00,36.00,12.49,0.00,5.00,0.00,18.50,1.00,0.00,3213.00,1124.00,0.00,512.00,0.00,1577.00
2025,5,B6,JetBlue Airways,PQI,"Presque Isle/Houlton, ME: Presque Isle International",31.00,13.00,5.48,0.00,1.12,0.00,6.40,0.00,2.00,904.00,243.00,0.00,127.00,0.00,534.00
2025,5,B6,JetBlue Airways,PSE,"Ponce, PR: Mercedita",31.00,13.00,3.53,3.61,0.18,0.00,5.68,0.00,0.00,1141.00,322.00,254.00,6.00,0.00,559.00
2025,5,B6,JetBlue Airways,PVD,"Providence, RI: Rhode Island Tf Green International",208.00,67.00,17.50,2.82,15.46,0.00,31.21,0.00,3.00,4521.00,1105.00,137.00,643.00,0.00,2636.00
2025,5,B6,JetBlue Airways,PWM,"Portland, ME: Portland International Jetport",60.00,19.00,7.84,0.00,3.55,0.00,7.61,1.00,0.00,1046.00,501.00,0.00,115.00,0.00,430.00
2025,5,B6,JetBlue Airways,RDU,"Raleigh/Durham, NC: Raleigh-Durham International",248.00,72.00,26.60,2.15,15.91,0.00,27.34,0.00,0.00,3867.00,1201.00,70.00,675.00,0.00,1921.00
2025,5,B6,JetBlue Airways,RIC,"Richmond, VA: Richmond International",157.00,38.00,11.39,1.84,5.84,0.00,18.93,0.00,1.00,2636.00,624.00,38.00,397.00,0.00,1577.00
2025,5,B6,JetBlue Airways,ROC,"Rochester, NY: Frederick Douglass Grtr Rochester International",60.00,20.00,4.73,0.00,5.93,0.00,9.34,1.00,0.00,1363.00,334.00,0.00,222.00,0.00,807.00
2025,5,B6,JetBlue Airways,RSW,"Fort Myers, FL: Southwest Florida International",311.00,74.00,16.60,0.15,33.47,0.00,23.78,0.00,0.00,4281.00,1131.00,8.00,1311.00,0.00,1831.00
2025,5,B6,JetBlue Airways,SAN,"San Diego, CA: San Diego International",147.00,8.00,3.04,0.00,4.96,0.00,0.00,0.00,0.00,384.00,261.00,0.00,123.00,0.00,0.00
2025,5,B6,JetBlue Airways,SAV,"Savannah, GA: Savannah/Hilton Head International",124.00,23.00,10.70,0.82,7.37,0.00,4.11,0.00,1.00,1256.00,615.00,88.00,357.00,0.00,196.00
2025,5,B6,JetBlue Airways,SEA,"Seattle, WA: Seattle/Tacoma International",62.00,4.00,0.58,0.00,2.56,0.00,0.86,0.00,0.00,186.00,22.00,0.00,110.00,0.00,54.00
2025,5,B6,JetBlue Airways,SFO,"San Francisco, CA: San Francisco International",389.00,55.00,14.35,1.00,24.07,0.00,15.58,0.00,0.00,3831.00,991.00,49.00,1170.00,0.00,1621.00
2025,5,B6,JetBlue Airways,SJU,"San Juan, PR: Luis Munoz Marin International",960.00,155.00,48.11,9.83,52.83,0.00,44.23,0.00,1.00,9939.00,2901.00,843.00,2174.00,0.00,4021.00
2025,5,B6,JetBlue Airways,SLC,"Salt Lake City, UT: Salt Lake City International",31.00,8.00,1.81,0.00,4.98,0.00,1.21,0.00,1.00,271.00,72.00,0.00,168.00,0.00,31.00
2025,5,B6,JetBlue Airways,SMF,"Sacramento, CA: Sacramento International",62.00,15.00,3.71,0.72,6.84,0.00,3.73,0.00,0.00,871.00,249.00,48.00,230.00,0.00,344.00
2025,5,B6,JetBlue Airways,SRQ,"Sarasota/Bradenton, FL: Sarasota/Bradenton International",105.00,20.00,5.86,0.00,10.99,0.00,3.15,0.00,0.00,1460.00,270.00,0.00,675.00,0.00,515.00
2025,5,B6,JetBlue Airways,STT,"Charlotte Amalie, VI: Cyril E King",36.00,3.00,1.64,0.00,1.36,0.00,0.00,0.00,0.00,194.00,82.00,0.00,112.00,0.00,0.00
2025,5,B6,JetBlue Airways,STX,"Christiansted, VI: Henry E. Rohlsen",31.00,1.00,0.00,0.00,0.00,0.00,1.00,0.00,0.00,42.00,0.00,0.00,0.00,0.00,42.00
2025,5,B6,JetBlue Airways,SYR,"Syracuse, NY: Syracuse Hancock International",121.00,43.00,12.56,5.40,3.37,0.00,21.67,1.00,0.00,3597.00,784.00,499.00,225.00,0.00,2089.00
2025,5,B6,JetBlue Airways,TPA,"Tampa, FL: Tampa International",466.00,156.00,37.01,0.91,55.69,0.13,62.27,3.00,0.00,9092.00,1956.00,77.00,2287.00,4.00,4768.00
2025,5,C5,CommuteAir LLC dba CommuteAir,ALB,"Albany, NY: Albany International",124.00,35.00,13.00,2.00,9.39,0.00,10.62,1.00,0.00,3429.00,1546.00,132.00,285.00,0.00,1466.00
2025,5,C5,CommuteAir LLC dba CommuteAir,AMA,"Amarillo, TX: Rick Husband Amarillo International",63.00,14.00,5.77,2.05,4.23,0.00,1.95,2.00,0.00,1022.00,409.00,222.00,233.00,0.00,158.00
2025,5,C5,CommuteAir LLC dba CommuteAir,AVP,"Scranton/Wilkes-Barre, PA: Wilkes Barre Scranton International",83.00,21.00,6.90,0.93,6.15,0.00,7.02,1.00,0.00,1416.00,504.00,40.00,176.00,0.00,696.00
2025,5,C5,CommuteAir LLC dba CommuteAir,BDL,"Hartford, CT: Bradley International",2.00,1.00,0.00,0.98,0.02,0.00,0.00,0.00,0.00,90.00,0.00,88.00,2.00,0.00,0.00
2025,5,C5,CommuteAir LLC dba CommuteAir,BHM,"Birmingham, AL: Birmingham-Shuttlesworth International",69.00,11.00,3.31,0.58,2.92,0.00,4.19,3.00,0.00,731.00,142.00,70.00,155.00,0.00,364.00
2025,5,C5,CommuteAir LLC dba CommuteAir,BRO,"Brownsville, TX: Brownsville South Padre Island International",123.00,19.00,5.54,1.55,2.05,0.00,9.86,4.00,0.00,1321.00,501.00,50.00,69.00,0.00,701.00
2025,5,C5,CommuteAir LLC dba CommuteAir,BTR,"Baton Rouge, LA: Baton Rouge Metropolitan/Ryan Field",96.00,19.00,8.32,3.00,3.25,0.00,4.43,3.00,2.00,1847.00,1035.00,199.00,212.00,0.00,401.00
2025,5,C5,CommuteAir LLC dba CommuteAir,BTV,"Burlington, VT: Burlington International",37.00,20.00,6.95,0.00,10.76,0.00,2.29,0.00,0.00,1108.00,426.00,0.00,475.00,0.00,207.00
2025,5,C5,CommuteAir LLC dba CommuteAir,BUF,"Buffalo, NY: Buffalo Niagara International",51.00,8.00,1.52,0.00,6.03,0.00,0.45,0.00,0.00,405.00,118.00,0.00,221.00,0.00,66.00
2025,5,C5,CommuteAir LLC dba CommuteAir,CAE,"Columbia, SC: Columbia Metropolitan",86.00,20.00,6.56,1.00,8.83,0.00,3.61,1.00,1.00,2201.00,1113.00,247.00,362.00,0.00,479.00
2025,5,C5,CommuteAir LLC dba CommuteAir,CHO,"Charlottesville, VA: Charlottesville Albemarle",110.00,28.00,9.76,1.39,9.82,0.00,7.02,1.00,0.00,1619.00,798.00,40.00,324.00,0.00,457.00
2025,5,C5,CommuteAir LLC dba CommuteAir,CLE,"Cleveland, OH: Cleveland-Hopkins International",2.00,0.00,0.00,0.00,0.00,0.00,0.00,0.00,0.00,0.00,0.00,0.00,0.00,0.00,0.00
2025,5,C5,CommuteAir LLC dba CommuteAir,CMH,"Columbus, OH: John Glenn Columbus International",2.00,0.00,0.00,0.00,0.00,0.00,0.00,0.00,0.00,0.00,0.00,0.00,0.00,0.00,0.00
2025,5,C5,CommuteAir LLC dba CommuteAir,CRP,"Corpus Christi, TX: Corpus Christi International",88.00,21.00,9.58,2.71,3.51,0.00,5.19,2.00,0.00,1686.00,530.00,295.00,208.00,0.00,653.00
2025,5,C5,CommuteAir LLC dba CommuteAir,CVG,"Cincinnati, OH: Cincinnati/Northern Kentucky International",5.00,1.00,0.00,0.00,1.00,0.00,0.00,0.00,0.00,31.00,0.00,0.00,31.00,0.00,0.00
2025,5,C5,CommuteAir LLC dba CommuteAir,DAY,"Dayton, OH: James M Cox/Dayton International",85.00,19.00,7.97,0.00,6.33,0.00,4.70,2.00,0.00,984.00,389.00,0.00,245.00,0.00,350.00
2025,5,C5,CommuteAir LLC dba CommuteAir,ECP,"Panama City, FL: Northwest Florida Beaches International",59.00,12.00,3.28,1.78,5.45,0.00,1.49,1.00,0.00,723.00,147.00,225.00,162.00,0.00,189.00
2025,5,C5,CommuteAir LLC dba CommuteAir,ELP,"El Paso, TX: El Paso International",3.00,0.00,0.00,0.00,0.00,0.00,0.00,0.00,0.00,0.00,0.00,0.00,0.00,0.00,0.00
2025,5,C5,CommuteAir LLC dba CommuteAir,GPT,"Gulfport/Biloxi, MS: Gulfport-Biloxi International",98.00,23.00,5.50,2.78,6.49,0.00,8.23,1.00,0.00,1326.00,268.00,154.00,379.00,0.00,525.00
2025,5,C5,CommuteAir LLC dba CommuteAir,GSO,"Greensboro/High Point, NC: Piedmont Triad International",88.00,23.00,10.91,0.00,7.33,0.00,4.76,3.00,0.00,1622.00,791.00,0.00,322.00,0.00,509.00
2025,5,C5,CommuteAir LLC dba CommuteAir,GSP,"Greer, SC: Greenville-Spartanburg International",97.00,33.00,12.85,2.27,11.70,0.00,6.17,2.00,0.00,2558.00,848.00,306.00,554.00,0.00,850.00
2025,5,C5,CommuteAir LLC dba CommuteAir,HRL,"Harlingen/San Benito, TX: Valley International",102.00,19.00,4.88,3.13,2.88,0.00,8.11,2.00,0.00,1470.00,228.00,219.00,223.00,0.00,800.00
2025,5,C5,CommuteAir LLC dba CommuteAir,HSV,"Huntsville, AL: Huntsville International-Carl T Jones Field",207.00,54.00,17.39,2.74,15.52,0.00,18.34,3.00,1.00,4831.00,1244.00,943.00,747.00,0.00,1897.00
2025,5,C5,CommuteAir LLC dba CommuteAir,IAD,"Washington, DC: Washington Dulles International",1673.00,339.00,88.11,12.09,94.48,0.00,144.33,19.00,7.00,26719.00,7784.00,910.00,4711.00,0.00,13314.00
2025,5,C5,CommuteAir LLC dba CommuteAir,IAH,"Houston, TX: George Bush Intercontinental/Houston",1899.00,307.00,76.66,21.72,109.51,0.00,99.10,50.00,5.00,37575.00,10999.00,3929.00,10072.00,0.00,12575.00
2025,5,C5,CommuteAir LLC dba CommuteAir,ICT,"Wichita, KS: Wichita Dwight D Eisenhower National",21.00,2.00,0.08,0.00,1.08,0.00,0.83,0.00,0.00,78.00,2.00,0.00,56.00,0.00,20.00
2025,5,C5,CommuteAir LLC dba CommuteAir,ITH,"Ithaca/Cortland, NY: Ithaca Tompkins International",62.00,24.00,7.94,0.23,10.37,0.00,5.46,4.00,0.00,1349.00,374.00,10.00,421.00,0.00,544.00
2025,5,C5,CommuteAir LLC dba CommuteAir,JAN,"Jackson/Vicksburg, MS: Jackson Medgar Wiley Evers International",122.00,19.00,6.64,2.41,4.19,0.00,5.75,3.00,2.00,1483.00,620.00,143.00,191.00,0.00,529.00
2025,5,C5,CommuteAir LLC dba CommuteAir,LBB,"Lubbock, TX: Lubbock Preston Smith International",108.00,22.00,9.66,0.31,6.76,0.00,5.26,2.00,0.00,1779.00,751.00,26.00,562.00,0.00,440.00
2025,5,C5,CommuteAir LLC dba CommuteAir,LCH,"Lake Charles, LA: Lake Charles Regional",68.00,13.00,4.51,2.86,2.14,0.00,3.49,3.00,0.00,987.00,382.00,189.00,179.00,0.00,237.00
2025,5,C5,CommuteAir LLC dba CommuteAir,LFT,"Lafayette, LA: Lafayette Regional Paul Fournet Field",79.00,15.00,7.09,2.31,2.37,0.00,3.23,3.00,0.00,1607.00,612.00,351.00,161.00,0.00,483.00
2025,5,C5,CommuteAir LLC dba CommuteAir,LIT,"Little Rock, AR: Bill and Hillary Clinton Nat Adams Field",81.00,16.00,5.71,1.29,3.75,0.00,5.24,1.00,0.00,1528.00,276.00,340.00,247.00,0.00,665.00
2025,5,C5,CommuteAir LLC dba CommuteAir,LRD,"Laredo, TX: Laredo International",115.00,22.00,7.64,5.45,2.52,0.00,6.39,2.00,0.00,1595.00,465.00,403.00,131.00,0.00,596.00
2025,5,C5,CommuteAir LLC dba CommuteAir,MAF,"Midland/Odessa, TX: Midland International Air and Space Port",2.00,1.00,0.00,0.00,1.00,0.00,0.00,0.00,0.00,15.00,0.00,0.00,15.00,0.00,0.00
2025,5,C5,CommuteAir LLC dba CommuteAir,MDT,"Harrisburg, PA: Harrisburg International",99.00,28.00,12.07,0.95,11.62,0.00,3.35,1.00,0.00,1265.00,559.00,106.00,332.00,0.00,268.00
2025,5,C5,CommuteAir LLC dba CommuteAir,MFE,"Mission/McAllen/Edinburg, TX: McAllen International",86.00,17.00,5.58,4.42,4.20,0.00,2.80,2.00,0.00,1472.00,333.00,480.00,211.00,0.00,448.00
2025,5,C5,CommuteAir LLC dba CommuteAir,MHT,"Manchester, NH: Manchester Boston Regional",90.00,31.00,15.67,0.60,5.60,0.00,9.13,1.00,0.00,2616.00,1043.00,27.00,346.00,0.00,1200.00
2025,5,C5,CommuteAir LLC dba CommuteAir,MOB,"Mobile, AL: Mobile Regional",134.00,27.00,6.73,4.91,9.89,0.00,5.47,3.00,1.00,3126.00,487.00,1492.00,365.00,0.00,782.00
2025,5,C5,CommuteAir LLC dba CommuteAir,MYR,"Myrtle Beach, SC: Myrtle Beach International",2.00,1.00,0.86,0.00,0.14,0.00,0.00,0.00,0.00,93.00,80.00,0.00,13.00,0.00,0.00
2025,5,C5,CommuteAir LLC dba CommuteAir,OKC,"Oklahoma City, OK: Will Rogers World",1.00,,0.00,0.00,0.00,0.00,0.00,1.00,0.00,0.00,0.00,0.00,0.00,0.00,0.00
2025,5,C5,CommuteAir LLC dba CommuteAir,ORF,"Norfolk, VA: Norfolk International",3.00,0.00,0.00,0.00,0.00,0.00,0.00,0.00,0.00,0.00,0.00,0.00,0.00,0.00,0.00
2025,5,C5,CommuteAir LLC dba CommuteAir,PHL,"Philadelphia, PA: Philadelphia International",7.00,2.00,1.00,0.00,1.00,0.00,0.00,0.00,0.00,44.00,27.00,0.00,17.00,0.00,0.00
2025,5,C5,CommuteAir LLC dba CommuteAir,PIT,"Pittsburgh, PA: Pittsburgh International",10.00,3.00,2.04,0.00,0.06,0.00,0.90,0.00,0.00,210.00,124.00,0.00,5.00,0.00,81.00
2025,5,C5,CommuteAir LLC dba CommuteAir,PNS,"Pensacola, FL: Pensacola International",69.00,11.00,5.27,0.78,1.19,0.00,3.76,1.00,0.00,825.00,238.00,172.00,86.00,0.00,329.00
2025,5,C5,CommuteAir LLC dba CommuteAir,PVD,"Providence, RI: Rhode Island Tf Green International",15.00,5.00,0.54,0.00,4.46,0.00,0.00,0.00,0.00,304.00,65.00,0.00,239.00,0.00,0.00
2025,5,C5,CommuteAir LLC dba CommuteAir,PWM,"Portland, ME: Portland International Jetport",8.00,1.00,0.00,0.00,1.00,0.00,0.00,0.00,0.00,59.00,0.00,0.00,59.00,0.00,0.00
2025,5,C5,CommuteAir LLC dba CommuteAir,RIC,"Richmond, VA: Richmond International",3.00,0.00,0.00,0.00,0.00,0.00,0.00,0.00,1.00,0.00,0.00,0.00,0.00,0.00,0.00
2025,5,C5,CommuteAir LLC dba CommuteAir,ROA,"Roanoke, VA: Roanoke Blacksburg Regional",112.00,33.00,13.14,1.80,9.64,0.00,8.42,0.00,0.00,2265.00,509.00,953.00,236.00,0.00,567.00
2025,5,C5,CommuteAir LLC dba CommuteAir,ROC,"Rochester, NY: Frederick Douglass Grtr Rochester International",74.00,16.00,6.29,0.21,6.14,0.00,3.36,0.00,0.00,1003.00,360.00,7.00,236.00,0.00,400.00
2025,5,C5,CommuteAir LLC dba CommuteAir,SCE,"State College, PA: University Park",87.00,19.00,4.93,0.73,7.24,0.00,6.10,0.00,2.00,1329.00,290.00,30.00,171.00,0.00,838.00
2025,5,C5,CommuteAir LLC dba CommuteAir,SGF,"Springfield, MO: Springfield-Branson National",8.00,2.00,1.00,0.19,0.81,0.00,0.00,0.00,0.00,196.00,34.00,31.00,131.00,0.00,0.00
2025,5,C5,CommuteAir LLC dba CommuteAir,SHV,"Shreveport, LA: Shreveport Regional",38.00,1.00,1.00,0.00,0.00,0.00,0.00,2.00,0.00,33.00,33.00,0.00,0.00,0.00,0.00
2025,5,C5,CommuteAir LLC dba CommuteAir,SYR,"Syracuse, NY: Syracuse Hancock International",73.00,21.00,6.77,0.00,10.36,0.00,3.87,0.00,0.00,1314.00,496.00,0.00,460.00,0.00,358.00
2025,5,C5,CommuteAir LLC dba CommuteAir,TUL,"Tulsa, OK: Tulsa International",51.00,4.00,0.95,0.74,1.26,0.00,1.05,0.00,0.00,428.00,38.00,216.00,96.00,0.00,78.00
2025,5,C5,CommuteAir LLC dba CommuteAir,TYS,"Knoxville, TN: McGhee Tyson",227.00,48.00,19.07,8.16,9.53,0.00,11.25,5.00,0.00,4635.00,2336.00,817.00,332.00,0.00,1150.00
2025,5,C5,CommuteAir LLC dba CommuteAir,XNA,"Fayetteville, AR: Northwest Arkansas National",41.00,10.00,3.94,0.00,3.03,0.00,3.02,0.00,0.00,1863.00,1138.00,0.00,88.00,0.00,637.00
2025,5,DL,Delta Air Lines Network,ABQ,"Albuquerque, NM: Albuquerque International Sunport",112.00,38.00,18.30,0.60,14.87,0.00,4.23,0.00,0.00,1771.00,972.00,26.00,541.00,0.00,232.00
2025,5,DL,Delta Air Lines Network,AGS,"Augusta, GA: Augusta Regional at Bush Field",2.00,2.00,0.00,0.00,1.07,0.00,0.93,0.00,0.00,156.00,0.00,0.00,68.00,0.00,88.00
2025,5,DL,Delta Air Lines Network,ALB,"Albany, NY: Albany International",117.00,43.00,18.01,1.14,7.16,0.00,16.70,0.00,1.00,2838.00,1016.00,186.00,434.00,0.00,1202.00
2025,5,DL,Delta Air Lines Network,ANC,"Anchorage, AK: Ted Stevens Anchorage International",227.00,37.00,23.34,0.00,7.91,0.00,5.75,0.00,0.00,3171.00,2501.00,0.00,257.00,0.00,413.00
2025,5,DL,Delta Air Lines Network,ATL,"Atlanta, GA: Hartsfield-Jackson Atlanta International",20718.00,4122.00,1005.31,143.27,1103.82,2.09,1867.51,35.00,61.00,309281.00,110579.00,16175.00,54281.00,298.00,127948.00
2025,5,DL,Delta Air Lines Network,ATW,"Appleton, WI: Appleton International",31.00,9.00,2.75,2.15,1.49,0.00,2.61,0.00,0.00,785.00,308.00,289.00,75.00,0.00,113.00
2025,5,DL,Delta Air Lines Network,AUS,"Austin, TX: Austin - Bergstrom International",1069.00,389.00,88.08,5.16,222.66,0.00,73.09,2.00,6.00,23971.00,7495.00,790.00,10209.00,0.00,5477.00
2025,5,DL,Delta Air Lines Network,AVL,"Asheville, NC: Asheville Regional",123.00,27.00,12.56,0.71,3.16,0.00,10.57,0.00,1.00,1599.00,603.00,39.00,202.00,0.00,755.00
2025,5,DL,Delta Air Lines Network,BDL,"Hartford, CT: Bradley International",391.00,92.00,44.42,3.19,17.49,0.00,26.91,0.00,0.00,5385.00,2562.00,346.00,813.00,0.00,1664.00
2025,5,DL,Delta Air Lines Network,BGR,"Bangor, ME: Bangor International",2.00,1.00,0.27,0.00,0.73,0.00,0.00,0.00,0.00,52.00,14.00,0.00,38.00,0.00,0.00
2025,5,DL,Delta Air Lines Network,BHM,"Birmingham, AL: Birmingham-Shuttlesworth International",260.00,63.00,33.17,2.60,8.75,0.00,18.48,0.00,1.00,4156.00,1872.00,890.00,377.00,0.00,1017.00
2025,5,DL,Delta Air Lines Network,BIL,"Billings, MT: Billings Logan International",62.00,17.00,9.01,0.00,0.59,0.00,7.40,0.00,0.00,1082.00,568.00,0.00,46.00,0.00,468.00
2025,5,DL,Delta Air Lines Network,BIS,"Bismarck/Mandan, ND: Bismarck Municipal",58.00,18.00,10.62,0.00,1.33,0.00,6.04,0.00,0.00,1258.00,682.00,0.00,52.00,0.00,524.00
2025,5,DL,Delta Air Lines Network,BNA,"Nashville, TN: Nashville International",810.00,156.00,70.86,3.43,49.93,0.00,31.78,1.00,5.00,8460.00,4606.00,260.00,1994.00,0.00,1600.00
2025,5,DL,Delta Air Lines Network,BOI,"Boise, ID: Boise Air Terminal",254.00,38.00,27.55,0.67,3.81,0.00,5.97,0.00,0.00,2577.00,1908.00,53.00,140.00,0.00,476.00
2025,5,DL,Delta Air Lines Network,BOS,"Boston, MA: Logan International",2274.00,721.00,166.38,22.97,339.99,1.00,190.66,10.00,4.00,52625.00,17046.00,2397.00,17690.00,188.00,15304.00
2025,5,DL,Delta Air Lines Network,BTR,"Baton Rouge, LA: Baton Rouge Metropolitan/Ryan Field",66.00,14.00,5.91,0.40,1.06,0.00,6.62,0.00,0.00,955.00,471.00,17.00,60.00,0.00,407.00
2025,5,DL,Delta Air Lines Network,BTV,"Burlington, VT: Burlington International",31.00,8.00,4.21,0.00,1.68,0.00,2.11,0.00,0.00,416.00,191.00,0.00,132.00,0.00,93.00
2025,5,DL,Delta Air Lines Network,BUF,"Buffalo, NY: Buffalo Niagara International",167.00,30.00,13.61,0.96,5.01,0.00,10.42,0.00,0.00,1951.00,986.00,89.00,250.00,0.00,626.00
2025,5,DL,Delta Air Lines Network,BUR,"Burbank, CA: Bob Hope",68.00,25.00,9.97,0.36,7.40,0.00,7.26,0.00,0.00,1782.00,1140.00,44.00,343.00,0.00,255.00
2025,5,DL,Delta Air Lines Network,BWI,"Baltimore, MD: Baltimore/Washington International Thurgood Marshall",486.00,105.00,53.18,2.87,25.35,0.00,23.60,0.00,2.00,5845.00,2779.00,181.00,1359.00,0.00,1526.00
2025,5,DL,Delta Air Lines Network,BZN,"Bozeman, MT: Bozeman Yellowstone International",130.00,19.00,14.04,0.00,1.27,0.00,3.69,0.00,0.00,940.00,694.00,0.00,57.00,0.00,189.00
2025,5,DL,Delta Air Lines Network,CAE,"Columbia, SC: Columbia Metropolitan",119.00,31.00,15.06,0.68,6.68,0.00,8.59,0.00,0.00,2029.00,957.00,59.00,412.00,0.00,601.00
2025,5,DL,Delta Air Lines Network,CHA,"Chattanooga, TN: Lovell Field",65.00,20.00,9.53,1.12,3.91,0.00,5.44,0.00,0.00,1056.00,496.00,78.00,122.00,0.00,360.00
2025,5,DL,Delta Air Lines Network,CHO,"Charlottesville, VA: Charlottesville Albemarle",20.00,6.00,4.88,0.00,0.45,0.00,0.67,0.00,0.00,259.00,232.00,0.00,15.00,0.00,12.00
2025,5,DL,Delta Air Lines Network,CHS,"Charleston, SC: Charleston AFB/International",393.00,99.00,42.01,2.16,32.76,0.00,22.08,2.00,0.00,5803.00,3334.00,102.00,1314.00,0.00,1053.00
2025,5,DL,Delta Air Lines Network,CID,"Cedar Rapids/Iowa City, IA: The Eastern Iowa",31.00,9.00,3.58,1.00,3.00,0.00,1.42,0.00,0.00,315.00,129.00,37.00,58.00,0.00,91.00
2025,5,DL,Delta Air Lines Network,CLE,"Cleveland, OH: Cleveland-Hopkins International",380.00,99.00,49.56,1.57,25.56,0.00,22.31,0.00,0.00,6769.00,4307.00,117.00,955.00,0.00,1390.00
2025,5,DL,Delta Air Lines Network,CLT,"Charlotte, NC: Charlotte Douglas International",591.00,134.00,54.09,0.38,35.31,0.00,44.22,0.00,2.00,8833.00,3996.00,37.00,1788.00,0.00,3012.00
2025,5,DL,Delta Air Lines Network,CMH,"Columbus, OH: John Glenn Columbus International",360.00,90.00,43.22,2.06,22.53,0.00,22.19,0.00,0.00,5094.00,2443.00,182.00,822.00,0.00,1647.00
2025,5,DL,Delta Air Lines Network,COS,"Colorado Springs, CO: City of Colorado Springs Municipal",47.00,8.00,2.94,0.00,4.44,0.00,0.62,0.00,0.00,366.00,182.00,0.00,136.00,0.00,48.00
2025,5,DL,Delta Air Lines Network,CVG,"Cincinnati, OH: Cincinnati/Northern Kentucky International",644.00,143.00,56.68,7.02,34.48,0.00,44.81,0.00,0.00,10152.00,4769.00,1338.00,1399.00,0.00,2646.00
2025,5,DL,Delta Air Lines Network,DAB,"Daytona Beach, FL: Daytona Beach International",149.00,32.00,14.27,0.77,8.36,0.00,8.60,0.00,2.00,2172.00,1051.00,117.00,513.00,0.00,491.00
2025,5,DL,Delta Air Lines Network,DAL,"Dallas, TX: Dallas Love Field",166.00,51.00,22.95,1.45,12.11,0.00,14.49,1.00,2.00,2793.00,1362.00,147.00,523.00,0.00,761.00
2025,5,DL,Delta Air Lines Network,DAY,"Dayton, OH: James M Cox/Dayton International",118.00,26.00,12.22,1.25,5.53,0.00,7.01,0.00,0.00,1500.00,726.00,78.00,209.00,0.00,487.00
2025,5,DL,Delta Air Lines Network,DCA,"Washington, DC: Ronald Reagan Washington National",809.00,254.00,85.92,6.96,130.03,0.00,31.10,4.00,9.00,16742.00,5913.00,336.00,7369.00,0.00,3124.00
2025,5,DL,Delta Air Lines Network,DEN,"Denver, CO: Denver International",1022.00,319.00,90.90,2.61,169.79,0.00,55.70,2.00,5.00,20350.00,6014.00,204.00,10169.00,0.00,3963.00
2025,5,DL,Delta Air Lines Network,DFW,"Dallas/Fort Worth, TX: Dallas/Fort Worth International",1052.00,344.00,102.67,3.78,164.06,0.90,72.59,7.00,17.00,26071.00,9126.00,1145.00,10398.00,37.00,5365.00
2025,5,DL,Delta Air Lines Network,DSM,"Des Moines, IA: Des Moines International",118.00,30.00,12.10,1.79,5.35,0.00,10.77,0.00,0.00,1611.00,629.00,215.00,167.00,0.00,600.00
2025,5,DL,Delta Air Lines Network,DTW,"Detroit, MI: Detroit Metro Wayne County",5267.00,965.00,295.50,30.26,239.45,1.39,398.40,6.00,2.00,71815.00,28610.00,3484.00,9101.00,117.00,30503.00
2025,5,DL,Delta Air Lines Network,ECP,"Panama City, FL: Northwest Florida Beaches International",203.00,52.00,23.83,0.31,11.72,0.00,16.13,1.00,0.00,2729.00,1333.00,62.00,399.00,0.00,935.00
2025,5,DL,Delta Air Lines Network,ELP,"El Paso, TX: El Paso International",62.00,16.00,5.77,0.12,7.12,0.00,2.99,0.00,0.00,868.00,394.00,9.00,372.00,0.00,93.00
2025,5,DL,Delta Air Lines Network,EWR,"Newark, NJ: Newark Liberty International",537.00,331.00,45.73,3.76,258.11,0.00,23.40,10.00,1.00,34694.00,3731.00,345.00,28823.00,0.00,1795.00
2025,5,DL,Delta Air Lines Network,EYW,"Key West, FL: Key West International",126.00,25.00,9.45,0.06,10.50,0.00,4.99,0.00,0.00,1294.00,535.00,4.00,494.00,0.00,261.00
2025,5,DL,Delta Air Lines Network,FAI,"Fairbanks, AK: Fairbanks International",31.00,13.00,4.79,0.00,2.15,0.00,6.06,1.00,0.00,801.00,342.00,0.00,122.00,0.00,337.00
2025,5,DL,Delta Air Lines Network,FAR,"Fargo, ND: Hector International",62.00,12.00,4.84,0.00,0.39,0.00,6.77,1.00,0.00,1171.00,810.00,0.00,65.00,0.00,296.00
2025,5,DL,Delta Air Lines Network,FAT,"Fresno, CA: Fresno Yosemite International",31.00,12.00,6.07,0.00,5.11,0.00,0.82,0.00,0.00,1140.00,962.00,0.00,133.00,0.00,45.00
2025,5,DL,Delta Air Lines Network,FAY,"Fayetteville, NC: Fayetteville Regional/Grannis Field",13.00,8.00,4.92,0.00,0.00,0.00,3.08,0.00,0.00,380.00,246.00,0.00,0.00,0.00,134.00
2025,5,DL,Delta Air Lines Network,FCA,"Kalispell, MT: Glacier Park International",62.00,5.00,4.00,0.00,1.00,0.00,0.00,0.00,2.00,188.00,169.00,0.00,19.00,0.00,0.00
2025,5,DL,Delta Air Lines Network,FLL,"Fort Lauderdale, FL: Fort Lauderdale-Hollywood International",1076.00,261.00,84.46,5.27,103.95,0.00,67.32,3.00,3.00,15787.00,6163.00,574.00,4410.00,0.00,4640.00
2025,5,DL,Delta Air Lines Network,FSD,"Sioux Falls, SD: Joe Foss Field",62.00,20.00,10.40,0.81,2.73,0.00,6.05,0.00,0.00,1268.00,502.00,52.00,128.00,0.00,586.00
2025,5,DL,Delta Air Lines Network,GEG,"Spokane, WA: Spokane International",251.00,47.00,27.70,1.82,7.00,0.00,10.49,1.00,1.00,2740.00,1836.00,87.00,173.00,0.00,644.00
2025,5,DL,Delta Air Lines Network,GNV,"Gainesville, FL: Gainesville Regional",148.00,26.00,12.33,0.00,3.52,0.00,10.15,0.00,0.00,1753.00,754.00,0.00,294.00,0.00,705.00
2025,5,DL,Delta Air Lines Network,GPT,"Gulfport/Biloxi, MS: Gulfport-Biloxi International",118.00,30.00,15.05,0.03,3.12,0.00,11.80,0.00,1.00,2306.00,1349.00,7.00,145.00,0.00,805.00
2025,5,DL,Delta Air Lines Network,GRB,"Green Bay, WI: Green Bay Austin Straubel International",31.00,9.00,4.35,0.52,1.84,0.00,2.29,0.00,0.00,408.00,156.00,27.00,53.00,0.00,172.00
2025,5,DL,Delta Air Lines Network,GRR,"Grand Rapids, MI: Gerald R. Ford International",225.00,45.00,21.11,0.83,9.71,0.00,13.34,0.00,0.00,3556.00,2209.00,38.00,479.00,0.00,830.00
2025,5,DL,Delta Air Lines Network,GSO,"Greensboro/High Point, NC: Piedmont Triad International",226.00,57.00,31.39,1.61,5.54,0.00,18.46,0.00,0.00,3956.00,2766.00,136.00,196.00,0.00,858.00
2025,5,DL,Delta Air Lines Network,GSP,"Greer, SC: Greenville-Spartanburg International",251.00,57.00,27.45,1.99,11.07,0.00,16.49,0.00,0.00,4624.00,2914.00,156.00,612.00,0.00,942.00
2025,5,DL,Delta Air Lines Network,HNL,"Honolulu, HI: Daniel K Inouye International",310.00,35.00,15.20,0.40,12.86,0.00,6.54,1.00,1.00,2198.00,1490.00,40.00,420.00,0.00,248.00
2025,5,DL,Delta Air Lines Network,HOU,"Houston, TX: William P Hobby",141.00,40.00,15.36,0.00,9.63,0.00,15.01,0.00,0.00,1858.00,716.00,0.00,395.00,0.00,747.00
2025,5,DL,Delta Air Lines Network,HPN,"White Plains, NY: Westchester County",62.00,20.00,5.72,0.94,8.13,0.00,5.21,0.00,2.00,724.00,245.00,32.00,214.00,0.00,233.00
2025,5,DL,Delta Air Lines Network,HRL,"Harlingen/San Benito, TX: Valley International",5.00,0.00,0.00,0.00,0.00,0.00,0.00,0.00,0.00,0.00,0.00,0.00,0.00,0.00,0.00
2025,5,DL,Delta Air Lines Network,HSV,"Huntsville, AL: Huntsville International-Carl T Jones Field",228.00,58.00,30.05,2.26,9.53,0.00,16.16,1.00,1.00,2946.00,1589.00,140.00,408.00,0.00,809.00
2025,5,DL,Delta Air Lines Network,IAD,"Washington, DC: Washington Dulles International",260.00,75.00,39.49,0.21,17.52,0.00,17.79,0.00,2.00,5230.00,3370.00,26.00,583.00,0.00,1251.00
2025,5,DL,Delta Air Lines Network,IAH,"Houston, TX: George Bush Intercontinental/Houston",687.00,205.00,84.37,2.20,74.36,0.00,44.07,4.00,6.00,16336.00,9148.00,112.00,3707.00,0.00,3369.00
2025,5,DL,Delta Air Lines Network,ICT,"Wichita, KS: Wichita Dwight D Eisenhower National",87.00,19.00,6.44,0.85,4.20,0.00,7.51,0.00,1.00,1360.00,870.00,23.00,113.00,0.00,354.00
2025,5,DL,Delta Air Lines Network,IDA,"Idaho Falls, ID: Idaho Falls Regional",31.00,16.00,8.63,0.00,1.23,0.00,6.14,0.00,0.00,1106.00,823.00,0.00,29.00,0.00,254.00
2025,5,DL,Delta Air Lines Network,ILM,"Wilmington, NC: Wilmington International",66.00,24.00,10.37,1.25,2.33,0.00,10.05,0.00,0.00,1231.00,409.00,88.00,109.00,0.00,625.00
2025,5,DL,Delta Air Lines Network,IND,"Indianapolis, IN: Indianapolis International",401.00,68.00,33.98,0.87,12.81,0.00,20.35,1.00,0.00,3249.00,1601.00,50.00,587.00,0.00,1011.00
2025,5,DL,Delta Air Lines Network,JAC,"Jackson, WY: Jackson Hole",93.00,13.00,9.10,0.00,1.93,0.00,1.96,0.00,1.00,517.00,400.00,0.00,47.00,0.00,70.00
2025,5,DL,Delta Air Lines Network,JAN,"Jackson/Vicksburg, MS: Jackson Medgar Wiley Evers International",194.00,46.00,18.51,1.38,11.26,0.00,14.85,1.00,1.00,2056.00,818.00,73.00,351.00,0.00,814.00
2025,5,DL,Delta Air Lines Network,JAX,"Jacksonville, FL: Jacksonville International",457.00,114.00,60.93,2.67,25.16,0.00,25.24,3.00,3.00,7235.00,3968.00,558.00,1396.00,0.00,1313.00
2025,5,DL,Delta Air Lines Network,JFK,"New York, NY: John F. Kennedy International",2657.00,629.00,159.34,23.55,302.21,1.00,142.90,5.00,11.00,47372.00,16382.00,2920.00,17421.00,72.00,10577.00
2025,5,DL,Delta Air Lines Network,KOA,"Kona, HI: Ellison Onizuka Kona International at Keahole",62.00,3.00,1.68,0.00,0.00,0.00,1.32,0.00,0.00,199.00,96.00,0.00,0.00,0.00,103.00
2025,5,DL,Delta Air Lines Network,LAS,"Las Vegas, NV: Harry Reid International",1444.00,258.00,92.63,3.80,89.45,0.00,72.12,1.00,0.00,14193.00,5641.00,275.00,3679.00,0.00,4598.00
2025,5,DL,Delta Air Lines Network,LAX,"Los Angeles, CA: Los Angeles International",3271.00,570.00,224.31,19.55,146.96,0.92,178.26,6.00,3.00,41032.00,20470.00,1595.00,6081.00,56.00,12830.00
2025,5,DL,Delta Air Lines Network,LEX,"Lexington, KY: Blue Grass",197.00,54.00,21.55,2.65,6.01,0.42,23.36,0.00,0.00,3102.00,1100.00,348.00,270.00,47.00,1337.00
2025,5,DL,Delta Air Lines Network,LGA,"New York, NY: LaGuardia",2453.00,724.00,190.97,25.21,312.24,0.00,195.58,27.00,21.00,64047.00,18807.00,3143.00,24502.00,0.00,17595.00
2025,5,DL,Delta Air Lines Network,LGB,"Long Beach, CA: Long Beach Airport",31.00,5.00,3.91,0.00,0.09,0.00,1.00,0.00,0.00,418.00,376.00,0.00,5.00,0.00,37.00
2025,5,DL,Delta Air Lines Network,LIH,"Lihue, HI: Lihue Airport",62.00,10.00,2.84,0.00,3.35,0.00,3.80,0.00,0.00,340.00,118.00,0.00,72.00,0.00,150.00
2025,5,DL,Delta Air Lines Network,LIT,"Little Rock, AR: Bill and Hillary Clinton Nat Adams Field",189.00,51.00,20.86,0.57,12.67,0.00,16.90,0.00,0.00,2581.00,1228.00,12.00,475.00,0.00,866.00
2025,5,DL,Delta Air Lines Network,MCI,"Kansas City, MO: Kansas City International",729.00,163.00,68.08,3.68,40.57,0.00,50.67,1.00,2.00,10204.00,5317.00,202.00,1563.00,0.00,3122.00
2025,5,DL,Delta Air Lines Network,MCO,"Orlando, FL: Orlando International",1768.00,523.00,168.60,8.04,224.45,1.00,120.91,3.00,31.00,34411.00,12822.00,1280.00,11813.00,51.00,8445.00
2025,5,DL,Delta Air Lines Network,MDT,"Harrisburg, PA: Harrisburg International",83.00,17.00,8.33,1.09,4.07,0.00,3.52,0.00,0.00,1087.00,691.00,27.00,128.00,0.00,241.00
2025,5,DL,Delta Air Lines Network,MDW,"Chicago, IL: Chicago Midway International",141.00,30.00,14.03,0.00,9.66,0.00,6.31,0.00,1.00,1353.00,555.00,0.00,349.00,0.00,449.00
2025,5,DL,Delta Air Lines Network,MEM,"Memphis, TN: Memphis International",387.00,90.00,47.00,2.85,20.14,0.00,20.02,0.00,0.00,6140.00,3707.00,209.00,909.00,0.00,1315.00
2025,5,DL,Delta Air Lines Network,MIA,"Miami, FL: Miami International",951.00,224.00,82.80,2.75,85.45,0.47,52.52,1.00,2.00,16565.00,6375.00,778.00,4521.00,28.00,4863.00
2025,5,DL,Delta Air Lines Network,MKE,"Milwaukee, WI: General Mitchell International",381.00,72.00,34.21,1.69,14.95,0.00,21.15,0.00,1.00,4522.00,2577.00,98.00,561.00,0.00,1286.00
2025,5,DL,Delta Air Lines Network,MLB,"Melbourne, FL: Melbourne Orlando International",118.00,29.00,15.17,1.04,4.83,0.00,7.95,0.00,0.00,1780.00,989.00,30.00,177.00,0.00,584.00
2025,5,DL,Delta Air Lines Network,MSN,"Madison, WI: Dane County Regional-Truax Field",151.00,40.00,21.63,1.00,5.30,0.00,12.07,0.00,1.00,2774.00,1659.00,56.00,216.00,0.00,843.00
2025,5,DL,Delta Air Lines Network,MSO,"Missoula, MT: Missoula Montana",62.00,9.00,4.00,0.96,0.00,0.00,4.04,0.00,1.00,556.00,304.00,89.00,0.00,0.00,163.00
2025,5,DL,Delta Air Lines Network,MSP,"Minneapolis, MN: Minneapolis-St Paul International",5992.00,1117.00,260.92,37.24,412.26,0.33,406.25,13.00,11.00,95518.00,27796.00,5545.00,24520.00,104.00,37553.00
2025,5,DL,Delta Air Lines Network,MSY,"New Orleans, LA: Louis Armstrong New Orleans International",689.00,165.00,71.29,4.34,53.10,0.00,36.27,1.00,3.00,9406.00,4838.00,271.00,2206.00,0.00,2091.00
2025,5,DL,Delta Air Lines Network,MYR,"Myrtle Beach, SC: Myrtle Beach International",235.00,50.00,27.83,4.06,8.69,0.00,9.42,0.00,0.00,2868.00,1228.00,867.00,318.00,0.00,455.00
2025,5,DL,Delta Air Lines Network,OAK,"Oakland, CA: Metro Oakland International",31.00,6.00,3.08,0.00,0.58,0.00,2.34,0.00,0.00,167.00,92.00,0.00,16.00,0.00,59.00
2025,5,DL,Delta Air Lines Network,OGG,"Kahului, HI: Kahului Airport",93.00,5.00,3.62,0.00,0.06,0.00,1.31,0.00,0.00,242.00,196.00,0.00,2.00,0.00,44.00
2025,5,DL,Delta Air Lines Network,OKC,"Oklahoma City, OK: Will Rogers World",148.00,42.00,15.92,2.26,8.79,0.00,15.03,0.00,0.00,2546.00,873.00,139.00,332.00,0.00,1202.00
2025,5,DL,Delta Air Lines Network,OMA,"Omaha, NE: Eppley Airfield",153.00,39.00,19.42,2.93,5.38,0.00,11.28,0.00,0.00,3117.00,1341.00,750.00,185.00,0.00,841.00
2025,5,DL,Delta Air Lines Network,ONT,"Ontario, CA: Ontario International",163.00,31.00,7.64,1.15,13.60,0.00,8.61,0.00,0.00,1346.00,449.00,101.00,413.00,0.00,383.00
2025,5,DL,Delta Air Lines Network,ORD,"Chicago, IL: Chicago O'Hare International",1105.00,270.00,104.78,2.03,98.63,0.00,64.55,8.00,2.00,23080.00,10482.00,86.00,6415.00,0.00,6097.00
2025,5,DL,Delta Air Lines Network,ORF,"Norfolk, VA: Norfolk International",228.00,65.00,32.80,2.26,17.71,0.00,12.23,0.00,0.00,3973.00,2322.00,244.00,781.00,0.00,626.00
2025,5,DL,Delta Air Lines Network,PBI,"West Palm Beach/Palm Beach, FL: Palm Beach International",616.00,194.00,72.46,4.62,58.45,0.00,58.47,4.00,3.00,12535.00,4546.00,358.00,2803.00,0.00,4828.00
2025,5,DL,Delta Air Lines Network,PDX,"Portland, OR: Portland International",637.00,95.00,44.79,1.02,24.93,0.00,24.26,0.00,0.00,6274.00,4211.00,113.00,737.00,0.00,1213.00
2025,5,DL,Delta Air Lines Network,PHL,"Philadelphia, PA: Philadelphia International",563.00,120.00,46.57,1.32,53.56,0.00,18.55,0.00,1.00,8290.00,3952.00,83.00,3282.00,0.00,973.00
2025,5,DL,Delta Air Lines Network,PHX,"Phoenix, AZ: Phoenix Sky Harbor International",908.00,169.00,59.70,3.06,58.15,0.00,48.08,0.00,2.00,9238.00,4203.00,154.00,1969.00,0.00,2912.00
2025,5,DL,Delta Air Lines Network,PIT,"Pittsburgh, PA: Pittsburgh International",363.00,78.00,36.62,1.13,24.20,0.00,16.05,0.00,1.00,4987.00,2921.00,116.00,957.00,0.00,993.00
2025,5,DL,Delta Air Lines Network,PNS,"Pensacola, FL: Pensacola International",257.00,69.00,36.34,0.48,16.96,0.00,15.22,0.00,0.00,3594.00,1808.00,17.00,748.00,0.00,1021.00
2025,5,DL,Delta Air Lines Network,PSC,"Pasco/Kennewick/Richland, WA: Tri Cities",57.00,12.00,8.45,0.00,1.88,0.00,1.67,0.00,0.00,733.00,513.00,0.00,66.00,0.00,154.00
2025,5,DL,Delta Air Lines Network,PSP,"Palm Springs, CA: Palm Springs International",24.00,5.00,0.00,0.00,5.00,0.00,0.00,0.00,0.00,125.00,0.00,0.00,125.00,0.00,0.00
2025,5,DL,Delta Air Lines Network,PVD,"Providence, RI: Rhode Island Tf Green International",92.00,29.00,14.09,0.32,6.23,0.00,8.36,1.00,0.00,1531.00,714.00,39.00,412.00,0.00,366.00
2025,5,DL,Delta Air Lines Network,PWM,"Portland, ME: Portland International Jetport",84.00,21.00,11.37,1.60,2.62,0.00,5.41,0.00,0.00,984.00,522.00,58.00,79.00,0.00,325.00
2025,5,DL,Delta Air Lines Network,RAP,"Rapid City, SD: Rapid City Regional",2.00,0.00,0.00,0.00,0.00,0.00,0.00,0.00,0.00,0.00,0.00,0.00,0.00,0.00,0.00
2025,5,DL,Delta Air Lines Network,RDU,"Raleigh/Durham, NC: Raleigh-Durham International",1011.00,213.00,76.28,7.30,50.65,0.00,78.78,2.00,0.00,13401.00,5196.00,530.00,2035.00,0.00,5640.00
2025,5,DL,Delta Air Lines Network,RIC,"Richmond, VA: Richmond International",278.00,60.00,27.84,2.12,10.26,1.00,18.79,0.00,0.00,3705.00,2007.00,201.00,430.00,46.00,1021.00
2025,5,DL,Delta Air Lines Network,RNO,"Reno, NV: Reno/Tahoe International",93.00,22.00,9.19,1.00,6.47,0.69,4.66,0.00,0.00,909.00,439.00,47.00,227.00,44.00,152.00
2025,5,DL,Delta Air Lines Network,ROA,"Roanoke, VA: Roanoke Blacksburg Regional",31.00,9.00,1.99,0.17,3.24,0.00,3.60,0.00,1.00,371.00,135.00,15.00,133.00,0.00,88.00
2025,5,DL,Delta Air Lines Network,ROC,"Rochester, NY: Frederick Douglass Grtr Rochester International",91.00,35.00,16.60,1.92,7.29,0.00,9.19,1.00,0.00,1605.00,748.00,123.00,235.00,0.00,499.00
2025,5,DL,Delta Air Lines Network,RSW,"Fort Myers, FL: Southwest Florida International",620.00,118.00,48.95,1.38,41.37,0.00,26.31,2.00,1.00,6237.00,3358.00,83.00,1614.00,0.00,1182.00
2025,5,DL,Delta Air Lines Network,SAN,"San Diego, CA: San Diego International",845.00,163.00,61.55,2.00,59.37,0.00,40.08,1.00,2.00,7958.00,3994.00,78.00,1697.00,0.00,2189.00
2025,5,DL,Delta Air Lines Network,SAT,"San Antonio, TX: San Antonio International",618.00,163.00,69.69,1.99,54.06,0.00,37.26,2.00,1.00,9771.00,4403.00,77.00,1999.00,0.00,3292.00
2025,5,DL,Delta Air Lines Network,SAV,"Savannah, GA: Savannah/Hilton Head International",332.00,77.00,32.55,2.78,26.55,0.00,15.12,1.00,4.00,5673.00,2893.00,274.00,1616.00,0.00,890.00
2025,5,DL,Delta Air Lines Network,SBA,"Santa Barbara, CA: Santa Barbara Municipal",42.00,16.00,9.53,0.00,0.82,0.00,5.66,0.00,0.00,930.00,519.00,0.00,50.00,0.00,361.00
2025,5,DL,Delta Air Lines Network,SDF,"Louisville, KY: Louisville Muhammad Ali International",229.00,61.00,25.93,0.55,17.30,1.00,16.23,0.00,1.00,3911.00,1659.00,30.00,967.00,19.00,1236.00
2025,5,DL,Delta Air Lines Network,SEA,"Seattle, WA: Seattle/Tacoma International",2753.00,396.00,133.61,16.16,93.89,0.96,151.38,7.00,0.00,28519.00,10261.00,2608.00,4159.00,174.00,11317.00
2025,5,DL,Delta Air Lines Network,SFO,"San Francisco, CA: San Francisco International",1139.00,226.00,87.17,3.47,90.90,0.00,44.45,1.00,2.00,12914.00,6464.00,334.00,3637.00,0.00,2479.00
2025,5,DL,Delta Air Lines Network,SJC,"San Jose, CA: Norman Y. Mineta San Jose International",227.00,46.00,20.10,0.00,12.91,0.00,12.98,0.00,0.00,2472.00,1590.00,0.00,362.00,0.00,520.00
2025,5,DL,Delta Air Lines Network,SJU,"San Juan, PR: Luis Munoz Marin International",312.00,74.00,32.72,2.01,26.87,0.00,12.41,0.00,0.00,3657.00,1706.00,178.00,1188.00,0.00,585.00
2025,5,DL,Delta Air Lines Network,SLC,"Salt Lake City, UT: Salt Lake City International",4755.00,711.00,245.83,30.70,146.86,0.00,287.61,3.00,2.00,50514.00,22427.00,2789.00,5128.00,0.00,20170.00
2025,5,DL,Delta Air Lines Network,SMF,"Sacramento, CA: Sacramento International",329.00,63.00,31.14,0.00,16.91,0.00,14.96,1.00,0.00,3042.00,1610.00,0.00,500.00,0.00,932.00
2025,5,DL,Delta Air Lines Network,SNA,"Santa Ana, CA: John Wayne Airport-Orange County",375.00,85.00,39.10,1.34,27.88,0.00,16.68,1.00,2.00,5031.00,2922.00,80.00,891.00,0.00,1138.00
2025,5,DL,Delta Air Lines Network,SRQ,"Sarasota/Bradenton, FL: Sarasota/Bradenton International",251.00,60.00,22.64,1.92,22.02,0.00,13.42,1.00,0.00,3438.00,1683.00,119.00,940.00,0.00,696.00
2025,5,DL,Delta Air Lines Network,STL,"St. Louis, MO: St Louis Lambert International",483.00,85.00,47.17,0.06,17.99,0.00,19.77,0.00,0.00,5113.00,3186.00,11.00,646.00,0.00,1270.00
2025,5,DL,Delta Air Lines Network,STT,"Charlotte Amalie, VI: Cyril E King",92.00,16.00,4.27,0.34,10.86,0.00,0.53,0.00,0.00,696.00,192.00,23.00,471.00,0.00,10.00
2025,5,DL,Delta Air Lines Network,STX,"Christiansted, VI: Henry E. Rohlsen",5.00,3.00,1.63,0.00,1.37,0.00,0.00,0.00,0.00,167.00,104.00,0.00,63.00,0.00,0.00
2025,5,DL,Delta Air Lines Network,SYR,"Syracuse, NY: Syracuse Hancock International",121.00,29.00,13.61,0.00,9.28,0.00,6.11,0.00,0.00,1780.00,970.00,0.00,501.00,0.00,309.00
2025,5,DL,Delta Air Lines Network,TLH,"Tallahassee, FL: Tallahassee International",106.00,26.00,9.62,0.34,5.90,0.00,10.13,0.00,0.00,1639.00,442.00,60.00,306.00,0.00,831.00
2025,5,DL,Delta Air Lines Network,TPA,"Tampa, FL: Tampa International",1168.00,281.00,116.87,4.58,76.31,0.00,83.24,1.00,3.00,18069.00,8739.00,282.00,2911.00,0.00,6137.00
2025,5,DL,Delta Air Lines Network,TRI,"Bristol/Johnson City/Kingsport, TN: Tri Cities",34.00,10.00,5.02,0.00,3.70,0.00,1.27,0.00,0.00,1186.00,288.00,0.00,863.00,0.00,35.00
2025,5,DL,Delta Air Lines Network,TUL,"Tulsa, OK: Tulsa International",138.00,35.00,14.90,1.40,8.08,0.00,10.63,1.00,0.00,1797.00,864.00,74.00,272.00,0.00,587.00
2025,5,DL,Delta Air Lines Network,TUS,"Tucson, AZ: Tucson International",74.00,17.00,8.81,0.21,6.79,0.00,1.19,0.00,0.00,1638.00,1127.00,167.00,296.00,0.00,48.00
2025,5,DL,Delta Air Lines Network,TVC,"Traverse City, MI: Cherry Capital",33.00,13.00,5.94,0.77,1.58,0.00,4.70,0.00,0.00,673.00,320.00,27.00,86.00,0.00,240.00
2025,5,DL,Delta Air Lines Network,TYS,"Knoxville, TN: McGhee Tyson",157.00,38.00,19.10,1.53,6.77,0.00,10.60,0.00,2.00,1850.00,1052.00,32.00,201.00,0.00,565.00
2025,5,DL,Delta Air Lines Network,VPS,"Valparaiso, FL: Eglin AFB Destin Fort Walton Beach",259.00,62.00,25.87,1.60,13.88,0.00,20.64,1.00,0.00,3135.00,1172.00,83.00,598.00,0.00,1282.00
2025,5,DL,Delta Air Lines Network,XNA,"Fayetteville, AR: Northwest Arkansas National",7.00,5.00,1.74,0.00,3.26,0.00,0.00,0.00,0.00,193.00,134.00,0.00,59.00,0.00,0.00
2025,5,F9,Frontier Airlines,ATL,"Atlanta, GA: Hartsfield-Jackson Atlanta International",1274.00,534.00,102.14,10.99,175.71,0.00,245.16,20.00,2.00,48550.00,8009.00,2487.00,10286.00,0.00,27768.00
2025,5,F9,Frontier Airlines,AUS,"Austin, TX: Austin - Bergstrom International",141.00,41.00,10.79,2.65,9.82,0.00,17.73,1.00,1.00,3922.00,1093.00,243.00,571.00,0.00,2015.00
2025,5,F9,Frontier Airlines,BDL,"Hartford, CT: Bradley International",63.00,14.00,4.03,1.33,4.81,0.00,3.83,0.00,0.00,1061.00,202.00,373.00,267.00,0.00,219.00
2025,5,F9,Frontier Airlines,BNA,"Nashville, TN: Nashville International",56.00,22.00,4.30,1.17,7.33,0.00,9.20,1.00,1.00,1618.00,280.00,113.00,367.00,0.00,858.00
2025,5,F9,Frontier Airlines,BOI,"Boise, ID: Boise Air Terminal",7.00,1.00,1.00,0.00,0.00,0.00,0.00,0.00,0.00,22.00,22.00,0.00,0.00,0.00,0.00
2025,5,F9,Frontier Airlines,BOS,"Boston, MA: Logan International",88.00,12.00,4.59,1.00,3.12,0.00,3.29,2.00,1.00,980.00,611.00,22.00,92.00,0.00,255.00
2025,5,F9,Frontier Airlines,BQN,"Aguadilla, PR: Rafael Hernandez",33.00,9.00,1.16,4.29,0.00,0.00,3.55,1.00,0.00,466.00,35.00,222.00,0.00,0.00,209.00
2025,5,F9,Frontier Airlines,BTV,"Burlington, VT: Burlington International",3.00,0.00,0.00,0.00,0.00,0.00,0.00,0.00,0.00,0.00,0.00,0.00,0.00,0.00,0.00
2025,5,F9,Frontier Airlines,BUF,"Buffalo, NY: Buffalo Niagara International",79.00,15.00,3.46,0.00,1.71,0.00,9.84,0.00,0.00,810.00,190.00,0.00,69.00,0.00,551.00
2025,5,F9,Frontier Airlines,BUR,"Burbank, CA: Bob Hope",18.00,4.00,1.34,0.00,0.33,0.00,2.33,0.00,0.00,415.00,137.00,0.00,23.00,0.00,255.00
2025,5,F9,Frontier Airlines,BWI,"Baltimore, MD: Baltimore/Washington International Thurgood Marshall",243.00,85.00,23.37,2.65,25.54,0.00,33.44,4.00,2.00,6899.00,2133.00,187.00,1474.00,0.00,3105.00
2025,5,F9,Frontier Airlines,CHS,"Charleston, SC: Charleston AFB/International",9.00,0.00,0.00,0.00,0.00,0.00,0.00,0.00,0.00,0.00,0.00,0.00,0.00,0.00,0.00
2025,5,F9,Frontier Airlines,CID,"Cedar Rapids/Iowa City, IA: The Eastern Iowa",13.00,5.00,1.21,1.00,0.02,0.00,2.77,1.00,0.00,854.00,363.00,149.00,7.00,0.00,335.00
2025,5,F9,Frontier Airlines,CLE,"Cleveland, OH: Cleveland-Hopkins International",513.00,105.00,28.76,3.99,19.36,0.00,52.89,1.00,0.00,8185.00,2651.00,283.00,717.00,0.00,4534.00
2025,5,F9,Frontier Airlines,CLT,"Charlotte, NC: Charlotte Douglas International",199.00,59.00,17.32,2.94,12.82,0.00,25.93,4.00,0.00,4265.00,1376.00,126.00,651.00,0.00,2112.00
2025,5,F9,Frontier Airlines,CMH,"Columbus, OH: John Glenn Columbus International",16.00,5.00,0.71,1.00,0.00,0.00,3.29,1.00,0.00,251.00,17.00,66.00,0.00,0.00,168.00
2025,5,F9,Frontier Airlines,CVG,"Cincinnati, OH: Cincinnati/Northern Kentucky International",274.00,70.00,19.67,2.04,13.94,0.00,34.35,0.00,0.00,7285.00,2696.00,152.00,686.00,0.00,3751.00
2025,5,F9,Frontier Airlines,DCA,"Washington, DC: Ronald Reagan Washington National",92.00,24.00,6.92,1.67,10.46,0.00,4.96,1.00,1.00,1033.00,154.00,181.00,398.00,0.00,300.00
2025,5,F9,Frontier Airlines,DEN,"Denver, CO: Denver International",1784.00,545.00,111.61,13.09,243.07,0.00,177.23,27.00,6.00,52004.00,11994.00,1110.00,18722.00,0.00,20178.00
2025,5,F9,Frontier Airlines,DFW,"Dallas/Fort Worth, TX: Dallas/Fort Worth International",696.00,238.00,49.36,7.45,85.95,0.00,95.24,10.00,3.00,26133.00,5779.00,1345.00,5822.00,0.00,13187.00
2025,5,F9,Frontier Airlines,DSM,"Des Moines, IA: Des Moines International",11.00,2.00,0.95,0.08,0.55,0.00,0.41,0.00,0.00,107.00,21.00,7.00,44.00,0.00,35.00
2025,5,F9,Frontier Airlines,DTW,"Detroit, MI: Detroit Metro Wayne County",178.00,47.00,17.94,1.79,5.31,0.00,21.97,0.00,0.00,4261.00,1815.00,292.00,426.00,0.00,1728.00
2025,5,F9,Frontier Airlines,ELP,"El Paso, TX: El Paso International",48.00,7.00,3.56,0.00,0.00,0.00,3.44,1.00,0.00,370.00,178.00,0.00,0.00,0.00,192.00
2025,5,F9,Frontier Airlines,EWR,"Newark, NJ: Newark Liberty International",93.00,51.00,10.66,0.46,31.24,0.00,8.64,2.00,0.00,4441.00,739.00,16.00,2183.00,0.00,1503.00
2025,5,F9,Frontier Airlines,FAR,"Fargo, ND: Hector International",12.00,4.00,0.47,0.00,0.64,0.00,2.89,0.00,0.00,248.00,27.00,0.00,31.00,0.00,190.00
2025,5,F9,Frontier Airlines,FLL,"Fort Lauderdale, FL: Fort Lauderdale-Hollywood International",130.00,38.00,10.11,0.28,9.92,0.00,17.69,0.00,0.00,3637.00,593.00,165.00,618.00,0.00,2261.00
2025,5,F9,Frontier Airlines,FSD,"Sioux Falls, SD: Joe Foss Field",12.00,5.00,3.60,0.00,1.40,0.00,0.00,0.00,0.00,201.00,128.00,0.00,73.00,0.00,0.00
2025,5,F9,Frontier Airlines,GEG,"Spokane, WA: Spokane International",5.00,1.00,0.66,0.00,0.34,0.00,0.00,0.00,0.00,29.00,19.00,0.00,10.00,0.00,0.00
2025,5,F9,Frontier Airlines,GRB,"Green Bay, WI: Green Bay Austin Straubel International",6.00,1.00,0.00,0.16,0.09,0.00,0.75,0.00,0.00,114.00,0.00,18.00,10.00,0.00,86.00
2025,5,F9,Frontier Airlines,GRR,"Grand Rapids, MI: Gerald R. Ford International",32.00,10.00,2.30,1.52,3.97,0.00,2.21,0.00,0.00,764.00,245.00,119.00,164.00,0.00,236.00
2025,5,F9,Frontier Airlines,IAD,"Washington, DC: Washington Dulles International",134.00,44.00,13.37,1.68,16.65,0.00,12.30,1.00,0.00,2975.00,955.00,47.00,807.00,0.00,1166.00
2025,5,F9,Frontier Airlines,IAH,"Houston, TX: George Bush Intercontinental/Houston",315.00,95.00,24.02,1.15,34.00,0.00,35.83,2.00,1.00,7123.00,1377.00,131.00,2666.00,0.00,2949.00
2025,5,F9,Frontier Airlines,IND,"Indianapolis, IN: Indianapolis International",84.00,16.00,5.93,0.05,5.56,0.00,4.46,1.00,0.00,955.00,251.00,10.00,205.00,0.00,489.00
2025,5,F9,Frontier Airlines,ISP,"Islip, NY: Long Island MacArthur",124.00,34.00,6.53,0.46,6.04,0.00,20.97,2.00,0.00,2532.00,490.00,27.00,228.00,0.00,1787.00
2025,5,F9,Frontier Airlines,JAX,"Jacksonville, FL: Jacksonville International",38.00,8.00,1.28,0.87,2.42,0.00,3.43,0.00,0.00,342.00,42.00,13.00,97.00,0.00,190.00
2025,5,F9,Frontier Airlines,JFK,"New York, NY: John F. Kennedy International",278.00,84.00,30.17,4.67,26.31,0.00,22.86,0.00,0.00,6631.00,3304.00,267.00,1246.00,0.00,1814.00
2025,5,F9,Frontier Airlines,LAS,"Las Vegas, NV: Harry Reid International",1095.00,299.00,75.44,11.32,63.65,0.00,148.59,9.00,0.00,29350.00,8069.00,2253.00,3031.00,0.00,15997.00
2025,5,F9,Frontier Airlines,LAX,"Los Angeles, CA: Los Angeles International",441.00,115.00,43.82,1.04,27.07,0.00,43.07,5.00,1.00,7366.00,3532.00,68.00,961.00,0.00,2805.00
2025,5,F9,Frontier Airlines,LGA,"New York, NY: LaGuardia",216.00,82.00,16.34,2.95,39.39,0.00,23.32,6.00,1.00,7492.00,1099.00,301.00,3941.00,0.00,2151.00
2025,5,F9,Frontier Airlines,LIT,"Little Rock, AR: Bill and Hillary Clinton Nat Adams Field",10.00,3.00,0.00,0.75,0.73,0.00,1.52,1.00,0.00,164.00,0.00,36.00,47.00,0.00,81.00
2025,5,F9,Frontier Airlines,MCI,"Kansas City, MO: Kansas City International",19.00,9.00,3.68,1.21,1.32,0.00,2.79,0.00,0.00,775.00,231.00,52.00,100.00,0.00,392.00
2025,5,F9,Frontier Airlines,MCO,"Orlando, FL: Orlando International",1444.00,464.00,82.91,8.35,129.46,0.00,243.27,9.00,11.00,39760.00,6726.00,854.00,7700.00,0.00,24480.00
2025,5,F9,Frontier Airlines,MDT,"Harrisburg, PA: Harrisburg International",10.00,3.00,1.02,0.00,0.14,0.00,1.84,0.00,0.00,217.00,67.00,0.00,6.00,0.00,144.00
2025,5,F9,Frontier Airlines,MDW,"Chicago, IL: Chicago Midway International",164.00,54.00,12.12,3.22,8.73,0.00,29.93,1.00,0.00,6829.00,2826.00,533.00,488.00,0.00,2982.00
2025,5,F9,Frontier Airlines,MEM,"Memphis, TN: Memphis International",9.00,1.00,0.80,0.00,0.20,0.00,0.00,0.00,0.00,51.00,41.00,0.00,10.00,0.00,0.00
2025,5,F9,Frontier Airlines,MIA,"Miami, FL: Miami International",312.00,98.00,26.33,2.44,26.70,0.00,42.53,3.00,0.00,9036.00,1280.00,1108.00,1236.00,0.00,5412.00
2025,5,F9,Frontier Airlines,MKE,"Milwaukee, WI: General Mitchell International",11.00,3.00,0.75,0.00,0.03,0.00,2.23,0.00,0.00,227.00,47.00,0.00,1.00,0.00,179.00
2025,5,F9,Frontier Airlines,MSN,"Madison, WI: Dane County Regional-Truax Field",9.00,4.00,0.08,0.94,0.56,0.00,2.42,0.00,0.00,349.00,2.00,76.00,53.00,0.00,218.00
2025,5,F9,Frontier Airlines,MSO,"Missoula, MT: Missoula Montana",1.00,1.00,1.00,0.00,0.00,0.00,0.00,0.00,0.00,16.00,16.00,0.00,0.00,0.00,0.00
2025,5,F9,Frontier Airlines,MSP,"Minneapolis, MN: Minneapolis-St Paul International",57.00,20.00,11.48,0.03,2.78,0.00,5.70,1.00,0.00,1422.00,512.00,6.00,235.00,0.00,669.00
2025,5,F9,Frontier Airlines,MSY,"New Orleans, LA: Louis Armstrong New Orleans International",47.00,15.00,3.08,0.76,3.13,0.00,8.03,0.00,0.00,998.00,201.00,22.00,131.00,0.00,644.00
2025,5,F9,Frontier Airlines,MYR,"Myrtle Beach, SC: Myrtle Beach International",46.00,11.00,3.01,0.00,2.64,0.00,5.35,0.00,0.00,790.00,242.00,0.00,110.00,0.00,438.00
2025,5,F9,Frontier Airlines,OKC,"Oklahoma City, OK: Will Rogers World",55.00,10.00,1.48,3.49,3.25,0.00,1.78,0.00,0.00,563.00,56.00,202.00,165.00,0.00,140.00
2025,5,F9,Frontier Airlines,OMA,"Omaha, NE: Eppley Airfield",19.00,10.00,0.31,1.70,0.53,0.00,7.46,1.00,0.00,463.00,9.00,93.00,30.00,0.00,331.00
2025,5,F9,Frontier Airlines,ONT,"Ontario, CA: Ontario International",200.00,39.00,14.16,1.27,5.99,0.00,17.58,2.00,0.00,2792.00,1308.00,113.00,227.00,0.00,1144.00
2025,5,F9,Frontier Airlines,ORD,"Chicago, IL: Chicago O'Hare International",246.00,102.00,24.36,4.09,19.44,0.00,54.12,0.00,0.00,11646.00,3083.00,1341.00,1067.00,0.00,6155.00
2025,5,F9,Frontier Airlines,ORF,"Norfolk, VA: Norfolk International",31.00,11.00,2.94,0.00,1.51,0.00,6.55,0.00,0.00,883.00,135.00,0.00,146.00,0.00,602.00
2025,5,F9,Frontier Airlines,PBI,"West Palm Beach/Palm Beach, FL: Palm Beach International",34.00,5.00,1.57,0.00,2.23,0.00,1.20,1.00,0.00,265.00,70.00,0.00,96.00,0.00,99.00
2025,5,F9,Frontier Airlines,PDX,"Portland, OR: Portland International",102.00,19.00,11.79,0.11,0.12,0.00,6.98,3.00,0.00,1133.00,724.00,14.00,3.00,0.00,392.00
2025,5,F9,Frontier Airlines,PHL,"Philadelphia, PA: Philadelphia International",751.00,297.00,56.60,7.81,66.49,0.00,166.10,8.00,0.00,28840.00,5210.00,1202.00,3876.00,0.00,18552.00
2025,5,F9,Frontier Airlines,PHX,"Phoenix, AZ: Phoenix Sky Harbor International",593.00,151.00,36.39,9.18,33.33,0.00,72.10,3.00,0.00,13658.00,2060.00,2345.00,1797.00,0.00,7456.00
2025,5,F9,Frontier Airlines,PIT,"Pittsburgh, PA: Pittsburgh International",31.00,5.00,2.38,0.70,0.09,0.00,1.83,1.00,0.00,403.00,200.00,46.00,6.00,0.00,151.00
2025,5,F9,Frontier Airlines,PNS,"Pensacola, FL: Pensacola International",12.00,2.00,1.00,0.00,0.00,0.00,1.00,0.00,0.00,151.00,88.00,0.00,0.00,0.00,63.00
2025,5,F9,Frontier Airlines,PSE,"Ponce, PR: Mercedita",19.00,1.00,1.00,0.00,0.00,0.00,0.00,0.00,0.00,48.00,48.00,0.00,0.00,0.00,0.00
2025,5,F9,Frontier Airlines,PSP,"Palm Springs, CA: Palm Springs International",9.00,0.00,0.00,0.00,0.00,0.00,0.00,0.00,0.00,0.00,0.00,0.00,0.00,0.00,0.00
2025,5,F9,Frontier Airlines,PWM,"Portland, ME: Portland International Jetport",16.00,4.00,0.90,0.02,0.56,0.00,2.51,0.00,0.00,270.00,35.00,2.00,40.00,0.00,193.00
2025,5,F9,Frontier Airlines,RDU,"Raleigh/Durham, NC: Raleigh-Durham International",346.00,82.00,25.16,0.81,17.83,0.00,38.21,1.00,0.00,9545.00,1887.00,32.00,1561.00,0.00,6065.00
2025,5,F9,Frontier Airlines,RNO,"Reno, NV: Reno/Tahoe International",31.00,5.00,2.00,0.00,2.00,0.00,1.00,0.00,0.00,136.00,77.00,0.00,42.00,0.00,17.00
2025,5,F9,Frontier Airlines,RSW,"Fort Myers, FL: Southwest Florida International",64.00,16.00,3.11,1.00,8.85,0.00,3.04,0.00,0.00,735.00,212.00,27.00,334.00,0.00,162.00
2025,5,F9,Frontier Airlines,SAN,"San Diego, CA: San Diego International",200.00,53.00,16.22,2.05,16.23,0.00,18.50,3.00,0.00,4579.00,1269.00,1126.00,552.00,0.00,1632.00
2025,5,F9,Frontier Airlines,SAT,"San Antonio, TX: San Antonio International",51.00,14.00,4.79,0.01,6.00,0.00,3.19,0.00,0.00,807.00,328.00,1.00,233.00,0.00,245.00
2025,5,F9,Frontier Airlines,SAV,"Savannah, GA: Savannah/Hilton Head International",9.00,3.00,1.01,0.00,1.06,0.00,0.93,0.00,0.00,499.00,79.00,0.00,81.00,0.00,339.00
2025,5,F9,Frontier Airlines,SEA,"Seattle, WA: Seattle/Tacoma International",156.00,24.00,9.35,2.97,2.16,0.00,9.53,2.00,0.00,2713.00,1418.00,173.00,75.00,0.00,1047.00
2025,5,F9,Frontier Airlines,SFO,"San Francisco, CA: San Francisco International",362.00,112.00,37.42,4.53,35.72,0.00,34.34,4.00,0.00,6333.00,2140.00,203.00,1669.00,0.00,2321.00
2025,5,F9,Frontier Airlines,SJC,"San Jose, CA: Norman Y. Mineta San Jose International",29.00,5.00,0.98,0.00,1.08,0.00,2.93,0.00,0.00,460.00,29.00,0.00,28.00,0.00,403.00
2025,5,F9,Frontier Airlines,SJU,"San Juan, PR: Luis Munoz Marin International",499.00,164.00,53.99,8.91,46.32,0.00,54.78,4.00,0.00,15912.00,5983.00,786.00,3145.00,0.00,5998.00
2025,5,F9,Frontier Airlines,SLC,"Salt Lake City, UT: Salt Lake City International",220.00,38.00,9.63,0.92,7.46,0.00,19.98,1.00,0.00,3144.00,1001.00,92.00,266.00,0.00,1785.00
2025,5,F9,Frontier Airlines,SMF,"Sacramento, CA: Sacramento International",30.00,1.00,0.00,0.00,0.00,0.00,1.00,1.00,0.00,17.00,0.00,0.00,0.00,0.00,17.00
2025,5,F9,Frontier Airlines,SNA,"Santa Ana, CA: John Wayne Airport-Orange County",93.00,16.00,7.67,0.00,2.15,0.00,6.18,1.00,0.00,1650.00,1124.00,0.00,61.00,0.00,465.00
2025,5,F9,Frontier Airlines,SRQ,"Sarasota/Bradenton, FL: Sarasota/Bradenton International",15.00,2.00,0.00,0.00,0.16,0.00,1.84,0.00,0.00,202.00,0.00,0.00,22.00,0.00,180.00
2025,5,F9,Frontier Airlines,STL,"St. Louis, MO: St Louis Lambert International",69.00,17.00,4.11,1.51,4.64,0.00,6.74,0.00,0.00,1041.00,235.00,61.00,205.00,0.00,540.00
2025,5,F9,Frontier Airlines,SYR,"Syracuse, NY: Syracuse Hancock International",18.00,6.00,0.67,0.00,1.96,0.00,3.37,0.00,0.00,535.00,33.00,0.00,112.00,0.00,390.00
2025,5,F9,Frontier Airlines,TPA,"Tampa, FL: Tampa International",621.00,173.00,48.26,4.13,45.51,0.00,75.10,9.00,1.00,14345.00,4906.00,542.00,2173.00,0.00,6724.00
2025,5,F9,Frontier Airlines,TTN,"Trenton, NJ: Trenton Mercer",87.00,31.00,6.08,2.37,5.30,0.00,17.25,4.00,1.00,3102.00,399.00,619.00,689.00,0.00,1395.00
2025,5,F9,Frontier Airlines,TUS,"Tucson, AZ: Tucson International",13.00,3.00,1.44,0.00,0.03,0.00,1.53,0.00,0.00,306.00,137.00,0.00,9.00,0.00,160.00
2025,5,F9,Frontier Airlines,TYS,"Knoxville, TN: McGhee Tyson",3.00,0.00,0.00,0.00,0.00,0.00,0.00,0.00,0.00,0.00,0.00,0.00,0.00,0.00,0.00
2025,5,F9,Frontier Airlines,XNA,"Fayetteville, AR: Northwest Arkansas National",10.00,3.00,0.69,1.31,0.15,0.00,0.85,0.00,0.00,445.00,20.00,335.00,37.00,0.00,53.00
2025,5,G4,Allegiant Air,ABE,"Allentown/Bethlehem/Easton, PA: Lehigh Valley International",161.00,37.00,10.97,6.70,9.06,0.00,10.28,0.00,1.00,2017.00,331.00,696.00,480.00,0.00,510.00
2025,5,G4,Allegiant Air,ALB,"Albany, NY: Albany International",54.00,16.00,8.17,1.50,3.72,0.00,2.61,0.00,1.00,1487.00,1073.00,104.00,134.00,0.00,176.00
2025,5,G4,Allegiant Air,ATW,"Appleton, WI: Appleton International",108.00,20.00,3.48,2.85,5.23,0.00,8.44,0.00,0.00,1455.00,121.00,395.00,322.00,0.00,617.00
2025,5,G4,Allegiant Air,AUS,"Austin, TX: Austin - Bergstrom International",66.00,21.00,4.75,0.06,10.49,0.00,5.69,0.00,0.00,1284.00,233.00,3.00,701.00,0.00,347.00
2025,5,G4,Allegiant Air,AVL,"Asheville, NC: Asheville Regional",266.00,90.00,11.34,11.12,21.08,0.00,46.46,1.00,1.00,7447.00,582.00,2177.00,1811.00,0.00,2877.00
2025,5,G4,Allegiant Air,AZA,"Phoenix, AZ: Phoenix - Mesa Gateway",504.00,83.00,31.81,3.04,18.29,0.00,29.86,0.00,0.00,8729.00,5634.00,223.00,696.00,0.00,2176.00
2025,5,G4,Allegiant Air,BGR,"Bangor, ME: Bangor International",49.00,6.00,2.74,1.00,1.28,0.00,0.98,1.00,0.00,305.00,92.00,68.00,31.00,0.00,114.00
2025,5,G4,Allegiant Air,BIL,"Billings, MT: Billings Logan International",23.00,5.00,0.65,1.67,0.35,0.00,2.33,0.00,0.00,319.00,11.00,173.00,6.00,0.00,129.00
2025,5,G4,Allegiant Air,BIS,"Bismarck/Mandan, ND: Bismarck Municipal",26.00,0.00,0.00,0.00,0.00,0.00,0.00,0.00,0.00,0.00,0.00,0.00,0.00,0.00,0.00
2025,5,G4,Allegiant Air,BLI,"Bellingham, WA: Bellingham International",93.00,8.00,0.91,1.00,1.73,0.00,4.37,0.00,0.00,390.00,61.00,16.00,50.00,0.00,263.00
2025,5,G4,Allegiant Air,BLV,"Belleville, IL: Scott AFB MidAmerica St Louis",137.00,32.00,8.36,5.02,11.13,0.00,7.50,0.00,0.00,2853.00,1161.00,466.00,590.00,0.00,636.00
2025,5,G4,Allegiant Air,BMI,"Bloomington/Normal, IL: Central Il Regional Airport at Bloomington",19.00,5.00,1.39,1.19,1.03,0.00,1.40,0.00,0.00,507.00,205.00,212.00,37.00,0.00,53.00
2025,5,G4,Allegiant Air,BNA,"Nashville, TN: Nashville International",221.00,45.00,6.68,3.35,11.63,0.00,23.34,0.00,2.00,3008.00,368.00,143.00,467.00,0.00,2030.00
2025,5,G4,Allegiant Air,BOI,"Boise, ID: Boise Air Terminal",23.00,4.00,0.35,0.43,0.57,0.00,2.65,0.00,0.00,165.00,14.00,18.00,24.00,0.00,109.00
2025,5,G4,Allegiant Air,BOS,"Boston, MA: Logan International",68.00,6.00,1.49,2.98,0.75,0.00,0.78,0.00,0.00,272.00,72.00,142.00,37.00,0.00,21.00
2025,5,G4,Allegiant Air,BZN,"Bozeman, MT: Bozeman Yellowstone International",33.00,6.00,1.55,1.00,3.05,0.00,0.40,0.00,0.00,311.00,106.00,140.00,57.00,0.00,8.00
2025,5,G4,Allegiant Air,CAE,"Columbia, SC: Columbia Metropolitan",8.00,0.00,0.00,0.00,0.00,0.00,0.00,0.00,0.00,0.00,0.00,0.00,0.00,0.00,0.00
2025,5,G4,Allegiant Air,CAK,"Akron, OH: Akron-Canton Regional",94.00,21.00,5.21,4.13,4.23,0.00,7.43,0.00,0.00,1995.00,1232.00,257.00,173.00,0.00,333.00
2025,5,G4,Allegiant Air,CHA,"Chattanooga, TN: Lovell Field",35.00,9.00,3.82,0.00,3.98,0.00,1.20,0.00,0.00,486.00,247.00,0.00,128.00,0.00,111.00
2025,5,G4,Allegiant Air,CHS,"Charleston, SC: Charleston AFB/International",15.00,3.00,0.00,0.00,1.00,0.00,2.00,0.00,0.00,109.00,0.00,0.00,20.00,0.00,89.00
2025,5,G4,Allegiant Air,CID,"Cedar Rapids/Iowa City, IA: The Eastern Iowa",87.00,13.00,3.40,1.97,7.21,0.00,0.42,0.00,0.00,1360.00,193.00,473.00,681.00,0.00,13.00
2025,5,G4,Allegiant Air,CKB,"Clarksburg/Fairmont, WV: North Central West Virginia",23.00,6.00,1.48,1.00,2.29,0.00,1.23,0.00,0.00,269.00,51.00,32.00,93.00,0.00,93.00
2025,5,G4,Allegiant Air,COS,"Colorado Springs, CO: City of Colorado Springs Municipal",22.00,2.00,1.09,0.00,0.03,0.00,0.88,0.00,0.00,197.00,125.00,0.00,3.00,0.00,69.00
2025,5,G4,Allegiant Air,CVG,"Cincinnati, OH: Cincinnati/Northern Kentucky International",320.00,90.00,20.80,7.61,15.09,0.93,45.57,1.00,0.00,10049.00,3846.00,479.00,1483.00,56.00,4185.00
2025,5,G4,Allegiant Air,DAY,"Dayton, OH: James M Cox/Dayton International",28.00,11.00,1.57,1.49,2.59,0.00,5.35,0.00,1.00,615.00,44.00,232.00,75.00,0.00,264.00
2025,5,G4,Allegiant Air,DEN,"Denver, CO: Denver International",44.00,17.00,1.93,0.74,9.92,0.00,4.41,0.00,0.00,1279.00,171.00,23.00,595.00,0.00,490.00
2025,5,G4,Allegiant Air,DSM,"Des Moines, IA: Des Moines International",164.00,31.00,8.57,4.09,7.43,0.00,10.91,0.00,0.00,2070.00,709.00,464.00,242.00,0.00,655.00
2025,5,G4,Allegiant Air,ELM,"Elmira/Corning, NY: Elmira/Corning Regional",30.00,6.00,0.76,0.46,2.68,0.00,2.09,0.00,0.00,195.00,24.00,23.00,75.00,0.00,73.00
2025,5,G4,Allegiant Air,EUG,"Eugene, OR: Mahlon Sweet Field",29.00,2.00,0.00,0.93,1.07,0.00,0.00,0.00,0.00,114.00,0.00,76.00,38.00,0.00,0.00
2025,5,G4,Allegiant Air,EVV,"Evansville, IN: Evansville Regional",22.00,4.00,1.77,1.00,0.23,0.00,1.00,0.00,0.00,338.00,147.00,151.00,10.00,0.00,30.00
2025,5,G4,Allegiant Air,EWR,"Newark, NJ: Newark Liberty International",54.00,36.00,3.68,0.00,32.32,0.00,0.00,0.00,0.00,3513.00,402.00,0.00,3111.00,0.00,0.00
2025,5,G4,Allegiant Air,EYW,"Key West, FL: Key West International",73.00,10.00,2.16,1.03,2.96,0.00,3.85,0.00,0.00,536.00,82.00,97.00,132.00,0.00,225.00
2025,5,G4,Allegiant Air,FAR,"Fargo, ND: Hector International",54.00,3.00,1.61,0.92,0.45,0.00,0.02,0.00,0.00,201.00,40.00,135.00,23.00,0.00,3.00
2025,5,G4,Allegiant Air,FAT,"Fresno, CA: Fresno Yosemite International",59.00,3.00,1.83,0.00,0.17,0.00,1.00,0.00,0.00,225.00,105.00,0.00,9.00,0.00,111.00
2025,5,G4,Allegiant Air,FCA,"Kalispell, MT: Glacier Park International",18.00,2.00,0.00,0.27,0.73,0.00,1.00,0.00,0.00,60.00,0.00,6.00,16.00,0.00,38.00
2025,5,G4,Allegiant Air,FLL,"Fort Lauderdale, FL: Fort Lauderdale-Hollywood International",339.00,101.00,17.68,6.31,31.69,0.00,45.32,0.00,0.00,10383.00,2201.00,2416.00,1818.00,0.00,3948.00
2025,5,G4,Allegiant Air,FNT,"Flint, MI: Bishop International",137.00,34.00,11.50,6.11,5.44,0.00,10.95,0.00,0.00,2420.00,1181.00,590.00,177.00,0.00,472.00
2025,5,G4,Allegiant Air,FSD,"Sioux Falls, SD: Joe Foss Field",72.00,6.00,0.20,1.58,2.41,0.00,1.80,0.00,0.00,330.00,6.00,115.00,106.00,0.00,103.00
2025,5,G4,Allegiant Air,FWA,"Fort Wayne, IN: Fort Wayne International",73.00,10.00,4.70,1.96,2.46,0.00,0.87,0.00,0.00,865.00,532.00,151.00,111.00,0.00,71.00
2025,5,G4,Allegiant Air,GEG,"Spokane, WA: Spokane International",24.00,5.00,2.59,0.00,0.88,0.00,1.53,0.00,0.00,428.00,207.00,0.00,41.00,0.00,180.00
2025,5,G4,Allegiant Air,GFK,"Grand Forks, ND: Grand Forks International",13.00,0.00,0.00,0.00,0.00,0.00,0.00,0.00,0.00,0.00,0.00,0.00,0.00,0.00,0.00
2025,5,G4,Allegiant Air,GRI,"Grand Island, NE: Central Nebraska Regional",19.00,1.00,0.00,0.00,0.00,0.00,1.00,0.00,0.00,71.00,0.00,0.00,0.00,0.00,71.00
2025,5,G4,Allegiant Air,GRR,"Grand Rapids, MI: Gerald R. Ford International",211.00,53.00,16.42,2.18,11.16,0.00,23.23,0.00,1.00,3865.00,1458.00,237.00,425.00,0.00,1745.00
2025,5,G4,Allegiant Air,GSO,"Greensboro/High Point, NC: Piedmont Triad International",13.00,3.00,0.00,0.00,0.00,0.00,3.00,0.00,0.00,99.00,0.00,0.00,0.00,0.00,99.00
2025,5,G4,Allegiant Air,GSP,"Greer, SC: Greenville-Spartanburg International",36.00,17.00,3.87,0.47,4.18,0.00,8.48,0.00,0.00,980.00,227.00,66.00,152.00,0.00,535.00
2025,5,G4,Allegiant Air,GTF,"Great Falls, MT: Great Falls International",18.00,2.00,1.17,0.00,0.67,0.00,0.17,0.00,0.00,188.00,173.00,0.00,12.00,0.00,3.00
2025,5,G4,Allegiant Air,GUF,"Gulf Shores, AL: Gulf Shores International Jack Edwards Field",19.00,7.00,0.00,0.40,1.95,0.00,4.65,0.00,0.00,262.00,0.00,17.00,58.00,0.00,187.00
2025,5,G4,Allegiant Air,HGR,"Hagerstown, MD: Hagerstown Regional-Richard A. Henson Field",21.00,14.00,4.82,1.03,2.54,0.00,5.61,0.00,0.00,681.00,317.00,41.00,115.00,0.00,208.00
2025,5,G4,Allegiant Air,HOU,"Houston, TX: William P Hobby",27.00,3.00,0.00,1.00,1.24,0.00,0.76,0.00,0.00,88.00,0.00,24.00,30.00,0.00,34.00
2025,5,G4,Allegiant Air,HTS,"Ashland, WV: Tri-State/Milton J. Ferguson Field",48.00,14.00,2.40,2.91,2.93,0.00,5.76,0.00,1.00,683.00,84.00,174.00,128.00,0.00,297.00
2025,5,G4,Allegiant Air,IAD,"Washington, DC: Washington Dulles International",32.00,4.00,1.59,0.00,1.11,0.00,1.30,1.00,0.00,514.00,348.00,0.00,70.00,0.00,96.00
2025,5,G4,Allegiant Air,IAG,"Niagara Falls, NY: Niagara Falls International",32.00,5.00,3.27,0.00,0.14,0.00,1.59,0.00,0.00,217.00,163.00,0.00,8.00,0.00,46.00
2025,5,G4,Allegiant Air,ICT,"Wichita, KS: Wichita Dwight D Eisenhower National",41.00,4.00,0.00,0.57,2.82,0.00,0.61,0.00,0.00,153.00,0.00,12.00,94.00,0.00,47.00
2025,5,G4,Allegiant Air,IDA,"Idaho Falls, ID: Idaho Falls Regional",51.00,5.00,0.84,0.47,1.26,0.00,2.43,0.00,0.00,1502.00,76.00,60.00,41.00,0.00,1325.00
2025,5,G4,Allegiant Air,IND,"Indianapolis, IN: Indianapolis International",150.00,53.00,14.46,5.74,12.71,0.00,20.09,0.00,0.00,3993.00,800.00,890.00,626.00,0.00,1677.00
2025,5,G4,Allegiant Air,JAX,"Jacksonville, FL: Jacksonville International",98.00,23.00,7.68,0.47,8.26,0.00,6.59,1.00,0.00,2526.00,1040.00,46.00,761.00,0.00,679.00
2025,5,G4,Allegiant Air,LAS,"Las Vegas, NV: Harry Reid International",631.00,102.00,27.64,8.08,25.33,0.00,40.95,0.00,0.00,7349.00,2317.00,616.00,1640.00,0.00,2776.00
2025,5,G4,Allegiant Air,LAX,"Los Angeles, CA: Los Angeles International",73.00,18.00,6.12,1.03,3.55,0.00,7.29,1.00,0.00,1215.00,675.00,26.00,107.00,0.00,407.00
2025,5,G4,Allegiant Air,LCK,"Columbus, OH: Rickenbacker International",108.00,32.00,6.68,4.35,7.55,0.00,13.42,0.00,0.00,1970.00,419.00,316.00,288.00,0.00,947.00
2025,5,G4,Allegiant Air,LEX,"Lexington, KY: Blue Grass",87.00,33.00,8.32,3.27,3.97,0.00,17.44,0.00,0.00,2638.00,854.00,208.00,305.00,0.00,1271.00
2025,5,G4,Allegiant Air,LIT,"Little Rock, AR: Bill and Hillary Clinton Nat Adams Field",14.00,7.00,0.57,0.63,2.00,0.00,3.80,0.00,0.00,481.00,21.00,164.00,97.00,0.00,199.00
2025,5,G4,Allegiant Air,LRD,"Laredo, TX: Laredo International",9.00,2.00,1.00,0.00,1.00,0.00,0.00,0.00,0.00,120.00,47.00,0.00,73.00,0.00,0.00
2025,5,G4,Allegiant Air,MCI,"Kansas City, MO: Kansas City International",32.00,8.00,4.00,0.00,1.12,0.00,2.88,0.00,0.00,472.00,227.00,0.00,100.00,0.00,145.00
2025,5,G4,Allegiant Air,MCO,"Orlando, FL: Orlando International",29.00,8.00,0.50,1.00,2.96,0.00,3.54,0.00,0.00,1334.00,15.00,924.00,173.00,0.00,222.00
2025,5,G4,Allegiant Air,MDT,"Harrisburg, PA: Harrisburg International",98.00,15.00,5.38,1.56,3.29,0.00,4.77,1.00,0.00,746.00,258.00,162.00,89.00,0.00,237.00
2025,5,G4,Allegiant Air,MDW,"Chicago, IL: Chicago Midway International",42.00,7.00,3.94,1.23,0.06,0.00,1.77,1.00,0.00,606.00,454.00,78.00,3.00,0.00,71.00
2025,5,G4,Allegiant Air,MEM,"Memphis, TN: Memphis International",54.00,20.00,4.66,1.53,7.06,0.00,6.75,0.00,0.00,2838.00,1125.00,1091.00,189.00,0.00,433.00
2025,5,G4,Allegiant Air,MFE,"Mission/McAllen/Edinburg, TX: McAllen International",57.00,8.00,4.37,2.33,1.29,0.00,0.01,0.00,0.00,1066.00,876.00,96.00,93.00,0.00,1.00
2025,5,G4,Allegiant Air,MFR,"Medford, OR: Rogue Valley International - Medford",26.00,2.00,1.00,1.00,0.00,0.00,0.00,0.00,0.00,116.00,34.00,82.00,0.00,0.00,0.00
2025,5,G4,Allegiant Air,MLB,"Melbourne, FL: Melbourne Orlando International",27.00,2.00,1.14,0.00,0.21,0.00,0.64,0.00,0.00,129.00,81.00,0.00,12.00,0.00,36.00
2025,5,G4,Allegiant Air,MLI,"Moline, IL: Quad Cities International",50.00,2.00,0.17,0.00,0.35,0.00,1.47,0.00,0.00,112.00,5.00,0.00,20.00,0.00,87.00
2025,5,G4,Allegiant Air,MOT,"Minot, ND: Minot International",18.00,1.00,0.00,0.00,1.00,0.00,0.00,0.00,0.00,20.00,0.00,0.00,20.00,0.00,0.00
2025,5,G4,Allegiant Air,MRY,"Monterey, CA: Monterey Regional",9.00,3.00,1.59,1.00,0.13,0.00,0.28,0.00,0.00,140.00,66.00,56.00,5.00,0.00,13.00
2025,5,G4,Allegiant Air,MSO,"Missoula, MT: Missoula Montana",24.00,5.00,1.05,0.44,1.97,0.00,1.54,0.00,0.00,214.00,72.00,7.00,70.00,0.00,65.00
2025,5,G4,Allegiant Air,MSP,"Minneapolis, MN: Minneapolis-St Paul International",8.00,0.00,0.00,0.00,0.00,0.00,0.00,0.00,0.00,0.00,0.00,0.00,0.00,0.00,0.00
2025,5,G4,Allegiant Air,MSY,"New Orleans, LA: Louis Armstrong New Orleans International",2.00,0.00,0.00,0.00,0.00,0.00,0.00,0.00,0.00,0.00,0.00,0.00,0.00,0.00,0.00
2025,5,G4,Allegiant Air,MYR,"Myrtle Beach, SC: Myrtle Beach International",155.00,33.00,4.60,3.49,10.97,0.00,13.95,2.00,0.00,2094.00,217.00,260.00,456.00,0.00,1161.00
2025,5,G4,Allegiant Air,OAK,"Oakland, CA: Metro Oakland International",16.00,0.00,0.00,0.00,0.00,0.00,0.00,0.00,0.00,0.00,0.00,0.00,0.00,0.00,0.00
2025,5,G4,Allegiant Air,OKC,"Oklahoma City, OK: Will Rogers World",17.00,8.00,1.01,0.03,2.06,0.00,4.89,0.00,0.00,664.00,50.00,7.00,99.00,0.00,508.00
2025,5,G4,Allegiant Air,OMA,"Omaha, NE: Eppley Airfield",65.00,11.00,4.13,1.86,3.03,0.00,1.98,0.00,1.00,554.00,260.00,132.00,53.00,0.00,109.00
2025,5,G4,Allegiant Air,ORF,"Norfolk, VA: Norfolk International",21.00,8.00,1.94,0.00,2.29,0.00,3.78,0.00,0.00,229.00,75.00,0.00,60.00,0.00,94.00
2025,5,G4,Allegiant Air,PBG,"Plattsburgh, NY: Plattsburgh International",32.00,2.00,1.00,0.00,1.00,0.00,0.00,1.00,0.00,67.00,33.00,0.00,34.00,0.00,0.00
2025,5,G4,Allegiant Air,PBI,"West Palm Beach/Palm Beach, FL: Palm Beach International",32.00,4.00,2.17,0.00,0.30,0.00,1.53,0.00,2.00,202.00,143.00,0.00,10.00,0.00,49.00
2025,5,G4,Allegiant Air,PDX,"Portland, OR: Portland International",48.00,5.00,1.03,0.00,3.21,0.00,0.76,0.00,0.00,221.00,37.00,0.00,110.00,0.00,74.00
2025,5,G4,Allegiant Air,PGD,"Punta Gorda, FL: Punta Gorda Airport",549.00,128.00,26.96,4.83,33.24,0.00,62.97,0.00,0.00,11782.00,3896.00,412.00,1902.00,0.00,5572.00
2025,5,G4,Allegiant Air,PHX,"Phoenix, AZ: Phoenix Sky Harbor International",31.00,3.00,2.00,0.00,0.00,0.00,1.00,0.00,0.00,146.00,126.00,0.00,0.00,0.00,20.00
2025,5,G4,Allegiant Air,PIA,"Peoria, IL: General Downing - Peoria International",102.00,22.00,6.90,2.41,6.29,0.00,6.41,0.00,0.00,1191.00,408.00,149.00,202.00,0.00,432.00
2025,5,G4,Allegiant Air,PIE,"St. Petersburg, FL: St Pete Clearwater International",811.00,234.00,64.58,5.95,40.84,0.00,122.62,0.00,0.00,20780.00,8111.00,1372.00,1715.00,0.00,9582.00
2025,5,G4,Allegiant Air,PIT,"Pittsburgh, PA: Pittsburgh International",138.00,34.00,9.41,6.94,6.57,0.00,11.07,1.00,0.00,2263.00,664.00,516.00,426.00,0.00,657.00
2025,5,G4,Allegiant Air,PSC,"Pasco/Kennewick/Richland, WA: Tri Cities",23.00,2.00,2.00,0.00,0.00,0.00,0.00,0.00,0.00,57.00,57.00,0.00,0.00,0.00,0.00
2025,5,G4,Allegiant Air,PSM,"Portsmouth, NH: Portsmouth International at Pease",44.00,6.00,3.78,0.98,1.24,0.00,0.00,0.00,0.00,309.00,99.00,146.00,64.00,0.00,0.00
2025,5,G4,Allegiant Air,PSP,"Palm Springs, CA: Palm Springs International",8.00,1.00,0.00,0.00,0.00,0.00,1.00,0.00,0.00,53.00,0.00,0.00,0.00,0.00,53.00
2025,5,G4,Allegiant Air,PVD,"Providence, RI: Rhode Island Tf Green International",17.00,2.00,1.00,1.00,0.00,0.00,0.00,0.00,0.00,103.00,34.00,69.00,0.00,0.00,0.00
2025,5,G4,Allegiant Air,PVU,"Provo, UT: Provo Municipal",159.00,45.00,12.49,2.26,7.70,0.00,22.55,1.00,1.00,5186.00,1813.00,74.00,620.00,0.00,2679.00
2025,5,G4,Allegiant Air,RAP,"Rapid City, SD: Rapid City Regional",35.00,6.00,2.44,1.00,0.32,0.00,2.24,0.00,0.00,228.00,100.00,36.00,7.00,0.00,85.00
2025,5,G4,Allegiant Air,RFD,"Rockford, IL: Chicago/Rockford International",80.00,16.00,7.54,2.73,3.15,0.00,2.58,0.00,0.00,788.00,271.00,280.00,115.00,0.00,122.00
2025,5,G4,Allegiant Air,RIC,"Richmond, VA: Richmond International",12.00,1.00,0.62,0.00,0.38,0.00,0.00,0.00,0.00,29.00,18.00,0.00,11.00,0.00,0.00
2025,5,G4,Allegiant Air,ROA,"Roanoke, VA: Roanoke Blacksburg Regional",28.00,7.00,2.72,0.98,0.25,0.00,3.04,0.00,0.00,1269.00,258.00,645.00,41.00,0.00,325.00
2025,5,G4,Allegiant Air,ROC,"Rochester, NY: Frederick Douglass Grtr Rochester International",3.00,0.00,0.00,0.00,0.00,0.00,0.00,0.00,0.00,0.00,0.00,0.00,0.00,0.00,0.00
2025,5,G4,Allegiant Air,SAN,"San Diego, CA: San Diego International",18.00,2.00,1.70,0.00,0.30,0.00,0.00,0.00,0.00,124.00,94.00,0.00,30.00,0.00,0.00
2025,5,G4,Allegiant Air,SAV,"Savannah, GA: Savannah/Hilton Head International",105.00,18.00,4.61,3.00,0.16,0.00,10.23,0.00,1.00,3550.00,593.00,1073.00,21.00,0.00,1863.00
2025,5,G4,Allegiant Air,SBN,"South Bend, IN: South Bend International",97.00,25.00,11.28,4.42,7.07,0.00,2.22,1.00,0.00,1396.00,734.00,242.00,338.00,0.00,82.00
2025,5,G4,Allegiant Air,SCK,"Stockton, CA: Stockton Metro",47.00,7.00,1.87,0.39,2.06,0.00,2.67,0.00,0.00,279.00,52.00,45.00,48.00,0.00,134.00
2025,5,G4,Allegiant Air,SDF,"Louisville, KY: Louisville Muhammad Ali International",73.00,17.00,5.03,2.75,1.59,0.00,7.62,0.00,0.00,1658.00,570.00,377.00,77.00,0.00,634.00
2025,5,G4,Allegiant Air,SFB,"Sanford, FL: Orlando Sanford International",881.00,344.00,53.67,30.29,61.65,0.04,198.35,3.00,1.00,31664.00,6442.00,5775.00,3294.00,7.00,16146.00
2025,5,G4,Allegiant Air,SGF,"Springfield, MO: Springfield-Branson National",95.00,16.00,4.43,1.74,6.01,0.00,3.82,0.00,2.00,817.00,225.00,103.00,223.00,0.00,266.00
2025,5,G4,Allegiant Air,SHV,"Shreveport, LA: Shreveport Regional",16.00,1.00,0.94,0.00,0.06,0.00,0.00,0.00,0.00,16.00,15.00,0.00,1.00,0.00,0.00
2025,5,G4,Allegiant Air,SMX,"Santa Maria, CA: Santa Maria Public/Capt. G. Allan Hancock Field",9.00,0.00,0.00,0.00,0.00,0.00,0.00,0.00,0.00,0.00,0.00,0.00,0.00,0.00,0.00
2025,5,G4,Allegiant Air,SNA,"Santa Ana, CA: John Wayne Airport-Orange County",106.00,19.00,7.41,2.77,2.97,0.00,5.85,0.00,0.00,4264.00,3330.00,262.00,116.00,0.00,556.00
2025,5,G4,Allegiant Air,SPI,"Springfield, IL: Abraham Lincoln Capital",9.00,0.00,0.00,0.00,0.00,0.00,0.00,0.00,0.00,0.00,0.00,0.00,0.00,0.00,0.00
2025,5,G4,Allegiant Air,SRQ,"Sarasota/Bradenton, FL: Sarasota/Bradenton International",283.00,42.00,9.69,0.00,16.52,0.00,15.79,0.00,0.00,2410.00,647.00,0.00,907.00,0.00,856.00
2025,5,G4,Allegiant Air,STC,"St. Cloud, MN: St. Cloud Regional",9.00,0.00,0.00,0.00,0.00,0.00,0.00,0.00,0.00,0.00,0.00,0.00,0.00,0.00,0.00
2025,5,G4,Allegiant Air,SWF,"Newburgh/Poughkeepsie, NY: New York Stewart International",51.00,9.00,4.68,2.01,0.86,0.00,1.45,0.00,0.00,760.00,197.00,488.00,28.00,0.00,47.00
2025,5,G4,Allegiant Air,SYR,"Syracuse, NY: Syracuse Hancock International",68.00,11.00,5.37,0.98,2.07,0.00,2.57,0.00,0.00,360.00,165.00,65.00,63.00,0.00,67.00
2025,5,G4,Allegiant Air,TOL,"Toledo, OH: Eugene F Kranz Toledo Express",38.00,7.00,2.21,1.73,1.59,0.00,1.47,0.00,0.00,507.00,141.00,234.00,50.00,0.00,82.00
2025,5,G4,Allegiant Air,TRI,"Bristol/Johnson City/Kingsport, TN: Tri Cities",19.00,9.00,2.85,0.04,2.75,0.00,3.36,0.00,0.00,334.00,109.00,1.00,111.00,0.00,113.00
2025,5,G4,Allegiant Air,TUL,"Tulsa, OK: Tulsa International",39.00,10.00,3.40,0.96,3.18,0.00,2.46,0.00,1.00,569.00,262.00,71.00,92.00,0.00,144.00
2025,5,G4,Allegiant Air,TVC,"Traverse City, MI: Cherry Capital",35.00,6.00,3.56,0.00,1.20,0.00,1.23,0.00,1.00,336.00,249.00,0.00,48.00,0.00,39.00
2025,5,G4,Allegiant Air,TYS,"Knoxville, TN: McGhee Tyson",276.00,92.00,15.72,7.11,21.17,0.00,48.00,0.00,1.00,9632.00,3279.00,696.00,1129.00,0.00,4528.00
2025,5,G4,Allegiant Air,USA,"Concord, NC: Concord Padgett Regional",65.00,25.00,3.51,2.86,4.22,0.00,14.42,0.00,0.00,1569.00,147.00,235.00,193.00,0.00,994.00
2025,5,G4,Allegiant Air,VPS,"Valparaiso, FL: Eglin AFB Destin Fort Walton Beach",320.00,82.00,16.60,7.40,10.32,0.22,47.46,0.00,2.00,8483.00,2044.00,1598.00,419.00,4.00,4418.00
2025,5,G4,Allegiant Air,XNA,"Fayetteville, AR: Northwest Arkansas National",92.00,21.00,4.61,3.79,8.22,0.38,4.00,0.00,1.00,1082.00,227.00,208.00,347.00,16.00,284.00
2025,5,G7,GoJet Airlines LLC d/b/a United Express,ABE,"Allentown/Bethlehem/Easton, PA: Lehigh Valley International",62.00,12.00,4.18,0.00,4.90,0.00,2.92,0.00,0.00,1585.00,227.00,0.00,1024.00,0.00,334.00
2025,5,G7,GoJet Airlines LLC d/b/a United Express,AVL,"Asheville, NC: Asheville Regional",50.00,10.00,1.78,0.00,6.00,0.00,2.22,5.00,0.00,582.00,127.00,0.00,180.00,0.00,275.00
2025,5,G7,GoJet Airlines LLC d/b/a United Express,AVP,"Scranton/Wilkes-Barre, PA: Wilkes Barre Scranton International",62.00,13.00,1.88,0.00,6.31,0.00,4.80,0.00,0.00,798.00,112.00,0.00,233.00,0.00,453.00
2025,5,G7,GoJet Airlines LLC d/b/a United Express,BHM,"Birmingham, AL: Birmingham-Shuttlesworth International",62.00,14.00,3.40,1.04,2.31,0.00,7.26,0.00,0.00,1321.00,168.00,38.00,171.00,0.00,944.00
2025,5,G7,GoJet Airlines LLC d/b/a United Express,BTV,"Burlington, VT: Burlington International",41.00,14.00,5.72,0.22,6.66,0.00,1.40,1.00,0.00,776.00,355.00,24.00,291.00,0.00,106.00
2025,5,G7,GoJet Airlines LLC d/b/a United Express,BUF,"Buffalo, NY: Buffalo Niagara International",77.00,17.00,4.75,0.00,2.31,0.00,9.94,5.00,0.00,1795.00,227.00,0.00,141.00,0.00,1427.00
2025,5,G7,GoJet Airlines LLC d/b/a United Express,CAE,"Columbia, SC: Columbia Metropolitan",62.00,19.00,7.39,0.00,6.59,0.00,5.02,0.00,0.00,1467.00,463.00,0.00,180.00,0.00,824.00
2025,5,G7,GoJet Airlines LLC d/b/a United Express,CHA,"Chattanooga, TN: Lovell Field",81.00,22.00,7.67,0.80,5.42,0.00,8.11,0.00,0.00,1493.00,310.00,91.00,184.00,0.00,908.00
2025,5,G7,GoJet Airlines LLC d/b/a United Express,CID,"Cedar Rapids/Iowa City, IA: The Eastern Iowa",74.00,12.00,4.61,0.00,3.05,0.00,4.34,0.00,0.00,769.00,248.00,0.00,105.00,0.00,416.00
2025,5,G7,GoJet Airlines LLC d/b/a United Express,CLT,"Charlotte, NC: Charlotte Douglas International",7.00,3.00,0.45,0.00,1.76,0.00,0.79,0.00,0.00,173.00,26.00,0.00,71.00,0.00,76.00
2025,5,G7,GoJet Airlines LLC d/b/a United Express,CMH,"Columbus, OH: John Glenn Columbus International",2.00,0.00,0.00,0.00,0.00,0.00,0.00,0.00,0.00,0.00,0.00,0.00,0.00,0.00,0.00
2025,5,G7,GoJet Airlines LLC d/b/a United Express,CVG,"Cincinnati, OH: Cincinnati/Northern Kentucky International",102.00,46.00,10.37,1.65,21.00,0.00,12.98,3.00,1.00,4406.00,1468.00,353.00,765.00,0.00,1820.00
2025,5,G7,GoJet Airlines LLC d/b/a United Express,DAY,"Dayton, OH: James M Cox/Dayton International",74.00,11.00,1.48,0.00,4.63,0.00,4.89,0.00,0.00,1356.00,88.00,0.00,96.00,0.00,1172.00
2025,5,G7,GoJet Airlines LLC d/b/a United Express,DCA,"Washington, DC: Ronald Reagan Washington National",174.00,51.00,11.42,1.00,16.57,0.00,22.00,31.00,0.00,5387.00,941.00,104.00,1144.00,0.00,3198.00
2025,5,G7,GoJet Airlines LLC d/b/a United Express,DSM,"Des Moines, IA: Des Moines International",5.00,0.00,0.00,0.00,0.00,0.00,0.00,0.00,0.00,0.00,0.00,0.00,0.00,0.00,0.00
2025,5,G7,GoJet Airlines LLC d/b/a United Express,DTW,"Detroit, MI: Detroit Metro Wayne County",11.00,1.00,0.59,0.00,0.41,0.00,0.00,4.00,0.00,79.00,47.00,0.00,32.00,0.00,0.00
2025,5,G7,GoJet Airlines LLC d/b/a United Express,EWR,"Newark, NJ: Newark Liberty International",443.00,180.00,16.02,2.93,127.86,0.00,33.19,74.00,1.00,26774.00,3629.00,1065.00,16950.00,0.00,5130.00
2025,5,G7,GoJet Airlines LLC d/b/a United Express,FSD,"Sioux Falls, SD: Joe Foss Field",63.00,11.00,3.02,0.73,2.41,0.00,4.84,0.00,0.00,1074.00,233.00,176.00,128.00,0.00,537.00
2025,5,G7,GoJet Airlines LLC d/b/a United Express,GRB,"Green Bay, WI: Green Bay Austin Straubel International",44.00,15.00,4.08,0.74,3.75,0.00,6.44,0.00,0.00,1668.00,981.00,66.00,130.00,0.00,491.00
2025,5,G7,GoJet Airlines LLC d/b/a United Express,GRR,"Grand Rapids, MI: Gerald R. Ford International",29.00,11.00,2.79,0.00,1.00,0.00,7.21,0.00,0.00,805.00,114.00,0.00,15.00,0.00,676.00
2025,5,G7,GoJet Airlines LLC d/b/a United Express,GSO,"Greensboro/High Point, NC: Piedmont Triad International",101.00,26.00,5.77,0.96,6.21,0.00,13.06,11.00,0.00,2632.00,385.00,846.00,301.00,0.00,1100.00
2025,5,G7,GoJet Airlines LLC d/b/a United Express,GSP,"Greer, SC: Greenville-Spartanburg International",43.00,6.00,0.90,0.00,2.00,0.00,3.10,0.00,0.00,589.00,122.00,0.00,41.00,0.00,426.00
2025,5,G7,GoJet Airlines LLC d/b/a United Express,IAD,"Washington, DC: Washington Dulles International",527.00,112.00,26.10,0.70,33.71,0.00,51.49,5.00,1.00,9359.00,1991.00,104.00,1517.00,0.00,5747.00
2025,5,G7,GoJet Airlines LLC d/b/a United Express,ICT,"Wichita, KS: Wichita Dwight D Eisenhower National",26.00,5.00,1.52,1.00,0.14,0.00,2.35,0.00,0.00,496.00,58.00,207.00,19.00,0.00,212.00
2025,5,G7,GoJet Airlines LLC d/b/a United Express,ILM,"Wilmington, NC: Wilmington International",3.00,1.00,0.48,0.00,0.00,0.00,0.52,0.00,0.00,46.00,22.00,0.00,0.00,0.00,24.00
2025,5,G7,GoJet Airlines LLC d/b/a United Express,IND,"Indianapolis, IN: Indianapolis International",9.00,1.00,0.05,0.00,0.00,0.00,0.95,0.00,0.00,77.00,4.00,0.00,0.00,0.00,73.00
2025,5,G7,GoJet Airlines LLC d/b/a United Express,LEX,"Lexington, KY: Blue Grass",83.00,17.00,2.93,0.75,1.62,0.00,11.70,0.00,0.00,2058.00,294.00,613.00,96.00,0.00,1055.00
2025,5,G7,GoJet Airlines LLC d/b/a United Express,LIT,"Little Rock, AR: Bill and Hillary Clinton Nat Adams Field",83.00,16.00,3.97,1.33,2.43,0.00,8.27,0.00,0.00,1307.00,326.00,145.00,99.00,0.00,737.00
2025,5,G7,GoJet Airlines LLC d/b/a United Express,MDT,"Harrisburg, PA: Harrisburg International",20.00,4.00,0.10,0.00,2.00,0.00,1.90,0.00,0.00,164.00,4.00,0.00,52.00,0.00,108.00
2025,5,G7,GoJet Airlines LLC d/b/a United Express,MEM,"Memphis, TN: Memphis International",28.00,3.00,2.38,0.00,0.62,0.00,0.00,0.00,0.00,139.00,118.00,0.00,21.00,0.00,0.00
2025,5,G7,GoJet Airlines LLC d/b/a United Express,MLI,"Moline, IL: Quad Cities International",19.00,4.00,3.50,0.00,0.39,0.00,0.11,0.00,0.00,109.00,99.00,0.00,8.00,0.00,2.00
2025,5,G7,GoJet Airlines LLC d/b/a United Express,MSN,"Madison, WI: Dane County Regional-Truax Field",104.00,17.00,5.82,0.00,3.39,0.00,7.79,0.00,1.00,909.00,374.00,0.00,80.00,0.00,455.00
2025,5,G7,GoJet Airlines LLC d/b/a United Express,OMA,"Omaha, NE: Eppley Airfield",4.00,1.00,0.00,0.00,0.00,0.00,1.00,0.00,0.00,38.00,0.00,0.00,0.00,0.00,38.00
2025,5,G7,GoJet Airlines LLC d/b/a United Express,ORD,"Chicago, IL: Chicago O'Hare International",1925.00,395.00,97.22,11.18,164.09,0.00,122.51,1.00,6.00,33772.00,8044.00,2446.00,9169.00,0.00,14113.00
2025,5,G7,GoJet Airlines LLC d/b/a United Express,ORF,"Norfolk, VA: Norfolk International",71.00,18.00,3.27,1.31,6.72,0.00,6.70,3.00,0.00,1047.00,134.00,66.00,236.00,0.00,611.00
2025,5,G7,GoJet Airlines LLC d/b/a United Express,PHL,"Philadelphia, PA: Philadelphia International",65.00,25.00,3.27,4.00,15.21,0.00,2.52,0.00,0.00,2940.00,300.00,684.00,1870.00,0.00,86.00
2025,5,G7,GoJet Airlines LLC d/b/a United Express,PIT,"Pittsburgh, PA: Pittsburgh International",19.00,4.00,0.31,0.00,2.20,0.00,1.50,1.00,0.00,735.00,75.00,0.00,385.00,0.00,275.00
2025,5,G7,GoJet Airlines LLC d/b/a United Express,PVD,"Providence, RI: Rhode Island Tf Green International",13.00,4.00,1.88,0.00,1.12,0.00,1.00,0.00,0.00,261.00,58.00,0.00,82.00,0.00,121.00
2025,5,G7,GoJet Airlines LLC d/b/a United Express,PWM,"Portland, ME: Portland International Jetport",8.00,2.00,1.00,0.00,1.00,0.00,0.00,1.00,0.00,51.00,20.00,0.00,31.00,0.00,0.00
2025,5,G7,GoJet Airlines LLC d/b/a United Express,RDU,"Raleigh/Durham, NC: Raleigh-Durham International",3.00,1.00,1.00,0.00,0.00,0.00,0.00,0.00,0.00,40.00,40.00,0.00,0.00,0.00,0.00
2025,5,G7,GoJet Airlines LLC d/b/a United Express,RIC,"Richmond, VA: Richmond International",222.00,63.00,14.25,1.91,19.03,0.00,27.82,12.00,0.00,7655.00,2208.00,251.00,918.00,0.00,4278.00
2025,5,G7,GoJet Airlines LLC d/b/a United Express,ROA,"Roanoke, VA: Roanoke Blacksburg Regional",61.00,11.00,4.01,0.87,4.19,0.00,1.92,0.00,0.00,2422.00,1674.00,188.00,109.00,0.00,451.00
2025,5,G7,GoJet Airlines LLC d/b/a United Express,ROC,"Rochester, NY: Frederick Douglass Grtr Rochester International",86.00,19.00,6.40,1.00,5.36,0.00,6.24,0.00,0.00,924.00,334.00,97.00,150.00,0.00,343.00
2025,5,G7,GoJet Airlines LLC d/b/a United Express,SCE,"State College, PA: University Park",73.00,13.00,4.63,0.00,2.48,0.00,5.89,1.00,0.00,1812.00,1060.00,0.00,45.00,0.00,707.00
2025,5,G7,GoJet Airlines LLC d/b/a United Express,SDF,"Louisville, KY: Louisville Muhammad Ali International",14.00,0.00,0.00,0.00,0.00,0.00,0.00,0.00,0.00,0.00,0.00,0.00,0.00,0.00,0.00
2025,5,G7,GoJet Airlines LLC d/b/a United Express,SGF,"Springfield, MO: Springfield-Branson National",88.00,16.00,5.67,0.74,2.73,0.00,6.86,0.00,0.00,1246.00,291.00,29.00,97.00,0.00,829.00
2025,5,G7,GoJet Airlines LLC d/b/a United Express,STL,"St. Louis, MO: St Louis Lambert International",187.00,47.00,17.61,2.96,9.27,0.00,17.17,0.00,1.00,4799.00,2015.00,516.00,363.00,0.00,1905.00
2025,5,G7,GoJet Airlines LLC d/b/a United Express,SYR,"Syracuse, NY: Syracuse Hancock International",89.00,25.00,6.47,0.00,7.79,0.00,10.74,0.00,0.00,2421.00,535.00,0.00,303.00,0.00,1583.00
2025,5,G7,GoJet Airlines LLC d/b/a United Express,TUL,"Tulsa, OK: Tulsa International",61.00,20.00,6.94,2.06,3.87,0.00,7.13,0.00,0.00,1951.00,271.00,681.00,154.00,0.00,845.00
2025,5,G7,GoJet Airlines LLC d/b/a United Express,TVC,"Traverse City, MI: Cherry Capital",103.00,10.00,5.47,0.00,0.21,0.00,4.32,0.00,0.00,698.00,243.00,0.00,4.00,0.00,451.00
2025,5,G7,GoJet Airlines LLC d/b/a United Express,TYS,"Knoxville, TN: McGhee Tyson",23.00,0.00,0.00,0.00,0.00,0.00,0.00,0.00,0.00,0.00,0.00,0.00,0.00,0.00,0.00
2025,5,G7,GoJet Airlines LLC d/b/a United Express,XNA,"Fayetteville, AR: Northwest Arkansas National",90.00,14.00,4.48,0.93,3.78,0.00,4.81,0.00,0.00,1435.00,163.00,709.00,149.00,0.00,414.00
2025,5,HA,Hawaiian Airlines Network,BOS,"Boston, MA: Logan International",20.00,9.00,7.85,0.00,0.00,0.76,0.39,0.00,0.00,305.00,285.00,0.00,0.00,13.00,7.00
2025,5,HA,Hawaiian Airlines Network,HNL,"Honolulu, HI: Daniel K Inouye International",2817.00,318.00,183.77,1.00,10.67,2.00,120.56,14.00,0.00,16797.00,9927.00,36.00,252.00,61.00,6521.00
2025,5,HA,Hawaiian Airlines Network,ITO,"Hilo, HI: Hilo International",412.00,24.00,14.68,0.00,0.00,0.00,9.32,0.00,1.00,858.00,450.00,0.00,0.00,0.00,408.00
2025,5,HA,Hawaiian Airlines Network,JFK,"New York, NY: John F. Kennedy International",31.00,12.00,10.75,1.00,0.00,0.00,0.25,0.00,0.00,516.00,472.00,26.00,0.00,0.00,18.00
2025,5,HA,Hawaiian Airlines Network,KOA,"Kona, HI: Ellison Onizuka Kona International at Keahole",667.00,45.00,28.71,0.00,0.00,0.00,16.29,1.00,0.00,2198.00,1625.00,0.00,0.00,0.00,573.00
2025,5,HA,Hawaiian Airlines Network,LAS,"Las Vegas, NV: Harry Reid International",124.00,32.00,23.76,0.00,1.00,0.11,7.12,0.00,0.00,1935.00,1441.00,0.00,26.00,8.00,460.00
2025,5,HA,Hawaiian Airlines Network,LAX,"Los Angeles, CA: Los Angeles International",217.00,90.00,73.16,0.00,0.00,0.50,16.35,0.00,0.00,4560.00,3864.00,0.00,0.00,20.00,676.00
2025,5,HA,Hawaiian Airlines Network,LGB,"Long Beach, CA: Long Beach Airport",62.00,12.00,7.20,0.00,0.27,0.00,4.53,0.00,0.00,474.00,228.00,0.00,12.00,0.00,234.00
2025,5,HA,Hawaiian Airlines Network,LIH,"Lihue, HI: Lihue Airport",751.00,50.00,34.03,0.00,0.00,0.00,15.97,5.00,0.00,2622.00,1481.00,0.00,0.00,0.00,1141.00
2025,5,HA,Hawaiian Airlines Network,OAK,"Oakland, CA: Metro Oakland International",92.00,19.00,13.53,0.00,0.00,0.00,5.47,1.00,0.00,763.00,576.00,0.00,0.00,0.00,187.00
2025,5,HA,Hawaiian Airlines Network,OGG,"Kahului, HI: Kahului Airport",1161.00,92.00,66.06,2.22,2.39,1.13,20.21,2.00,3.00,4291.00,3436.00,59.00,77.00,29.00,690.00
2025,5,HA,Hawaiian Airlines Network,ONT,"Ontario, CA: Ontario International",31.00,12.00,11.50,0.00,0.00,0.00,0.50,0.00,0.00,386.00,372.00,0.00,0.00,0.00,14.00
2025,5,HA,Hawaiian Airlines Network,PDX,"Portland, OR: Portland International",62.00,13.00,10.73,0.00,0.00,0.00,2.27,0.00,0.00,437.00,357.00,0.00,0.00,0.00,80.00
2025,5,HA,Hawaiian Airlines Network,PHX,"Phoenix, AZ: Phoenix Sky Harbor International",31.00,4.00,4.00,0.00,0.00,0.00,0.00,0.00,0.00,225.00,225.00,0.00,0.00,0.00,0.00
2025,5,HA,Hawaiian Airlines Network,PPG,"Pago Pago, TT: Pago Pago International",10.00,4.00,2.13,0.79,0.00,0.00,1.08,0.00,0.00,149.00,66.00,62.00,0.00,0.00,21.00
2025,5,HA,Hawaiian Airlines Network,SAN,"San Diego, CA: San Diego International",62.00,20.00,18.82,0.00,0.00,0.00,1.18,0.00,0.00,1012.00,936.00,0.00,0.00,0.00,76.00
2025,5,HA,Hawaiian Airlines Network,SEA,"Seattle, WA: Seattle/Tacoma International",156.00,50.00,43.72,0.00,0.00,0.47,5.81,0.00,0.00,1771.00,1374.00,0.00,0.00,7.00,390.00
2025,5,HA,Hawaiian Airlines Network,SFO,"San Francisco, CA: San Francisco International",93.00,23.00,19.26,0.00,0.00,0.00,3.74,0.00,0.00,1296.00,1025.00,0.00,0.00,0.00,271.00
2025,5,HA,Hawaiian Airlines Network,SJC,"San Jose, CA: Norman Y. Mineta San Jose International",62.00,17.00,14.52,0.00,0.00,0.00,2.48,0.00,0.00,499.00,378.00,0.00,0.00,0.00,121.00
2025,5,HA,Hawaiian Airlines Network,SLC,"Salt Lake City, UT: Salt Lake City International",31.00,6.00,6.00,0.00,0.00,0.00,0.00,0.00,0.00,935.00,935.00,0.00,0.00,0.00,0.00
2025,5,HA,Hawaiian Airlines Network,SMF,"Sacramento, CA: Sacramento International",93.00,19.00,15.94,0.00,0.00,0.00,3.06,0.00,0.00,1228.00,1016.00,0.00,0.00,0.00,212.00
2025,5,MQ,Envoy Air,ABI,"Abilene, TX: Abilene Regional",151.00,38.00,6.05,4.63,12.77,0.57,13.99,7.00,1.00,1916.00,318.00,251.00,491.00,13.00,843.00
2025,5,MQ,Envoy Air,ABQ,"Albuquerque, NM: Albuquerque International Sunport",35.00,8.00,1.96,0.00,2.50,0.00,3.54,3.00,0.00,234.00,103.00,0.00,59.00,0.00,72.00
2025,5,MQ,Envoy Air,AGS,"Augusta, GA: Augusta Regional at Bush Field",4.00,0.00,0.00,0.00,0.00,0.00,0.00,1.00,0.00,0.00,0.00,0.00,0.00,0.00,0.00
2025,5,MQ,Envoy Air,ALB,"Albany, NY: Albany International",62.00,15.00,2.27,0.00,4.65,0.00,8.08,3.00,0.00,916.00,137.00,0.00,256.00,0.00,523.00
2025,5,MQ,Envoy Air,AMA,"Amarillo, TX: Rick Husband Amarillo International",153.00,35.00,7.48,4.73,9.44,0.00,13.35,7.00,0.00,1862.00,186.00,350.00,519.00,0.00,807.00
2025,5,MQ,Envoy Air,ATL,"Atlanta, GA: Hartsfield-Jackson Atlanta International",105.00,19.00,1.86,0.60,13.76,0.00,2.78,1.00,0.00,923.00,128.00,15.00,710.00,0.00,70.00
2025,5,MQ,Envoy Air,ATW,"Appleton, WI: Appleton International",155.00,37.00,11.22,1.00,6.81,0.00,17.97,1.00,0.00,2591.00,824.00,91.00,166.00,0.00,1510.00
2025,5,MQ,Envoy Air,AUS,"Austin, TX: Austin - Bergstrom International",92.00,18.00,4.15,0.00,10.87,0.00,2.99,5.00,0.00,849.00,228.00,0.00,452.00,0.00,169.00
2025,5,MQ,Envoy Air,AVL,"Asheville, NC: Asheville Regional",139.00,28.00,3.89,2.52,7.82,0.00,13.77,3.00,0.00,2190.00,122.00,1170.00,233.00,0.00,665.00
2025,5,MQ,Envoy Air,BDL,"Hartford, CT: Bradley International",94.00,17.00,5.54,0.00,7.08,0.00,4.38,1.00,0.00,661.00,185.00,0.00,234.00,0.00,242.00
2025,5,MQ,Envoy Air,BFL,"Bakersfield, CA: Meadows Field",53.00,7.00,3.90,0.00,1.24,0.00,1.85,0.00,0.00,366.00,202.00,0.00,31.00,0.00,133.00
2025,5,MQ,Envoy Air,BGR,"Bangor, ME: Bangor International",14.00,2.00,0.00,0.00,1.00,0.00,1.00,0.00,0.00,33.00,0.00,0.00,17.00,0.00,16.00
2025,5,MQ,Envoy Air,BHM,"Birmingham, AL: Birmingham-Shuttlesworth International",201.00,32.00,6.09,2.62,17.14,0.00,6.15,5.00,0.00,1505.00,326.00,151.00,703.00,0.00,325.00
2025,5,MQ,Envoy Air,BIL,"Billings, MT: Billings Logan International",62.00,17.00,1.26,3.95,3.26,0.00,8.53,0.00,0.00,1149.00,30.00,327.00,241.00,0.00,551.00
2025,5,MQ,Envoy Air,BIS,"Bismarck/Mandan, ND: Bismarck Municipal",62.00,18.00,3.15,2.53,4.00,0.00,8.32,0.00,0.00,1244.00,186.00,274.00,157.00,0.00,627.00
2025,5,MQ,Envoy Air,BMI,"Bloomington/Normal, IL: Central Il Regional Airport at Bloomington",150.00,27.00,8.70,0.74,5.78,0.00,11.78,1.00,0.00,1542.00,339.00,43.00,256.00,0.00,904.00
2025,5,MQ,Envoy Air,BNA,"Nashville, TN: Nashville International",127.00,32.00,6.48,1.05,12.21,0.00,12.27,1.00,0.00,1988.00,466.00,93.00,516.00,0.00,913.00
2025,5,MQ,Envoy Air,BOI,"Boise, ID: Boise Air Terminal",26.00,3.00,0.91,0.00,1.09,0.00,1.00,0.00,0.00,91.00,31.00,0.00,22.00,0.00,38.00
2025,5,MQ,Envoy Air,BOS,"Boston, MA: Logan International",149.00,42.00,5.34,10.63,17.22,0.00,8.82,0.00,0.00,2964.00,286.00,806.00,929.00,0.00,943.00
2025,5,MQ,Envoy Air,BRO,"Brownsville, TX: Brownsville South Padre Island International",70.00,16.00,4.24,1.43,3.15,0.00,7.18,2.00,0.00,885.00,170.00,79.00,124.00,0.00,512.00
2025,5,MQ,Envoy Air,BTR,"Baton Rouge, LA: Baton Rouge Metropolitan/Ryan Field",98.00,22.00,3.59,3.56,6.46,0.00,8.39,3.00,2.00,1294.00,108.00,243.00,203.00,0.00,740.00
2025,5,MQ,Envoy Air,BUF,"Buffalo, NY: Buffalo Niagara International",140.00,19.00,2.94,2.30,7.01,0.00,6.75,0.00,1.00,878.00,82.00,291.00,198.00,0.00,307.00
2025,5,MQ,Envoy Air,BWI,"Baltimore, MD: Baltimore/Washington International Thurgood Marshall",87.00,22.00,6.85,0.07,11.21,0.00,3.86,0.00,1.00,856.00,216.00,4.00,385.00,0.00,251.00
2025,5,MQ,Envoy Air,CAE,"Columbia, SC: Columbia Metropolitan",20.00,6.00,1.75,0.00,2.82,0.00,1.43,0.00,1.00,162.00,56.00,0.00,69.00,0.00,37.00
2025,5,MQ,Envoy Air,CHA,"Chattanooga, TN: Lovell Field",62.00,14.00,1.91,3.05,3.43,0.00,5.60,1.00,0.00,1029.00,75.00,211.00,249.00,0.00,494.00
2025,5,MQ,Envoy Air,CHS,"Charleston, SC: Charleston AFB/International",58.00,15.00,4.52,0.00,8.05,0.00,2.43,0.00,0.00,470.00,168.00,0.00,212.00,0.00,90.00
2025,5,MQ,Envoy Air,CID,"Cedar Rapids/Iowa City, IA: The Eastern Iowa",191.00,35.00,9.27,0.31,15.59,0.00,9.84,5.00,0.00,1283.00,392.00,35.00,455.00,0.00,401.00
2025,5,MQ,Envoy Air,CLD,"Carlsbad, CA: McClellan-Palomar",62.00,6.00,3.51,0.00,1.00,0.00,1.49,0.00,0.00,262.00,121.00,0.00,51.00,0.00,90.00
2025,5,MQ,Envoy Air,CLE,"Cleveland, OH: Cleveland-Hopkins International",94.00,15.00,4.74,1.28,2.34,0.00,6.63,0.00,0.00,758.00,144.00,144.00,69.00,0.00,401.00
2025,5,MQ,Envoy Air,CLT,"Charlotte, NC: Charlotte Douglas International",626.00,133.00,20.42,16.19,23.71,0.00,72.67,7.00,0.00,8142.00,1850.00,1080.00,796.00,0.00,4416.00
2025,5,MQ,Envoy Air,CMH,"Columbus, OH: John Glenn Columbus International",315.00,92.00,13.67,3.70,41.03,0.53,33.08,4.00,0.00,5294.00,757.00,323.00,1511.00,28.00,2675.00
2025,5,MQ,Envoy Air,CMI,"Champaign/Urbana, IL: University of Illinois/Willard",150.00,26.00,6.59,1.30,4.05,0.00,14.06,1.00,0.00,1850.00,250.00,116.00,97.00,0.00,1387.00
2025,5,MQ,Envoy Air,COU,"Columbia, MO: Columbia Regional",153.00,22.00,5.15,1.65,6.29,0.00,8.91,2.00,0.00,1375.00,130.00,224.00,309.00,0.00,712.00
2025,5,MQ,Envoy Air,CRP,"Corpus Christi, TX: Corpus Christi International",217.00,54.00,8.22,8.47,13.67,0.00,23.64,9.00,0.00,3637.00,305.00,1137.00,547.00,0.00,1648.00
2025,5,MQ,Envoy Air,CVG,"Cincinnati, OH: Cincinnati/Northern Kentucky International",223.00,57.00,10.40,3.13,18.45,0.00,25.02,1.00,0.00,3709.00,567.00,400.00,977.00,0.00,1765.00
2025,5,MQ,Envoy Air,CWA,"Mosinee, WI: Central Wisconsin",56.00,7.00,0.66,0.00,4.00,0.00,2.34,1.00,0.00,409.00,83.00,0.00,106.00,0.00,220.00
2025,5,MQ,Envoy Air,DAY,"Dayton, OH: James M Cox/Dayton International",5.00,1.00,0.00,0.00,1.00,0.00,0.00,0.00,0.00,85.00,0.00,0.00,85.00,0.00,0.00
2025,5,MQ,Envoy Air,DCA,"Washington, DC: Ronald Reagan Washington National",440.00,100.00,12.41,5.20,49.91,0.00,32.48,13.00,1.00,5707.00,660.00,286.00,2071.00,0.00,2690.00
2025,5,MQ,Envoy Air,DEN,"Denver, CO: Denver International",30.00,22.00,0.05,3.30,12.28,0.98,5.38,0.00,0.00,1279.00,2.00,328.00,698.00,56.00,195.00
2025,5,MQ,Envoy Air,DFW,"Dallas/Fort Worth, TX: Dallas/Fort Worth International",5244.00,1177.00,210.72,196.78,354.48,0.50,414.51,201.00,28.00,101539.00,20790.00,22057.00,22503.00,25.00,36164.00
2025,5,MQ,Envoy Air,DSM,"Des Moines, IA: Des Moines International",72.00,13.00,2.45,0.00,7.17,0.00,3.38,0.00,0.00,381.00,50.00,0.00,220.00,0.00,111.00
2025,5,MQ,Envoy Air,DTW,"Detroit, MI: Detroit Metro Wayne County",12.00,3.00,0.00,0.00,1.16,0.00,1.84,0.00,0.00,133.00,0.00,0.00,28.00,0.00,105.00
2025,5,MQ,Envoy Air,ECP,"Panama City, FL: Northwest Florida Beaches International",31.00,7.00,1.18,0.18,1.48,0.00,4.16,1.00,0.00,522.00,49.00,24.00,129.00,0.00,320.00
2025,5,MQ,Envoy Air,ELP,"El Paso, TX: El Paso International",122.00,18.00,5.65,0.90,5.68,0.00,5.77,2.00,0.00,851.00,235.00,21.00,277.00,0.00,318.00
2025,5,MQ,Envoy Air,EVV,"Evansville, IN: Evansville Regional",62.00,11.00,1.00,3.98,2.27,0.00,3.75,0.00,0.00,672.00,39.00,215.00,66.00,0.00,352.00
2025,5,MQ,Envoy Air,EWR,"Newark, NJ: Newark Liberty International",96.00,40.00,1.00,0.00,32.29,0.00,6.71,21.00,0.00,3256.00,56.00,0.00,2586.00,0.00,614.00
2025,5,MQ,Envoy Air,EYW,"Key West, FL: Key West International",190.00,40.00,8.37,1.34,21.97,0.00,8.32,2.00,0.00,1700.00,475.00,82.00,726.00,0.00,417.00
2025,5,MQ,Envoy Air,FAR,"Fargo, ND: Hector International",185.00,29.00,7.16,3.06,9.45,0.00,9.32,3.00,0.00,1824.00,430.00,259.00,423.00,0.00,712.00
2025,5,MQ,Envoy Air,FAT,"Fresno, CA: Fresno Yosemite International",1.00,0.00,0.00,0.00,0.00,0.00,0.00,0.00,0.00,0.00,0.00,0.00,0.00,0.00,0.00
2025,5,MQ,Envoy Air,FCA,"Kalispell, MT: Glacier Park International",27.00,6.00,0.89,1.00,4.11,0.00,0.00,0.00,0.00,273.00,48.00,142.00,83.00,0.00,0.00
2025,5,MQ,Envoy Air,FSD,"Sioux Falls, SD: Joe Foss Field",131.00,25.00,4.67,1.58,11.19,0.00,7.56,2.00,0.00,1181.00,195.00,119.00,360.00,0.00,507.00
2025,5,MQ,Envoy Air,FSM,"Fort Smith, AR: Fort Smith Regional",93.00,15.00,3.76,2.99,2.44,0.00,5.81,5.00,0.00,793.00,76.00,263.00,79.00,0.00,375.00
2025,5,MQ,Envoy Air,FWA,"Fort Wayne, IN: Fort Wayne International",151.00,38.00,14.31,4.65,8.14,0.00,10.90,3.00,0.00,2188.00,845.00,219.00,272.00,0.00,852.00
2025,5,MQ,Envoy Air,GCK,"Garden City, KS: Garden City Regional",62.00,16.00,0.08,5.18,2.17,0.00,8.57,0.00,0.00,606.00,3.00,139.00,71.00,0.00,393.00
2025,5,MQ,Envoy Air,GJT,"Grand Junction, CO: Grand Junction Regional",35.00,9.00,2.00,0.03,3.35,1.00,2.61,0.00,0.00,483.00,49.00,6.00,134.00,44.00,250.00
2025,5,MQ,Envoy Air,GNV,"Gainesville, FL: Gainesville Regional",31.00,5.00,1.76,0.00,2.30,0.00,0.94,0.00,0.00,220.00,112.00,0.00,71.00,0.00,37.00
2025,5,MQ,Envoy Air,GPT,"Gulfport/Biloxi, MS: Gulfport-Biloxi International",35.00,8.00,0.18,0.19,4.14,0.00,3.49,3.00,0.00,555.00,24.00,26.00,309.00,0.00,196.00
2025,5,MQ,Envoy Air,GRB,"Green Bay, WI: Green Bay Austin Straubel International",91.00,16.00,3.46,0.28,4.64,0.00,7.63,2.00,0.00,981.00,309.00,5.00,129.00,0.00,538.00
2025,5,MQ,Envoy Air,GRK,"Killeen, TX: Robert Gray AAF",93.00,26.00,4.22,2.99,8.50,0.00,10.29,3.00,0.00,1917.00,330.00,258.00,426.00,0.00,903.00
2025,5,MQ,Envoy Air,GRR,"Grand Rapids, MI: Gerald R. Ford International",41.00,4.00,0.65,0.00,1.20,0.00,2.15,0.00,0.00,123.00,13.00,0.00,28.00,0.00,82.00
2025,5,MQ,Envoy Air,GSO,"Greensboro/High Point, NC: Piedmont Triad International",149.00,29.00,9.49,1.91,7.02,0.00,10.58,1.00,0.00,1602.00,607.00,148.00,291.00,0.00,556.00
2025,5,MQ,Envoy Air,GSP,"Greer, SC: Greenville-Spartanburg International",232.00,38.00,6.05,0.27,15.38,0.00,16.30,2.00,0.00,2414.00,422.00,72.00,626.00,0.00,1294.00
2025,5,MQ,Envoy Air,HHH,"Hilton Head, SC: Hilton Head Airport",124.00,32.00,6.38,4.09,10.90,0.00,10.63,0.00,1.00,1570.00,385.00,256.00,433.00,0.00,496.00
2025,5,MQ,Envoy Air,HOU,"Houston, TX: William P Hobby",42.00,18.00,2.02,0.85,6.93,0.00,8.20,3.00,0.00,1088.00,118.00,71.00,327.00,0.00,572.00
2025,5,MQ,Envoy Air,HPN,"White Plains, NY: Westchester County",122.00,30.00,6.72,2.71,15.35,0.00,5.22,3.00,2.00,1249.00,279.00,133.00,400.00,0.00,437.00
2025,5,MQ,Envoy Air,HRL,"Harlingen/San Benito, TX: Valley International",124.00,22.00,5.97,1.07,7.52,0.00,7.44,5.00,0.00,1150.00,323.00,48.00,273.00,0.00,506.00
2025,5,MQ,Envoy Air,HSV,"Huntsville, AL: Huntsville International-Carl T Jones Field",89.00,23.00,3.58,0.99,6.52,0.00,11.91,2.00,1.00,1262.00,87.00,132.00,433.00,0.00,610.00
2025,5,MQ,Envoy Air,IAH,"Houston, TX: George Bush Intercontinental/Houston",97.00,19.00,3.51,2.14,6.99,0.00,6.36,3.00,0.00,1291.00,189.00,218.00,373.00,0.00,511.00
2025,5,MQ,Envoy Air,ICT,"Wichita, KS: Wichita Dwight D Eisenhower National",149.00,32.00,4.60,4.09,11.47,0.00,11.84,6.00,0.00,1923.00,224.00,490.00,432.00,0.00,777.00
2025,5,MQ,Envoy Air,ILM,"Wilmington, NC: Wilmington International",150.00,24.00,6.84,0.36,6.10,0.00,10.71,3.00,0.00,1101.00,421.00,10.00,137.00,0.00,533.00
2025,5,MQ,Envoy Air,IND,"Indianapolis, IN: Indianapolis International",86.00,13.00,5.13,0.38,4.84,0.00,2.65,0.00,0.00,584.00,275.00,6.00,187.00,0.00,116.00
2025,5,MQ,Envoy Air,JAX,"Jacksonville, FL: Jacksonville International",118.00,11.00,1.82,0.59,4.27,0.00,4.32,1.00,1.00,595.00,42.00,52.00,233.00,0.00,268.00
2025,5,MQ,Envoy Air,LAN,"Lansing, MI: Capital Region International",91.00,22.00,4.60,0.00,10.35,0.00,7.05,2.00,0.00,747.00,131.00,0.00,295.00,0.00,321.00
2025,5,MQ,Envoy Air,LAX,"Los Angeles, CA: Los Angeles International",30.00,1.00,0.00,0.00,0.00,0.00,1.00,0.00,0.00,43.00,0.00,0.00,0.00,0.00,43.00
2025,5,MQ,Envoy Air,LBB,"Lubbock, TX: Lubbock Preston Smith International",128.00,25.00,2.93,1.87,8.19,0.00,12.01,7.00,0.00,1430.00,148.00,165.00,291.00,0.00,826.00
2025,5,MQ,Envoy Air,LEX,"Lexington, KY: Blue Grass",126.00,30.00,5.52,2.35,6.91,0.00,15.21,4.00,0.00,1511.00,202.00,274.00,267.00,0.00,768.00
2025,5,MQ,Envoy Air,LFT,"Lafayette, LA: Lafayette Regional Paul Fournet Field",8.00,2.00,0.79,0.13,0.63,0.00,0.45,0.00,0.00,179.00,31.00,18.00,88.00,0.00,42.00
2025,5,MQ,Envoy Air,LIT,"Little Rock, AR: Bill and Hillary Clinton Nat Adams Field",327.00,73.00,11.07,7.52,20.12,0.00,34.28,9.00,0.00,4670.00,469.00,562.00,863.00,0.00,2776.00
2025,5,MQ,Envoy Air,LRD,"Laredo, TX: Laredo International",147.00,33.00,8.05,1.80,11.97,0.00,11.18,10.00,0.00,1848.00,443.00,190.00,544.00,0.00,671.00
2025,5,MQ,Envoy Air,LSE,"La Crosse, WI: La Crosse Regional",91.00,9.00,2.09,0.13,2.53,0.00,4.25,1.00,0.00,519.00,115.00,18.00,68.00,0.00,318.00
2025,5,MQ,Envoy Air,MAF,"Midland/Odessa, TX: Midland International Air and Space Port",181.00,49.00,4.88,8.84,18.45,0.00,16.84,7.00,1.00,3220.00,242.00,971.00,972.00,0.00,1035.00
2025,5,MQ,Envoy Air,MCI,"Kansas City, MO: Kansas City International",97.00,16.00,4.23,0.00,5.75,0.00,6.02,2.00,0.00,819.00,169.00,0.00,231.00,0.00,419.00
2025,5,MQ,Envoy Air,MDT,"Harrisburg, PA: Harrisburg International",29.00,6.00,2.35,0.00,0.60,0.00,3.06,0.00,0.00,334.00,88.00,0.00,26.00,0.00,220.00
2025,5,MQ,Envoy Air,MEM,"Memphis, TN: Memphis International",87.00,11.00,4.04,0.00,4.32,0.00,2.64,2.00,0.00,549.00,235.00,0.00,159.00,0.00,155.00
2025,5,MQ,Envoy Air,MFE,"Mission/McAllen/Edinburg, TX: McAllen International",58.00,6.00,1.86,0.02,3.57,0.00,0.55,3.00,0.00,445.00,57.00,1.00,358.00,0.00,29.00
2025,5,MQ,Envoy Air,MHK,"Manhattan/Ft. Riley, KS: Manhattan Regional",151.00,35.00,9.04,5.10,8.55,0.00,12.30,6.00,0.00,2083.00,333.00,678.00,305.00,0.00,767.00
2025,5,MQ,Envoy Air,MHT,"Manchester, NH: Manchester Boston Regional",54.00,10.00,1.94,1.00,3.63,0.00,3.43,0.00,1.00,538.00,63.00,204.00,80.00,0.00,191.00
2025,5,MQ,Envoy Air,MIA,"Miami, FL: Miami International",1039.00,203.00,48.75,20.16,58.88,1.37,73.84,11.00,1.00,13732.00,3645.00,1541.00,2225.00,31.00,6290.00
2025,5,MQ,Envoy Air,MLI,"Moline, IL: Quad Cities International",90.00,23.00,1.09,1.45,6.51,0.00,13.95,1.00,1.00,1213.00,39.00,61.00,205.00,0.00,908.00
2025,5,MQ,Envoy Air,MLU,"Monroe, LA: Monroe Regional",93.00,20.00,5.77,2.95,1.48,0.00,9.80,7.00,0.00,1207.00,222.00,296.00,69.00,0.00,620.00
2025,5,MQ,Envoy Air,MQT,"Marquette, MI: Marquette Sawyer Regional",58.00,10.00,2.94,0.94,1.41,0.00,4.70,0.00,0.00,785.00,183.00,116.00,64.00,0.00,422.00
2025,5,MQ,Envoy Air,MRY,"Monterey, CA: Monterey Regional",58.00,27.00,3.04,0.00,19.31,0.00,4.65,0.00,0.00,1222.00,148.00,0.00,840.00,0.00,234.00
2025,5,MQ,Envoy Air,MSN,"Madison, WI: Dane County Regional-Truax Field",92.00,12.00,3.44,0.45,2.23,0.00,5.88,2.00,0.00,561.00,154.00,25.00,77.00,0.00,305.00
2025,5,MQ,Envoy Air,MSO,"Missoula, MT: Missoula Montana",4.00,1.00,0.00,0.78,0.22,0.00,0.00,0.00,0.00,245.00,0.00,192.00,53.00,0.00,0.00
2025,5,MQ,Envoy Air,MSP,"Minneapolis, MN: Minneapolis-St Paul International",127.00,37.00,5.88,1.45,19.59,0.00,10.08,2.00,0.00,1494.00,307.00,65.00,623.00,0.00,499.00
2025,5,MQ,Envoy Air,MSY,"New Orleans, LA: Louis Armstrong New Orleans International",68.00,16.00,1.87,0.67,9.36,0.00,4.11,5.00,0.00,633.00,49.00,68.00,337.00,0.00,179.00
2025,5,MQ,Envoy Air,MTJ,"Montrose/Delta, CO: Montrose Regional",31.00,6.00,0.54,1.16,2.56,0.00,1.74,0.00,0.00,541.00,20.00,243.00,159.00,0.00,119.00
2025,5,MQ,Envoy Air,MYR,"Myrtle Beach, SC: Myrtle Beach International",54.00,9.00,1.80,1.86,2.43,0.00,2.90,1.00,0.00,384.00,65.00,57.00,74.00,0.00,188.00
2025,5,MQ,Envoy Air,OKC,"Oklahoma City, OK: Will Rogers World",237.00,43.00,10.34,1.84,13.19,0.00,17.63,7.00,1.00,2866.00,420.00,644.00,657.00,0.00,1145.00
2025,5,MQ,Envoy Air,OMA,"Omaha, NE: Eppley Airfield",37.00,6.00,2.96,0.00,0.35,0.00,2.69,1.00,0.00,256.00,150.00,0.00,22.00,0.00,84.00
2025,5,MQ,Envoy Air,ONT,"Ontario, CA: Ontario International",9.00,0.00,0.00,0.00,0.00,0.00,0.00,0.00,0.00,0.00,0.00,0.00,0.00,0.00,0.00
2025,5,MQ,Envoy Air,ORD,"Chicago, IL: Chicago O'Hare International",4451.00,895.00,183.96,46.05,332.16,3.17,329.66,63.00,6.00,56897.00,15084.00,5770.00,14678.00,147.00,21218.00
2025,5,MQ,Envoy Air,ORF,"Norfolk, VA: Norfolk International",32.00,6.00,2.38,0.00,2.29,0.00,1.33,1.00,0.00,343.00,166.00,0.00,129.00,0.00,48.00
2025,5,MQ,Envoy Air,PDX,"Portland, OR: Portland International",1.00,0.00,0.00,0.00,0.00,0.00,0.00,0.00,0.00,0.00,0.00,0.00,0.00,0.00,0.00
2025,5,MQ,Envoy Air,PHX,"Phoenix, AZ: Phoenix Sky Harbor International",779.00,105.00,25.67,2.91,22.17,1.00,53.24,1.00,1.00,6653.00,2257.00,140.00,863.00,31.00,3362.00
2025,5,MQ,Envoy Air,PIA,"Peoria, IL: General Downing - Peoria International",93.00,17.00,3.64,1.61,6.66,0.00,5.09,2.00,0.00,894.00,238.00,96.00,328.00,0.00,232.00
2025,5,MQ,Envoy Air,PIT,"Pittsburgh, PA: Pittsburgh International",141.00,26.00,9.08,1.00,9.77,0.00,6.14,2.00,1.00,1052.00,346.00,78.00,283.00,0.00,345.00
2025,5,MQ,Envoy Air,PNS,"Pensacola, FL: Pensacola International",142.00,21.00,5.74,0.59,10.31,0.00,4.36,1.00,0.00,806.00,274.00,56.00,336.00,0.00,140.00
2025,5,MQ,Envoy Air,PSP,"Palm Springs, CA: Palm Springs International",20.00,4.00,0.00,0.00,1.67,0.00,2.33,0.00,0.00,102.00,0.00,0.00,50.00,0.00,52.00
2025,5,MQ,Envoy Air,PVD,"Providence, RI: Rhode Island Tf Green International",3.00,1.00,0.00,0.00,1.00,0.00,0.00,0.00,0.00,17.00,0.00,0.00,17.00,0.00,0.00
2025,5,MQ,Envoy Air,PWM,"Portland, ME: Portland International Jetport",27.00,0.00,0.00,0.00,0.00,0.00,0.00,0.00,0.00,0.00,0.00,0.00,0.00,0.00,0.00
2025,5,MQ,Envoy Air,RAP,"Rapid City, SD: Rapid City Regional",116.00,21.00,7.43,2.14,5.74,0.00,5.68,5.00,3.00,1042.00,347.00,59.00,220.00,0.00,416.00
2025,5,MQ,Envoy Air,RDM,"Bend/Redmond, OR: Roberts Field",61.00,9.00,3.54,0.00,0.66,0.00,4.80,0.00,0.00,456.00,249.00,0.00,39.00,0.00,168.00
2025,5,MQ,Envoy Air,RDU,"Raleigh/Durham, NC: Raleigh-Durham International",113.00,17.00,3.07,0.44,5.50,0.00,8.00,1.00,1.00,813.00,155.00,17.00,149.00,0.00,492.00
2025,5,MQ,Envoy Air,RIC,"Richmond, VA: Richmond International",86.00,12.00,1.79,0.10,4.60,0.00,5.51,0.00,0.00,513.00,47.00,4.00,156.00,0.00,306.00
2025,5,MQ,Envoy Air,RNO,"Reno, NV: Reno/Tahoe International",4.00,0.00,0.00,0.00,0.00,0.00,0.00,0.00,0.00,0.00,0.00,0.00,0.00,0.00,0.00
2025,5,MQ,Envoy Air,ROC,"Rochester, NY: Frederick Douglass Grtr Rochester International",122.00,15.00,4.41,0.00,6.10,0.00,4.49,1.00,0.00,549.00,140.00,0.00,229.00,0.00,180.00
2025,5,MQ,Envoy Air,RSW,"Fort Myers, FL: Southwest Florida International",3.00,2.00,0.13,0.00,0.35,0.00,1.52,0.00,0.00,123.00,10.00,0.00,28.00,0.00,85.00
2025,5,MQ,Envoy Air,SAT,"San Antonio, TX: San Antonio International",154.00,35.00,4.70,1.63,15.66,0.00,13.00,7.00,0.00,2767.00,264.00,528.00,697.00,0.00,1278.00
2025,5,MQ,Envoy Air,SAV,"Savannah, GA: Savannah/Hilton Head International",112.00,32.00,5.01,0.99,19.50,0.00,6.51,4.00,2.00,1447.00,205.00,93.00,711.00,0.00,438.00
2025,5,MQ,Envoy Air,SBP,"San Luis Obispo, CA: San Luis County Regional",68.00,20.00,4.54,0.00,2.23,0.00,13.24,0.00,0.00,938.00,188.00,0.00,55.00,0.00,695.00
2025,5,MQ,Envoy Air,SDF,"Louisville, KY: Louisville Muhammad Ali International",88.00,17.00,4.24,2.10,5.53,0.00,5.12,1.00,0.00,1015.00,187.00,149.00,259.00,0.00,420.00
2025,5,MQ,Envoy Air,SGF,"Springfield, MO: Springfield-Branson National",370.00,80.00,10.11,11.27,30.34,0.00,28.27,7.00,1.00,4377.00,461.00,1058.00,1073.00,0.00,1785.00
2025,5,MQ,Envoy Air,SHV,"Shreveport, LA: Shreveport Regional",89.00,21.00,1.42,4.16,3.79,0.00,11.63,4.00,0.00,1453.00,56.00,286.00,115.00,0.00,996.00
2025,5,MQ,Envoy Air,SLC,"Salt Lake City, UT: Salt Lake City International",26.00,5.00,0.65,0.00,1.13,0.00,3.22,0.00,0.00,230.00,37.00,0.00,32.00,0.00,161.00
2025,5,MQ,Envoy Air,SMF,"Sacramento, CA: Sacramento International",3.00,1.00,0.13,0.00,0.00,0.00,0.87,0.00,0.00,61.00,8.00,0.00,0.00,0.00,53.00
2025,5,MQ,Envoy Air,SPI,"Springfield, IL: Abraham Lincoln Capital",61.00,7.00,1.07,0.00,1.49,0.00,4.44,0.00,0.00,244.00,34.00,0.00,47.00,0.00,163.00
2025,5,MQ,Envoy Air,STL,"St. Louis, MO: St Louis Lambert International",211.00,31.00,4.60,3.51,9.17,0.00,13.72,5.00,1.00,1094.00,171.00,128.00,279.00,0.00,516.00
2025,5,MQ,Envoy Air,STS,"Santa Rosa, CA: Charles M. Schulz - Sonoma County",31.00,5.00,0.29,0.00,3.39,0.00,1.32,0.00,0.00,268.00,9.00,0.00,71.00,0.00,188.00
2025,5,MQ,Envoy Air,SYR,"Syracuse, NY: Syracuse Hancock International",112.00,16.00,1.51,0.09,7.38,0.00,7.02,2.00,0.00,735.00,46.00,8.00,277.00,0.00,404.00
2025,5,MQ,Envoy Air,TLH,"Tallahassee, FL: Tallahassee International",154.00,28.00,6.90,2.20,10.17,0.00,8.73,3.00,0.00,1294.00,188.00,117.00,451.00,0.00,538.00
2025,5,MQ,Envoy Air,TPA,"Tampa, FL: Tampa International",120.00,27.00,5.77,1.39,10.18,0.00,9.67,3.00,0.00,1225.00,161.00,138.00,350.00,0.00,576.00
2025,5,MQ,Envoy Air,TRI,"Bristol/Johnson City/Kingsport, TN: Tri Cities",31.00,3.00,1.16,0.11,0.68,0.00,1.06,1.00,0.00,167.00,41.00,3.00,19.00,0.00,104.00
2025,5,MQ,Envoy Air,TUL,"Tulsa, OK: Tulsa International",54.00,13.00,1.25,1.32,5.93,0.00,4.50,0.00,0.00,786.00,55.00,156.00,280.00,0.00,295.00
2025,5,MQ,Envoy Air,TUS,"Tucson, AZ: Tucson International",51.00,6.00,2.39,0.00,1.88,0.00,1.73,0.00,0.00,480.00,262.00,0.00,71.00,0.00,147.00
2025,5,MQ,Envoy Air,TVC,"Traverse City, MI: Cherry Capital",122.00,31.00,9.83,3.09,5.26,0.00,12.82,0.00,1.00,2092.00,362.00,779.00,223.00,0.00,728.00
2025,5,MQ,Envoy Air,TYS,"Knoxville, TN: McGhee Tyson",59.00,16.00,1.96,1.81,7.41,0.00,4.82,2.00,0.00,1147.00,165.00,263.00,306.00,0.00,413.00
2025,5,MQ,Envoy Air,VPS,"Valparaiso, FL: Eglin AFB Destin Fort Walton Beach",112.00,23.00,3.42,0.90,11.28,0.00,7.40,6.00,0.00,1167.00,113.00,67.00,468.00,0.00,519.00
2025,5,MQ,Envoy Air,XNA,"Fayetteville, AR: Northwest Arkansas National",487.00,128.00,16.50,12.86,48.18,0.00,50.46,13.00,3.00,7981.00,826.00,947.00,2232.00,0.00,3976.00
2025,5,NK,Spirit Airlines,ABQ,"Albuquerque, NM: Albuquerque International Sunport",9.00,0.00,0.00,0.00,0.00,0.00,0.00,0.00,0.00,0.00,0.00,0.00,0.00,0.00,0.00
2025,5,NK,Spirit Airlines,ACY,"Atlantic City, NJ: Atlantic City International",179.00,45.00,13.88,3.19,17.76,0.00,10.17,0.00,1.00,3562.00,1080.00,181.00,970.00,0.00,1331.00
2025,5,NK,Spirit Airlines,ATL,"Atlanta, GA: Hartsfield-Jackson Atlanta International",828.00,230.00,41.24,4.66,145.31,0.28,38.51,7.00,1.00,14615.00,2844.00,469.00,8921.00,17.00,2364.00
2025,5,NK,Spirit Airlines,AUS,"Austin, TX: Austin - Bergstrom International",117.00,37.00,3.96,0.86,24.44,0.00,7.74,2.00,0.00,2423.00,255.00,50.00,1679.00,0.00,439.00
2025,5,NK,Spirit Airlines,BDL,"Hartford, CT: Bradley International",64.00,8.00,5.00,0.00,1.04,0.00,1.96,0.00,0.00,373.00,235.00,0.00,45.00,0.00,93.00
2025,5,NK,Spirit Airlines,BHM,"Birmingham, AL: Birmingham-Shuttlesworth International",19.00,4.00,1.19,0.00,2.81,0.00,0.00,0.00,0.00,109.00,19.00,0.00,90.00,0.00,0.00
2025,5,NK,Spirit Airlines,BNA,"Nashville, TN: Nashville International",372.00,102.00,26.88,1.37,54.29,0.18,19.27,5.00,0.00,7668.00,2228.00,67.00,3571.00,11.00,1791.00
2025,5,NK,Spirit Airlines,BOI,"Boise, ID: Boise Air Terminal",9.00,0.00,0.00,0.00,0.00,0.00,0.00,0.00,0.00,0.00,0.00,0.00,0.00,0.00,0.00
2025,5,NK,Spirit Airlines,BOS,"Boston, MA: Logan International",380.00,120.00,17.48,2.34,86.55,0.06,13.57,10.00,0.00,8472.00,1445.00,137.00,5688.00,3.00,1199.00
2025,5,NK,Spirit Airlines,BUR,"Burbank, CA: Bob Hope",121.00,10.00,1.89,0.00,6.75,0.00,1.36,3.00,0.00,681.00,129.00,0.00,512.00,0.00,40.00
2025,5,NK,Spirit Airlines,BWI,"Baltimore, MD: Baltimore/Washington International Thurgood Marshall",522.00,147.00,39.55,4.32,80.86,2.07,20.19,4.00,1.00,9224.00,2475.00,412.00,4683.00,157.00,1497.00
2025,5,NK,Spirit Airlines,CHS,"Charleston, SC: Charleston AFB/International",94.00,32.00,4.34,0.00,23.76,0.03,3.87,5.00,0.00,3098.00,394.00,0.00,2286.00,10.00,408.00
2025,5,NK,Spirit Airlines,CLE,"Cleveland, OH: Cleveland-Hopkins International",55.00,18.00,4.02,0.47,10.07,0.71,2.73,0.00,0.00,885.00,262.00,41.00,420.00,46.00,116.00
2025,5,NK,Spirit Airlines,CLT,"Charlotte, NC: Charlotte Douglas International",309.00,80.00,19.13,5.61,44.82,0.00,10.44,4.00,0.00,6506.00,1190.00,407.00,4133.00,0.00,776.00
2025,5,NK,Spirit Airlines,CMH,"Columbus, OH: John Glenn Columbus International",207.00,62.00,15.89,1.75,35.12,0.66,8.59,3.00,0.00,3652.00,1002.00,176.00,1837.00,27.00,610.00
2025,5,NK,Spirit Airlines,DFW,"Dallas/Fort Worth, TX: Dallas/Fort Worth International",622.00,199.00,40.13,1.85,125.17,0.00,31.85,2.00,0.00,15256.00,3487.00,131.00,8839.00,0.00,2799.00
2025,5,NK,Spirit Airlines,DTW,"Detroit, MI: Detroit Metro Wayne County",838.00,192.00,46.15,3.93,109.49,0.13,32.29,6.00,0.00,14253.00,3274.00,267.00,8012.00,12.00,2688.00
2025,5,NK,Spirit Airlines,EWR,"Newark, NJ: Newark Liberty International",725.00,369.00,20.02,6.45,325.67,0.18,16.68,49.00,2.00,42789.00,2212.00,479.00,38059.00,6.00,2033.00
2025,5,NK,Spirit Airlines,FLL,"Fort Lauderdale, FL: Fort Lauderdale-Hollywood International",1714.00,412.00,85.70,15.26,215.69,3.23,92.11,11.00,4.00,33597.00,7159.00,1009.00,18417.00,168.00,6844.00
2025,5,NK,Spirit Airlines,IAH,"Houston, TX: George Bush Intercontinental/Houston",668.00,200.00,34.70,5.57,113.45,1.13,45.16,8.00,3.00,17434.00,2985.00,298.00,9897.00,36.00,4218.00
2025,5,NK,Spirit Airlines,IND,"Indianapolis, IN: Indianapolis International",211.00,51.00,10.07,3.98,27.39,0.13,9.43,2.00,1.00,2942.00,376.00,154.00,1518.00,13.00,881.00
2025,5,NK,Spirit Airlines,LAS,"Las Vegas, NV: Harry Reid International",1791.00,324.00,61.49,9.48,165.95,1.17,85.91,19.00,0.00,22245.00,3408.00,648.00,10953.00,37.00,7199.00
2025,5,NK,Spirit Airlines,LAX,"Los Angeles, CA: Los Angeles International",637.00,106.00,32.19,5.07,46.99,1.16,20.59,2.00,0.00,6696.00,1422.00,658.00,2954.00,44.00,1618.00
2025,5,NK,Spirit Airlines,LBE,"Latrobe, PA: Arnold Palmer Regional",63.00,9.00,4.00,0.00,2.03,0.00,2.97,1.00,0.00,440.00,116.00,0.00,57.00,0.00,267.00
2025,5,NK,Spirit Airlines,LGA,"New York, NY: LaGuardia",426.00,109.00,11.37,2.65,81.69,0.00,13.28,7.00,1.00,8830.00,490.00,68.00,6664.00,0.00,1608.00
2025,5,NK,Spirit Airlines,MCI,"Kansas City, MO: Kansas City International",135.00,24.00,6.46,3.07,9.24,0.00,5.23,1.00,0.00,1508.00,297.00,226.00,459.00,0.00,526.00
2025,5,NK,Spirit Airlines,MCO,"Orlando, FL: Orlando International",1656.00,429.00,76.83,4.19,247.64,3.18,97.15,20.00,21.00,36220.00,6663.00,340.00,19430.00,126.00,9661.00
2025,5,NK,Spirit Airlines,MEM,"Memphis, TN: Memphis International",77.00,16.00,3.56,0.00,7.60,0.00,4.84,0.00,0.00,1281.00,255.00,0.00,573.00,0.00,453.00
2025,5,NK,Spirit Airlines,MIA,"Miami, FL: Miami International",372.00,82.00,8.47,1.72,55.97,0.00,15.85,6.00,1.00,5873.00,342.00,156.00,4415.00,0.00,960.00
2025,5,NK,Spirit Airlines,MKE,"Milwaukee, WI: General Mitchell International",79.00,12.00,3.21,0.00,7.24,0.00,1.55,1.00,1.00,732.00,200.00,0.00,490.00,0.00,42.00
2025,5,NK,Spirit Airlines,MSP,"Minneapolis, MN: Minneapolis-St Paul International",38.00,19.00,1.46,0.00,12.27,0.00,5.27,1.00,0.00,1002.00,160.00,0.00,654.00,0.00,188.00
2025,5,NK,Spirit Airlines,MSY,"New Orleans, LA: Louis Armstrong New Orleans International",433.00,120.00,29.47,4.93,53.70,0.10,31.81,5.00,0.00,9503.00,2148.00,526.00,3929.00,23.00,2877.00
2025,5,NK,Spirit Airlines,MYR,"Myrtle Beach, SC: Myrtle Beach International",399.00,78.00,18.63,1.20,39.22,0.00,18.95,10.00,1.00,7914.00,2965.00,80.00,3195.00,0.00,1674.00
2025,5,NK,Spirit Airlines,OAK,"Oakland, CA: Metro Oakland International",167.00,15.00,1.71,0.00,6.35,0.00,6.94,3.00,0.00,952.00,35.00,0.00,417.00,0.00,500.00
2025,5,NK,Spirit Airlines,ORD,"Chicago, IL: Chicago O'Hare International",538.00,121.00,31.45,3.27,59.61,1.97,24.69,3.00,0.00,8414.00,1568.00,438.00,4501.00,155.00,1752.00
2025,5,NK,Spirit Airlines,ORF,"Norfolk, VA: Norfolk International",89.00,20.00,3.87,0.24,10.17,0.00,5.73,1.00,1.00,1632.00,96.00,26.00,573.00,0.00,937.00
2025,5,NK,Spirit Airlines,PBI,"West Palm Beach/Palm Beach, FL: Palm Beach International",20.00,2.00,1.00,1.00,0.00,0.00,0.00,0.00,0.00,121.00,22.00,99.00,0.00,0.00,0.00
2025,5,NK,Spirit Airlines,PDX,"Portland, OR: Portland International",64.00,6.00,1.51,0.00,2.49,0.00,2.00,0.00,0.00,184.00,62.00,0.00,59.00,0.00,63.00
2025,5,NK,Spirit Airlines,PHL,"Philadelphia, PA: Philadelphia International",345.00,88.00,21.40,3.51,46.58,0.00,16.51,4.00,0.00,6722.00,1215.00,979.00,3051.00,0.00,1477.00
2025,5,NK,Spirit Airlines,PHX,"Phoenix, AZ: Phoenix Sky Harbor International",28.00,4.00,0.15,0.00,0.78,0.00,3.07,0.00,0.00,442.00,28.00,0.00,95.00,0.00,319.00
2025,5,NK,Spirit Airlines,PIT,"Pittsburgh, PA: Pittsburgh International",150.00,32.00,5.43,0.36,20.35,0.00,5.86,4.00,0.00,1947.00,259.00,9.00,1308.00,0.00,371.00
2025,5,NK,Spirit Airlines,PNS,"Pensacola, FL: Pensacola International",128.00,34.00,4.96,3.75,21.51,0.00,3.78,1.00,0.00,2726.00,252.00,659.00,1630.00,0.00,185.00
2025,5,NK,Spirit Airlines,RDU,"Raleigh/Durham, NC: Raleigh-Durham International",53.00,10.00,1.98,0.00,7.63,0.00,0.38,2.00,0.00,1220.00,154.00,0.00,1046.00,0.00,20.00
2025,5,NK,Spirit Airlines,RIC,"Richmond, VA: Richmond International",77.00,21.00,7.16,1.00,10.92,0.00,1.91,1.00,0.00,1052.00,270.00,62.00,622.00,0.00,98.00
2025,5,NK,Spirit Airlines,RNO,"Reno, NV: Reno/Tahoe International",50.00,5.00,0.06,0.00,2.94,0.00,2.00,1.00,1.00,892.00,3.00,0.00,182.00,0.00,707.00
2025,5,NK,Spirit Airlines,ROC,"Rochester, NY: Frederick Douglass Grtr Rochester International",51.00,8.00,2.66,0.17,3.96,0.00,1.20,0.00,0.00,485.00,151.00,19.00,274.00,0.00,41.00
2025,5,NK,Spirit Airlines,RSW,"Fort Myers, FL: Southwest Florida International",100.00,19.00,3.32,0.00,11.98,0.00,3.70,2.00,0.00,1516.00,322.00,0.00,828.00,0.00,366.00
2025,5,NK,Spirit Airlines,SAN,"San Diego, CA: San Diego International",152.00,23.00,5.25,0.00,10.79,0.00,6.96,1.00,0.00,1553.00,291.00,0.00,633.00,0.00,629.00
2025,5,NK,Spirit Airlines,SAT,"San Antonio, TX: San Antonio International",217.00,54.00,11.23,1.61,23.82,0.00,17.33,0.00,2.00,3476.00,681.00,109.00,1340.00,0.00,1346.00
2025,5,NK,Spirit Airlines,SDF,"Louisville, KY: Louisville Muhammad Ali International",103.00,16.00,2.06,0.00,11.08,0.00,2.86,1.00,0.00,1096.00,95.00,0.00,641.00,0.00,360.00
2025,5,NK,Spirit Airlines,SEA,"Seattle, WA: Seattle/Tacoma International",63.00,8.00,1.38,0.31,2.67,0.00,3.64,0.00,0.00,564.00,84.00,8.00,170.00,0.00,302.00
2025,5,NK,Spirit Airlines,SJC,"San Jose, CA: Norman Y. Mineta San Jose International",126.00,20.00,5.85,0.00,5.25,0.00,8.90,0.00,0.00,1235.00,483.00,0.00,237.00,0.00,515.00
2025,5,NK,Spirit Airlines,SJU,"San Juan, PR: Luis Munoz Marin International",272.00,68.00,22.43,3.58,25.81,1.39,14.79,0.00,0.00,4733.00,1804.00,132.00,1573.00,32.00,1192.00
2025,5,NK,Spirit Airlines,SLC,"Salt Lake City, UT: Salt Lake City International",34.00,8.00,2.84,0.00,2.30,0.00,2.87,1.00,1.00,391.00,69.00,0.00,131.00,0.00,191.00
2025,5,NK,Spirit Airlines,SMF,"Sacramento, CA: Sacramento International",84.00,13.00,5.12,0.00,4.03,0.00,3.85,0.00,0.00,787.00,361.00,0.00,171.00,0.00,255.00
2025,5,NK,Spirit Airlines,SNA,"Santa Ana, CA: John Wayne Airport-Orange County",143.00,10.00,2.36,0.00,3.65,0.00,3.99,1.00,0.00,442.00,55.00,0.00,214.00,0.00,173.00
2025,5,NK,Spirit Airlines,STL,"St. Louis, MO: St Louis Lambert International",14.00,3.00,1.00,1.00,1.00,0.00,0.00,0.00,0.00,169.00,88.00,52.00,29.00,0.00,0.00
2025,5,NK,Spirit Airlines,STT,"Charlotte Amalie, VI: Cyril E King",86.00,16.00,6.71,0.98,1.63,1.00,5.68,0.00,0.00,1670.00,644.00,89.00,347.00,19.00,571.00
2025,5,NK,Spirit Airlines,STX,"Christiansted, VI: Henry E. Rohlsen",13.00,1.00,1.00,0.00,0.00,0.00,0.00,0.00,0.00,76.00,76.00,0.00,0.00,0.00,0.00
2025,5,NK,Spirit Airlines,TPA,"Tampa, FL: Tampa International",408.00,94.00,26.98,1.47,44.90,0.00,20.64,0.00,0.00,7106.00,2034.00,84.00,3099.00,0.00,1889.00
2025,5,OH,PSA Airlines Inc.,ABE,"Allentown/Bethlehem/Easton, PA: Lehigh Valley International",62.00,18.00,2.85,1.00,3.78,0.00,10.37,2.00,1.00,3143.00,180.00,505.00,150.00,0.00,2308.00
2025,5,OH,PSA Airlines Inc.,AGS,"Augusta, GA: Augusta Regional at Bush Field",181.00,61.00,14.32,1.61,14.04,0.00,31.03,11.00,0.00,4726.00,1677.00,59.00,473.00,0.00,2517.00
2025,5,OH,PSA Airlines Inc.,ALB,"Albany, NY: Albany International",100.00,23.00,4.93,0.00,2.57,0.88,14.62,4.00,0.00,2339.00,254.00,0.00,101.00,23.00,1961.00
2025,5,OH,PSA Airlines Inc.,ATL,"Atlanta, GA: Hartsfield-Jackson Atlanta International",292.00,98.00,19.58,6.02,33.80,0.00,38.60,7.00,1.00,5998.00,1194.00,539.00,1395.00,0.00,2870.00
2025,5,OH,PSA Airlines Inc.,AVL,"Asheville, NC: Asheville Regional",101.00,23.00,7.61,1.48,5.60,0.00,8.30,3.00,0.00,1644.00,638.00,75.00,174.00,0.00,757.00
2025,5,OH,PSA Airlines Inc.,AVP,"Scranton/Wilkes-Barre, PA: Wilkes Barre Scranton International",88.00,18.00,4.03,0.62,2.89,0.00,10.46,5.00,0.00,1369.00,467.00,114.00,136.00,0.00,652.00
2025,5,OH,PSA Airlines Inc.,BDL,"Hartford, CT: Bradley International",86.00,20.00,5.53,0.75,5.89,0.00,7.83,2.00,1.00,1384.00,389.00,74.00,321.00,0.00,600.00
2025,5,OH,PSA Airlines Inc.,BGR,"Bangor, ME: Bangor International",84.00,23.00,8.02,0.33,5.78,0.00,8.87,8.00,0.00,1180.00,423.00,17.00,247.00,0.00,493.00
2025,5,OH,PSA Airlines Inc.,BHM,"Birmingham, AL: Birmingham-Shuttlesworth International",384.00,120.00,43.67,6.84,27.23,0.00,42.26,21.00,0.00,9307.00,3293.00,787.00,1605.00,0.00,3622.00
2025,5,OH,PSA Airlines Inc.,BNA,"Nashville, TN: Nashville International",288.00,104.00,22.99,5.87,38.85,1.59,34.70,15.00,1.00,7056.00,1354.00,763.00,1825.00,85.00,3029.00
2025,5,OH,PSA Airlines Inc.,BTR,"Baton Rouge, LA: Baton Rouge Metropolitan/Ryan Field",206.00,73.00,16.16,4.59,17.70,0.34,34.20,15.00,0.00,5728.00,879.00,513.00,791.00,22.00,3523.00
2025,5,OH,PSA Airlines Inc.,BTV,"Burlington, VT: Burlington International",208.00,66.00,18.01,1.76,18.89,0.00,27.34,12.00,2.00,5477.00,2012.00,159.00,634.00,0.00,2672.00
2025,5,OH,PSA Airlines Inc.,BUF,"Buffalo, NY: Buffalo Niagara International",65.00,30.00,9.85,1.00,3.72,0.00,15.44,2.00,0.00,1983.00,535.00,49.00,257.00,0.00,1142.00
2025,5,OH,PSA Airlines Inc.,BWI,"Baltimore, MD: Baltimore/Washington International Thurgood Marshall",14.00,2.00,0.54,0.00,0.43,0.00,1.02,3.00,0.00,97.00,19.00,0.00,16.00,0.00,62.00
2025,5,OH,PSA Airlines Inc.,CAE,"Columbia, SC: Columbia Metropolitan",186.00,72.00,17.41,5.99,10.28,0.00,38.31,8.00,0.00,4908.00,1000.00,752.00,603.00,0.00,2553.00
2025,5,OH,PSA Airlines Inc.,CAK,"Akron, OH: Akron-Canton Regional",147.00,59.00,18.65,0.77,12.47,0.00,27.11,3.00,2.00,5013.00,1350.00,77.00,599.00,0.00,2987.00
2025,5,OH,PSA Airlines Inc.,CHA,"Chattanooga, TN: Lovell Field",166.00,57.00,9.72,3.20,12.66,0.00,31.42,7.00,0.00,4259.00,559.00,462.00,495.00,0.00,2743.00
2025,5,OH,PSA Airlines Inc.,CHS,"Charleston, SC: Charleston AFB/International",85.00,26.00,7.88,0.04,7.24,0.00,10.85,2.00,0.00,1378.00,475.00,3.00,256.00,0.00,644.00
2025,5,OH,PSA Airlines Inc.,CID,"Cedar Rapids/Iowa City, IA: The Eastern Iowa",31.00,2.00,1.13,0.00,0.59,0.00,0.28,1.00,0.00,123.00,95.00,0.00,19.00,0.00,9.00
2025,5,OH,PSA Airlines Inc.,CLE,"Cleveland, OH: Cleveland-Hopkins International",169.00,63.00,16.13,0.68,11.42,1.00,33.76,8.00,0.00,4942.00,1641.00,43.00,435.00,31.00,2792.00
2025,5,OH,PSA Airlines Inc.,CLT,"Charlotte, NC: Charlotte Douglas International",4904.00,1286.00,263.18,67.91,253.40,1.73,699.79,164.00,23.00,119573.00,40780.00,7067.00,12747.00,77.00,58902.00
2025,5,OH,PSA Airlines Inc.,CMH,"Columbus, OH: John Glenn Columbus International",158.00,56.00,9.20,2.38,13.56,0.00,30.86,5.00,0.00,3404.00,515.00,313.00,640.00,0.00,1936.00
2025,5,OH,PSA Airlines Inc.,CRW,"Charleston/Dunbar, WV: West Virginia International Yeager",123.00,46.00,11.90,0.22,7.50,0.00,26.37,6.00,0.00,3710.00,1071.00,4.00,405.00,0.00,2230.00
2025,5,OH,PSA Airlines Inc.,CVG,"Cincinnati, OH: Cincinnati/Northern Kentucky International",268.00,93.00,28.23,1.11,20.94,0.00,42.73,9.00,0.00,7099.00,2034.00,157.00,1128.00,0.00,3780.00
2025,5,OH,PSA Airlines Inc.,DAB,"Daytona Beach, FL: Daytona Beach International",124.00,45.00,9.29,2.94,8.87,0.00,23.90,0.00,0.00,2843.00,464.00,233.00,387.00,0.00,1759.00
2025,5,OH,PSA Airlines Inc.,DAY,"Dayton, OH: James M Cox/Dayton International",391.00,128.00,31.77,2.63,20.13,0.00,73.48,11.00,1.00,10871.00,2188.00,540.00,980.00,0.00,7163.00
2025,5,OH,PSA Airlines Inc.,DCA,"Washington, DC: Ronald Reagan Washington National",3537.00,1060.00,188.80,49.55,392.83,2.13,426.68,184.00,17.00,99847.00,27966.00,7622.00,23554.00,58.00,40647.00
2025,5,OH,PSA Airlines Inc.,DFW,"Dallas/Fort Worth, TX: Dallas/Fort Worth International",1288.00,379.00,74.77,43.89,93.85,1.22,165.28,94.00,6.00,45554.00,10582.00,5915.00,6237.00,66.00,22754.00
2025,5,OH,PSA Airlines Inc.,DSM,"Des Moines, IA: Des Moines International",61.00,18.00,5.16,1.31,4.88,0.00,6.65,1.00,0.00,1469.00,512.00,75.00,180.00,0.00,702.00
2025,5,OH,PSA Airlines Inc.,DTW,"Detroit, MI: Detroit Metro Wayne County",100.00,21.00,5.94,1.95,1.69,0.00,11.41,6.00,0.00,1740.00,728.00,260.00,92.00,0.00,660.00
2025,5,OH,PSA Airlines Inc.,ECP,"Panama City, FL: Northwest Florida Beaches International",86.00,22.00,6.64,1.00,4.20,0.00,10.16,2.00,0.00,1440.00,421.00,91.00,124.00,0.00,804.00
2025,5,OH,PSA Airlines Inc.,EWN,"New Bern/Morehead/Beaufort, NC: Coastal Carolina Regional",22.00,8.00,1.25,0.19,0.74,0.00,5.82,1.00,0.00,1076.00,155.00,31.00,78.00,0.00,812.00
2025,5,OH,PSA Airlines Inc.,FWA,"Fort Wayne, IN: Fort Wayne International",61.00,12.00,4.91,0.00,4.26,0.00,2.83,3.00,0.00,733.00,266.00,0.00,91.00,0.00,376.00
2025,5,OH,PSA Airlines Inc.,GNV,"Gainesville, FL: Gainesville Regional",62.00,19.00,3.68,1.15,2.32,0.00,11.84,5.00,0.00,1197.00,345.00,207.00,143.00,0.00,502.00
2025,5,OH,PSA Airlines Inc.,GPT,"Gulfport/Biloxi, MS: Gulfport-Biloxi International",120.00,39.00,14.20,3.49,5.34,0.00,15.97,5.00,0.00,2728.00,1042.00,211.00,226.00,0.00,1249.00
2025,5,OH,PSA Airlines Inc.,GRR,"Grand Rapids, MI: Gerald R. Ford International",62.00,17.00,6.00,0.05,4.01,0.00,6.94,4.00,0.00,1199.00,481.00,6.00,203.00,0.00,509.00
2025,5,OH,PSA Airlines Inc.,GSO,"Greensboro/High Point, NC: Piedmont Triad International",174.00,45.00,8.93,0.32,10.05,0.00,25.69,10.00,0.00,3687.00,681.00,71.00,878.00,0.00,2057.00
2025,5,OH,PSA Airlines Inc.,GSP,"Greer, SC: Greenville-Spartanburg International",292.00,109.00,27.91,3.78,17.83,0.00,59.48,9.00,0.00,8865.00,2434.00,708.00,1071.00,0.00,4652.00
2025,5,OH,PSA Airlines Inc.,HOU,"Houston, TX: William P Hobby",54.00,17.00,2.91,1.97,3.47,0.00,8.65,10.00,0.00,1904.00,200.00,253.00,716.00,0.00,735.00
2025,5,OH,PSA Airlines Inc.,HPN,"White Plains, NY: Westchester County",236.00,82.00,25.92,5.15,21.61,0.00,29.32,15.00,2.00,6339.00,1920.00,665.00,949.00,0.00,2805.00
2025,5,OH,PSA Airlines Inc.,HSV,"Huntsville, AL: Huntsville International-Carl T Jones Field",314.00,102.00,26.21,3.34,15.56,0.00,56.89,23.00,2.00,9782.00,2325.00,295.00,702.00,0.00,6460.00
2025,5,OH,PSA Airlines Inc.,IAD,"Washington, DC: Washington Dulles International",146.00,39.00,13.38,0.47,6.70,0.01,18.44,5.00,0.00,2735.00,746.00,67.00,392.00,1.00,1529.00
2025,5,OH,PSA Airlines Inc.,IAH,"Houston, TX: George Bush Intercontinental/Houston",4.00,1.00,0.00,0.00,1.00,0.00,0.00,0.00,0.00,37.00,0.00,0.00,37.00,0.00,0.00
2025,5,OH,PSA Airlines Inc.,ICT,"Wichita, KS: Wichita Dwight D Eisenhower National",126.00,40.00,11.51,2.77,10.69,0.00,15.04,8.00,0.00,3756.00,963.00,401.00,793.00,0.00,1599.00
2025,5,OH,PSA Airlines Inc.,ILM,"Wilmington, NC: Wilmington International",106.00,27.00,10.46,0.64,6.75,0.00,9.15,1.00,0.00,1695.00,617.00,130.00,214.00,0.00,734.00
2025,5,OH,PSA Airlines Inc.,IND,"Indianapolis, IN: Indianapolis International",21.00,4.00,0.00,0.00,0.94,0.00,3.06,2.00,0.00,300.00,0.00,0.00,39.00,0.00,261.00
2025,5,OH,PSA Airlines Inc.,JAN,"Jackson/Vicksburg, MS: Jackson Medgar Wiley Evers International",123.00,35.00,8.49,2.21,6.21,0.00,18.09,10.00,0.00,3238.00,684.00,163.00,227.00,0.00,2164.00
2025,5,OH,PSA Airlines Inc.,JAX,"Jacksonville, FL: Jacksonville International",28.00,7.00,3.00,0.16,1.00,0.00,2.84,2.00,0.00,438.00,175.00,5.00,27.00,0.00,231.00
2025,5,OH,PSA Airlines Inc.,LAN,"Lansing, MI: Capital Region International",26.00,7.00,1.92,0.00,0.50,0.00,4.58,1.00,0.00,457.00,98.00,0.00,30.00,0.00,329.00
2025,5,OH,PSA Airlines Inc.,LEX,"Lexington, KY: Blue Grass",226.00,70.00,21.28,3.76,16.22,0.00,28.74,7.00,0.00,4839.00,1505.00,186.00,765.00,0.00,2383.00
2025,5,OH,PSA Airlines Inc.,LFT,"Lafayette, LA: Lafayette Regional Paul Fournet Field",88.00,35.00,9.24,4.40,3.59,0.00,17.76,4.00,0.00,4384.00,1134.00,778.00,380.00,0.00,2092.00
2025,5,OH,PSA Airlines Inc.,LIT,"Little Rock, AR: Bill and Hillary Clinton Nat Adams Field",155.00,48.00,12.91,4.79,7.03,0.00,23.27,12.00,0.00,3668.00,565.00,222.00,290.00,0.00,2591.00
2025,5,OH,PSA Airlines Inc.,MCI,"Kansas City, MO: Kansas City International",88.00,22.00,5.11,0.23,6.34,0.00,10.32,8.00,0.00,1555.00,326.00,30.00,434.00,0.00,765.00
2025,5,OH,PSA Airlines Inc.,MDT,"Harrisburg, PA: Harrisburg International",27.00,10.00,1.02,0.00,1.31,0.00,7.67,0.00,0.00,1047.00,158.00,0.00,114.00,0.00,775.00
2025,5,OH,PSA Airlines Inc.,MEM,"Memphis, TN: Memphis International",199.00,70.00,14.85,1.75,21.33,0.00,32.07,9.00,0.00,7642.00,1488.00,175.00,1035.00,0.00,4944.00
2025,5,OH,PSA Airlines Inc.,MGM,"Montgomery, AL: Montgomery Regional",88.00,30.00,5.97,3.95,7.81,0.00,12.27,4.00,1.00,2155.00,448.00,350.00,362.00,0.00,995.00
2025,5,OH,PSA Airlines Inc.,MHT,"Manchester, NH: Manchester Boston Regional",236.00,75.00,23.27,1.60,13.14,0.00,37.00,10.00,0.00,7947.00,1934.00,291.00,427.00,0.00,5295.00
2025,5,OH,PSA Airlines Inc.,MKE,"Milwaukee, WI: General Mitchell International",94.00,33.00,10.97,1.00,7.40,0.00,13.63,4.00,0.00,2378.00,880.00,37.00,438.00,0.00,1023.00
2025,5,OH,PSA Airlines Inc.,MLB,"Melbourne, FL: Melbourne Orlando International",124.00,40.00,8.17,1.50,12.47,0.00,17.86,3.00,0.00,3615.00,407.00,120.00,402.00,0.00,2686.00
2025,5,OH,PSA Airlines Inc.,MLI,"Moline, IL: Quad Cities International",62.00,23.00,8.37,1.40,5.71,0.00,7.52,2.00,0.00,1601.00,395.00,118.00,209.00,0.00,879.00
2025,5,OH,PSA Airlines Inc.,MOB,"Mobile, AL: Mobile Regional",93.00,27.00,6.37,2.43,4.93,0.00,13.27,10.00,1.00,1912.00,230.00,178.00,300.00,0.00,1204.00
2025,5,OH,PSA Airlines Inc.,MSN,"Madison, WI: Dane County Regional-Truax Field",140.00,42.00,12.50,0.77,10.29,0.00,18.45,4.00,0.00,2637.00,727.00,127.00,485.00,0.00,1298.00
2025,5,OH,PSA Airlines Inc.,MSP,"Minneapolis, MN: Minneapolis-St Paul International",61.00,15.00,5.87,0.00,4.22,0.00,4.91,3.00,1.00,802.00,311.00,0.00,210.00,0.00,281.00
2025,5,OH,PSA Airlines Inc.,MSY,"New Orleans, LA: Louis Armstrong New Orleans International",70.00,18.00,3.45,0.40,7.68,0.00,6.47,2.00,0.00,1104.00,163.00,40.00,386.00,0.00,515.00
2025,5,OH,PSA Airlines Inc.,MYR,"Myrtle Beach, SC: Myrtle Beach International",212.00,48.00,10.34,2.88,13.30,0.00,21.49,9.00,0.00,3362.00,557.00,139.00,521.00,0.00,2145.00
2025,5,OH,PSA Airlines Inc.,OKC,"Oklahoma City, OK: Will Rogers World",81.00,32.00,13.81,0.95,6.10,0.00,11.14,4.00,2.00,2074.00,601.00,71.00,367.00,0.00,1035.00
2025,5,OH,PSA Airlines Inc.,OMA,"Omaha, NE: Eppley Airfield",29.00,9.00,0.77,1.00,0.18,0.00,7.05,1.00,1.00,678.00,107.00,19.00,23.00,0.00,529.00
2025,5,OH,PSA Airlines Inc.,ORF,"Norfolk, VA: Norfolk International",278.00,89.00,22.45,1.81,12.94,0.50,51.30,9.00,0.00,6715.00,1987.00,107.00,677.00,33.00,3911.00
2025,5,OH,PSA Airlines Inc.,PHL,"Philadelphia, PA: Philadelphia International",1440.00,432.00,96.50,18.37,134.02,0.03,183.08,69.00,5.00,45247.00,18585.00,1148.00,7429.00,5.00,18080.00
2025,5,OH,PSA Airlines Inc.,PIA,"Peoria, IL: General Downing - Peoria International",61.00,19.00,5.97,0.46,2.93,0.00,9.64,1.00,0.00,1943.00,450.00,66.00,126.00,0.00,1301.00
2025,5,OH,PSA Airlines Inc.,PIT,"Pittsburgh, PA: Pittsburgh International",95.00,17.00,6.48,0.48,3.93,0.00,6.11,1.00,0.00,1158.00,448.00,133.00,230.00,0.00,347.00
2025,5,OH,PSA Airlines Inc.,PNS,"Pensacola, FL: Pensacola International",216.00,81.00,24.94,3.21,19.96,0.00,32.89,6.00,1.00,4984.00,1650.00,211.00,808.00,0.00,2315.00
2025,5,OH,PSA Airlines Inc.,PVD,"Providence, RI: Rhode Island Tf Green International",104.00,26.00,3.79,0.26,7.62,0.00,14.34,7.00,0.00,1526.00,282.00,18.00,347.00,0.00,879.00
2025,5,OH,PSA Airlines Inc.,PWM,"Portland, ME: Portland International Jetport",144.00,28.00,7.69,0.52,5.38,0.00,14.41,7.00,1.00,1797.00,436.00,11.00,140.00,0.00,1210.00
2025,5,OH,PSA Airlines Inc.,RDU,"Raleigh/Durham, NC: Raleigh-Durham International",56.00,16.00,3.63,0.81,3.72,0.00,7.83,4.00,0.00,849.00,161.00,76.00,130.00,0.00,482.00
2025,5,OH,PSA Airlines Inc.,RIC,"Richmond, VA: Richmond International",64.00,22.00,5.54,1.13,4.75,0.00,10.58,5.00,0.00,1278.00,382.00,101.00,258.00,0.00,537.00
2025,5,OH,PSA Airlines Inc.,ROC,"Rochester, NY: Frederick Douglass Grtr Rochester International",154.00,39.00,11.76,1.88,4.86,0.56,19.94,7.00,0.00,2365.00,700.00,264.00,149.00,20.00,1232.00
2025,5,OH,PSA Airlines Inc.,SAV,"Savannah, GA: Savannah/Hilton Head International",332.00,90.00,26.33,4.32,18.77,0.97,39.62,7.00,2.00,6650.00,1809.00,505.00,914.00,173.00,3249.00
2025,5,OH,PSA Airlines Inc.,SBN,"South Bend, IN: South Bend International",93.00,29.00,8.30,1.13,6.52,0.00,13.05,2.00,0.00,1773.00,404.00,24.00,269.00,0.00,1076.00
2025,5,OH,PSA Airlines Inc.,SDF,"Louisville, KY: Louisville Muhammad Ali International",123.00,48.00,11.71,1.36,12.91,0.00,22.03,5.00,0.00,2557.00,672.00,44.00,542.00,0.00,1299.00
2025,5,OH,PSA Airlines Inc.,SGF,"Springfield, MO: Springfield-Branson National",89.00,26.00,6.50,1.42,5.67,0.00,12.41,2.00,0.00,1229.00,302.00,68.00,189.00,0.00,670.00
2025,5,OH,PSA Airlines Inc.,SHV,"Shreveport, LA: Shreveport Regional",146.00,66.00,12.38,4.46,17.11,0.00,32.05,4.00,0.00,7568.00,1406.00,736.00,1111.00,0.00,4315.00
2025,5,OH,PSA Airlines Inc.,SRQ,"Sarasota/Bradenton, FL: Sarasota/Bradenton International",58.00,14.00,4.82,1.00,4.25,0.00,3.93,2.00,0.00,1653.00,683.00,106.00,151.00,0.00,713.00
2025,5,OH,PSA Airlines Inc.,STL,"St. Louis, MO: St Louis Lambert International",40.00,16.00,2.89,0.90,2.67,0.00,9.54,4.00,0.00,1257.00,263.00,81.00,102.00,0.00,811.00
2025,5,OH,PSA Airlines Inc.,SYR,"Syracuse, NY: Syracuse Hancock International",61.00,15.00,2.48,0.39,3.02,0.30,8.81,2.00,0.00,830.00,118.00,25.00,90.00,13.00,584.00
2025,5,OH,PSA Airlines Inc.,TLH,"Tallahassee, FL: Tallahassee International",120.00,35.00,6.24,1.68,7.17,0.00,19.91,3.00,0.00,3404.00,623.00,214.00,414.00,0.00,2153.00
2025,5,OH,PSA Airlines Inc.,TUL,"Tulsa, OK: Tulsa International",97.00,19.00,3.65,0.14,4.23,0.00,10.98,6.00,0.00,1551.00,391.00,17.00,154.00,0.00,989.00
2025,5,OH,PSA Airlines Inc.,TYS,"Knoxville, TN: McGhee Tyson",213.00,62.00,17.21,3.66,10.84,0.02,30.25,8.00,0.00,3940.00,838.00,265.00,598.00,2.00,2237.00
2025,5,OH,PSA Airlines Inc.,VPS,"Valparaiso, FL: Eglin AFB Destin Fort Walton Beach",4.00,1.00,0.00,0.00,0.07,0.00,0.93,0.00,0.00,60.00,0.00,0.00,4.00,0.00,56.00
2025,5,OH,PSA Airlines Inc.,XNA,"Fayetteville, AR: Northwest Arkansas National",121.00,24.00,4.75,0.18,6.20,0.00,12.87,6.00,0.00,1589.00,268.00,11.00,189.00,0.00,1121.00
2025,5,OO,SkyWest Airlines Inc.,ABQ,"Albuquerque, NM: Albuquerque International Sunport",563.00,74.00,38.89,2.93,16.83,0.50,14.84,3.00,0.00,4211.00,1957.00,213.00,1159.00,8.00,874.00
2025,5,OO,SkyWest Airlines Inc.,ABR,"Aberdeen, SD: Aberdeen Regional",62.00,6.00,3.79,1.85,0.36,0.00,0.00,0.00,0.00,384.00,264.00,94.00,26.00,0.00,0.00
2025,5,OO,SkyWest Airlines Inc.,ABY,"Albany, GA: Southwest Georgia Regional",87.00,22.00,13.07,6.51,2.42,0.00,0.00,0.00,0.00,1806.00,940.00,655.00,211.00,0.00,0.00
2025,5,OO,SkyWest Airlines Inc.,ACT,"Waco, TX: Waco Regional",93.00,18.00,9.00,5.64,1.44,0.00,1.92,7.00,0.00,1046.00,390.00,445.00,122.00,0.00,89.00
2025,5,OO,SkyWest Airlines Inc.,ACV,"Arcata/Eureka, CA: California Redwood Coast Humboldt County",173.00,31.00,15.43,0.00,5.30,0.00,10.27,0.00,0.00,1642.00,686.00,0.00,161.00,0.00,795.00
2025,5,OO,SkyWest Airlines Inc.,AEX,"Alexandria, LA: Alexandria International",93.00,16.00,6.38,7.79,0.83,0.00,1.00,3.00,0.00,1629.00,300.00,1198.00,74.00,0.00,57.00
2025,5,OO,SkyWest Airlines Inc.,AGS,"Augusta, GA: Augusta Regional at Bush Field",46.00,12.00,6.82,2.25,2.93,0.00,0.00,0.00,0.00,650.00,390.00,117.00,143.00,0.00,0.00
2025,5,OO,SkyWest Airlines Inc.,ALB,"Albany, NY: Albany International",90.00,10.00,7.29,0.00,1.88,0.00,0.83,0.00,1.00,348.00,236.00,0.00,62.00,0.00,50.00
2025,5,OO,SkyWest Airlines Inc.,AMA,"Amarillo, TX: Rick Husband Amarillo International",189.00,38.00,15.05,6.17,9.13,0.00,7.65,5.00,0.00,2580.00,806.00,299.00,740.00,0.00,735.00
2025,5,OO,SkyWest Airlines Inc.,APN,"Alpena, MI: Alpena County Regional",54.00,7.00,6.00,1.00,0.00,0.00,0.00,0.00,0.00,635.00,609.00,26.00,0.00,0.00,0.00
2025,5,OO,SkyWest Airlines Inc.,ASE,"Aspen, CO: Aspen Pitkin County Sardy Field",52.00,6.00,3.00,0.00,2.00,0.00,1.00,0.00,0.00,267.00,94.00,0.00,151.00,0.00,22.00
2025,5,OO,SkyWest Airlines Inc.,ATL,"Atlanta, GA: Hartsfield-Jackson Atlanta International",791.00,217.00,122.56,67.63,25.94,0.00,0.87,7.00,1.00,18873.00,11058.00,6519.00,1211.00,0.00,85.00
2025,5,OO,SkyWest Airlines Inc.,ATW,"Appleton, WI: Appleton International",369.00,71.00,44.09,10.69,8.87,0.00,7.35,1.00,1.00,4756.00,2730.00,647.00,828.00,0.00,551.00
2025,5,OO,SkyWest Airlines Inc.,AUS,"Austin, TX: Austin - Bergstrom International",659.00,189.00,117.51,23.13,39.41,0.00,8.95,5.00,0.00,14121.00,8990.00,2193.00,2286.00,0.00,652.00
2025,5,OO,SkyWest Airlines Inc.,AVL,"Asheville, NC: Asheville Regional",85.00,18.00,12.48,0.99,1.54,0.00,3.00,0.00,1.00,903.00,577.00,134.00,40.00,0.00,152.00
2025,5,OO,SkyWest Airlines Inc.,AZO,"Kalamazoo, MI: Kalamazoo/Battle Creek International",87.00,9.00,6.97,1.51,0.53,0.00,0.00,0.00,0.00,545.00,404.00,107.00,34.00,0.00,0.00
2025,5,OO,SkyWest Airlines Inc.,BDL,"Hartford, CT: Bradley International",27.00,5.00,4.00,1.00,0.00,0.00,0.00,0.00,0.00,189.00,146.00,43.00,0.00,0.00,0.00
2025,5,OO,SkyWest Airlines Inc.,BFF,"Scottsbluff, NE: Western Neb. Regional/William B. Heilig Field",54.00,14.00,4.27,1.78,2.97,0.00,4.98,2.00,0.00,564.00,164.00,86.00,143.00,0.00,171.00
2025,5,OO,SkyWest Airlines Inc.,BFL,"Bakersfield, CA: Meadows Field",133.00,30.00,12.31,3.00,8.98,0.00,5.71,0.00,0.00,2589.00,563.00,996.00,727.00,0.00,303.00
2025,5,OO,SkyWest Airlines Inc.,BGM,"Binghamton, NY: Greater Binghamton/Edwin A. Link Field",25.00,2.00,2.00,0.00,0.00,0.00,0.00,0.00,1.00,60.00,60.00,0.00,0.00,0.00,0.00
2025,5,OO,SkyWest Airlines Inc.,BHM,"Birmingham, AL: Birmingham-Shuttlesworth International",176.00,54.00,31.88,6.83,7.12,0.00,8.18,1.00,0.00,3970.00,2103.00,700.00,450.00,0.00,717.00
2025,5,OO,SkyWest Airlines Inc.,BIL,"Billings, MT: Billings Logan International",175.00,24.00,10.29,1.68,4.63,0.00,7.40,1.00,1.00,1579.00,470.00,235.00,313.00,0.00,561.00
2025,5,OO,SkyWest Airlines Inc.,BIS,"Bismarck/Mandan, ND: Bismarck Municipal",144.00,29.00,8.59,4.71,7.30,0.00,8.40,2.00,1.00,4274.00,1089.00,716.00,628.00,0.00,1841.00
2025,5,OO,SkyWest Airlines Inc.,BJI,"Bemidji, MN: Bemidji Regional",62.00,9.00,6.55,2.00,0.45,0.00,0.00,0.00,0.00,1329.00,1194.00,109.00,26.00,0.00,0.00
2025,5,OO,SkyWest Airlines Inc.,BLI,"Bellingham, WA: Bellingham International",119.00,25.00,5.00,0.00,5.96,0.00,14.04,0.00,0.00,916.00,168.00,0.00,174.00,0.00,574.00
2025,5,OO,SkyWest Airlines Inc.,BNA,"Nashville, TN: Nashville International",311.00,85.00,51.66,16.24,11.82,0.00,5.28,6.00,1.00,5055.00,3107.00,969.00,684.00,0.00,295.00
2025,5,OO,SkyWest Airlines Inc.,BOI,"Boise, ID: Boise Air Terminal",909.00,116.00,43.76,13.30,26.18,0.13,32.62,1.00,0.00,6286.00,2128.00,933.00,1370.00,2.00,1853.00
2025,5,OO,SkyWest Airlines Inc.,BPT,"Beaumont/Port Arthur, TX: Jack Brooks Regional",62.00,13.00,5.00,5.23,1.96,0.00,0.81,6.00,1.00,995.00,503.00,272.00,178.00,0.00,42.00
2025,5,OO,SkyWest Airlines Inc.,BRD,"Brainerd, MN: Brainerd Lakes Regional",54.00,5.00,1.91,2.31,0.79,0.00,0.00,0.00,0.00,334.00,93.00,194.00,47.00,0.00,0.00
2025,5,OO,SkyWest Airlines Inc.,BRO,"Brownsville, TX: Brownsville South Padre Island International",76.00,18.00,7.04,5.21,2.82,0.00,2.93,5.00,0.00,1183.00,465.00,460.00,164.00,0.00,94.00
2025,5,OO,SkyWest Airlines Inc.,BTM,"Butte, MT: Bert Mooney",61.00,15.00,7.72,1.00,2.07,0.00,4.21,1.00,0.00,929.00,338.00,189.00,106.00,0.00,296.00
2025,5,OO,SkyWest Airlines Inc.,BTR,"Baton Rouge, LA: Baton Rouge Metropolitan/Ryan Field",30.00,13.00,6.57,2.00,0.43,0.00,4.00,0.00,1.00,1028.00,330.00,457.00,9.00,0.00,232.00
2025,5,OO,SkyWest Airlines Inc.,BTV,"Burlington, VT: Burlington International",64.00,8.00,6.37,0.00,0.63,0.00,1.00,0.00,0.00,450.00,363.00,0.00,36.00,0.00,51.00
2025,5,OO,SkyWest Airlines Inc.,BUF,"Buffalo, NY: Buffalo Niagara International",41.00,8.00,7.00,0.00,0.00,1.00,0.00,0.00,0.00,413.00,334.00,0.00,0.00,79.00,0.00
2025,5,OO,SkyWest Airlines Inc.,BUR,"Burbank, CA: Bob Hope",358.00,61.00,30.57,0.89,4.88,0.00,24.66,0.00,0.00,3170.00,1666.00,17.00,193.00,0.00,1294.00
2025,5,OO,SkyWest Airlines Inc.,BWI,"Baltimore, MD: Baltimore/Washington International Thurgood Marshall",19.00,6.00,4.28,0.00,1.72,0.00,0.00,0.00,1.00,281.00,176.00,0.00,105.00,0.00,0.00
2025,5,OO,SkyWest Airlines Inc.,BZN,"Bozeman, MT: Bozeman Yellowstone International",168.00,18.00,8.45,1.00,3.32,0.00,5.23,1.00,0.00,1086.00,736.00,29.00,142.00,0.00,179.00
2025,5,OO,SkyWest Airlines Inc.,CAK,"Akron, OH: Akron-Canton Regional",124.00,20.00,10.96,0.00,3.41,0.00,5.62,0.00,1.00,1005.00,629.00,0.00,121.00,0.00,255.00
2025,5,OO,SkyWest Airlines Inc.,CDC,"Cedar City, UT: Cedar City Regional",54.00,3.00,2.96,0.00,0.04,0.00,0.00,0.00,0.00,70.00,69.00,0.00,1.00,0.00,0.00
2025,5,OO,SkyWest Airlines Inc.,CHA,"Chattanooga, TN: Lovell Field",28.00,7.00,4.96,1.36,0.68,0.00,0.00,0.00,0.00,357.00,149.00,114.00,94.00,0.00,0.00
2025,5,OO,SkyWest Airlines Inc.,CHO,"Charlottesville, VA: Charlottesville Albemarle",79.00,19.00,6.63,0.31,7.12,0.00,4.94,0.00,0.00,676.00,348.00,17.00,198.00,0.00,113.00
2025,5,OO,SkyWest Airlines Inc.,CHS,"Charleston, SC: Charleston AFB/International",45.00,6.00,4.99,0.00,1.01,0.00,0.00,0.00,0.00,454.00,428.00,0.00,26.00,0.00,0.00
2025,5,OO,SkyWest Airlines Inc.,CID,"Cedar Rapids/Iowa City, IA: The Eastern Iowa",112.00,21.00,11.73,0.00,2.30,0.00,6.97,0.00,0.00,970.00,576.00,0.00,51.00,0.00,343.00
2025,5,OO,SkyWest Airlines Inc.,CIU,"Sault Ste. Marie, MI: Chippewa County International",79.00,17.00,11.10,3.00,1.98,0.00,0.92,0.00,0.00,1674.00,1082.00,306.00,242.00,0.00,44.00
2025,5,OO,SkyWest Airlines Inc.,CLE,"Cleveland, OH: Cleveland-Hopkins International",94.00,21.00,12.26,2.48,3.47,0.00,2.79,1.00,0.00,1062.00,645.00,143.00,129.00,0.00,145.00
2025,5,OO,SkyWest Airlines Inc.,CLL,"College Station/Bryan, TX: Easterwood Field",93.00,21.00,9.99,7.54,2.47,0.00,1.00,5.00,1.00,1792.00,662.00,850.00,182.00,0.00,98.00
2025,5,OO,SkyWest Airlines Inc.,CMH,"Columbus, OH: John Glenn Columbus International",73.00,16.00,12.51,0.95,2.54,0.00,0.00,0.00,0.00,773.00,587.00,38.00,148.00,0.00,0.00
2025,5,OO,SkyWest Airlines Inc.,CMX,"Hancock/Houghton, MI: Houghton County Memorial",62.00,10.00,6.72,1.00,2.05,0.00,0.23,1.00,0.00,1202.00,1034.00,57.00,101.00,0.00,10.00
2025,5,OO,SkyWest Airlines Inc.,COD,"Cody, WY: Yellowstone Regional",74.00,24.00,9.00,1.88,6.40,0.00,6.72,2.00,0.00,1580.00,426.00,282.00,415.00,0.00,457.00
2025,5,OO,SkyWest Airlines Inc.,COS,"Colorado Springs, CO: City of Colorado Springs Municipal",461.00,110.00,53.79,11.86,21.68,0.00,22.67,5.00,2.00,9287.00,3998.00,1713.00,1622.00,0.00,1954.00
2025,5,OO,SkyWest Airlines Inc.,COU,"Columbia, MO: Columbia Regional",31.00,8.00,4.70,1.98,0.31,0.00,1.00,1.00,0.00,396.00,195.00,167.00,16.00,0.00,18.00
2025,5,OO,SkyWest Airlines Inc.,CPR,"Casper, WY: Casper/Natrona County International",197.00,58.00,17.70,7.76,18.62,0.00,13.92,3.00,0.00,4350.00,972.00,799.00,1468.00,0.00,1111.00
2025,5,OO,SkyWest Airlines Inc.,CRP,"Corpus Christi, TX: Corpus Christi International",78.00,19.00,7.00,0.00,1.28,0.00,10.71,2.00,0.00,1850.00,524.00,0.00,64.00,0.00,1262.00
2025,5,OO,SkyWest Airlines Inc.,CRW,"Charleston/Dunbar, WV: West Virginia International Yeager",174.00,42.00,26.79,6.73,4.48,0.00,4.00,0.00,2.00,3099.00,1821.00,541.00,424.00,0.00,313.00
2025,5,OO,SkyWest Airlines Inc.,CVG,"Cincinnati, OH: Cincinnati/Northern Kentucky International",80.00,25.00,15.58,0.14,5.48,0.00,3.80,0.00,0.00,1581.00,1072.00,7.00,361.00,0.00,141.00
2025,5,OO,SkyWest Airlines Inc.,CYS,"Cheyenne, WY: Cheyenne Regional/Jerry Olson Field",62.00,18.00,8.70,0.94,3.67,0.00,4.69,1.00,0.00,3148.00,1023.00,205.00,187.00,0.00,1733.00
2025,5,OO,SkyWest Airlines Inc.,DAY,"Dayton, OH: James M Cox/Dayton International",170.00,33.00,13.98,2.73,12.54,0.00,3.74,2.00,0.00,2153.00,722.00,213.00,812.00,0.00,406.00
2025,5,OO,SkyWest Airlines Inc.,DDC,"Dodge City, KS: Dodge City Regional",53.00,8.00,2.87,1.00,0.65,0.00,3.48,2.00,1.00,650.00,162.00,161.00,67.00,0.00,260.00
2025,5,OO,SkyWest Airlines Inc.,DEC,"Decatur, IL: Decatur Airport",53.00,2.00,1.00,1.00,0.00,0.00,0.00,0.00,0.00,50.00,29.00,21.00,0.00,0.00,0.00
2025,5,OO,SkyWest Airlines Inc.,DEN,"Denver, CO: Denver International",6265.00,1762.00,707.79,146.45,711.80,2.84,193.13,91.00,66.00,169497.00,53510.00,21607.00,66576.00,408.00,27396.00
2025,5,OO,SkyWest Airlines Inc.,DFW,"Dallas/Fort Worth, TX: Dallas/Fort Worth International",2848.00,690.00,305.27,199.82,123.56,0.81,60.54,137.00,19.00,67445.00,25875.00,25913.00,11138.00,13.00,4506.00
2025,5,OO,SkyWest Airlines Inc.,DIK,"Dickinson, ND: Dickinson - Theodore Roosevelt Regional",57.00,19.00,3.82,1.00,11.68,0.00,2.50,1.00,1.00,2040.00,106.00,87.00,1613.00,0.00,234.00
2025,5,OO,SkyWest Airlines Inc.,DLH,"Duluth, MN: Duluth International",175.00,27.00,11.49,2.00,6.86,0.00,6.64,0.00,0.00,1366.00,488.00,331.00,210.00,0.00,337.00
2025,5,OO,SkyWest Airlines Inc.,DRO,"Durango, CO: Durango La Plata County",275.00,64.00,28.47,8.65,12.83,0.00,14.06,2.00,1.00,5074.00,2554.00,828.00,882.00,0.00,810.00
2025,5,OO,SkyWest Airlines Inc.,DSM,"Des Moines, IA: Des Moines International",171.00,35.00,20.63,0.00,5.75,0.00,8.61,0.00,0.00,1579.00,868.00,0.00,224.00,0.00,487.00
2025,5,OO,SkyWest Airlines Inc.,DTW,"Detroit, MI: Detroit Metro Wayne County",2467.00,320.00,218.17,62.94,28.00,1.00,9.90,4.00,0.00,27375.00,19252.00,5655.00,1723.00,51.00,694.00
2025,5,OO,SkyWest Airlines Inc.,DVL,"Devils Lake, ND: Devils Lake Regional",58.00,7.00,4.00,0.00,0.34,0.00,2.66,0.00,0.00,395.00,111.00,0.00,19.00,0.00,265.00
2025,5,OO,SkyWest Airlines Inc.,EAR,"Kearney, NE: Kearney Regional",54.00,9.00,3.54,1.00,1.46,0.00,3.00,1.00,1.00,705.00,123.00,240.00,56.00,0.00,286.00
2025,5,OO,SkyWest Airlines Inc.,EAU,"Eau Claire, WI: Chippewa Valley Regional",54.00,11.00,5.12,2.21,1.67,0.00,2.00,0.00,0.00,464.00,226.00,118.00,55.00,0.00,65.00
2025,5,OO,SkyWest Airlines Inc.,ECP,"Panama City, FL: Northwest Florida Beaches International",53.00,15.00,4.94,6.84,1.26,0.00,1.96,0.00,0.00,1410.00,371.00,698.00,136.00,0.00,205.00
2025,5,OO,SkyWest Airlines Inc.,EGE,"Eagle, CO: Eagle County Regional",63.00,12.00,3.61,1.00,2.42,0.00,4.97,1.00,0.00,598.00,135.00,37.00,224.00,0.00,202.00
2025,5,OO,SkyWest Airlines Inc.,EKO,"Elko, NV: Elko Regional",45.00,1.00,1.00,0.00,0.00,0.00,0.00,0.00,0.00,654.00,651.00,0.00,3.00,0.00,0.00
2025,5,OO,SkyWest Airlines Inc.,ELM,"Elmira/Corning, NY: Elmira/Corning Regional",62.00,9.00,7.96,1.00,0.04,0.00,0.00,0.00,0.00,385.00,358.00,26.00,1.00,0.00,0.00
2025,5,OO,SkyWest Airlines Inc.,ELP,"El Paso, TX: El Paso International",212.00,24.00,8.33,2.53,3.76,1.00,8.39,0.00,0.00,1939.00,930.00,200.00,206.00,37.00,566.00
2025,5,OO,SkyWest Airlines Inc.,ESC,"Escanaba, MI: Delta County",53.00,8.00,7.08,0.00,0.92,0.00,0.00,1.00,0.00,482.00,455.00,0.00,27.00,0.00,0.00
2025,5,OO,SkyWest Airlines Inc.,EUG,"Eugene, OR: Mahlon Sweet Field",319.00,41.00,18.31,4.67,5.38,0.00,12.64,0.00,0.00,1720.00,565.00,329.00,180.00,0.00,646.00
2025,5,OO,SkyWest Airlines Inc.,EVV,"Evansville, IN: Evansville Regional",5.00,2.00,1.00,0.00,0.42,0.00,0.58,0.00,0.00,69.00,36.00,0.00,14.00,0.00,19.00
2025,5,OO,SkyWest Airlines Inc.,FAR,"Fargo, ND: Hector International",224.00,42.00,22.25,0.99,13.26,0.60,4.91,0.00,0.00,4564.00,2211.00,1079.00,1007.00,15.00,252.00
2025,5,OO,SkyWest Airlines Inc.,FAT,"Fresno, CA: Fresno Yosemite International",723.00,107.00,43.39,2.91,20.76,0.00,39.93,2.00,1.00,5510.00,2330.00,235.00,936.00,0.00,2009.00
2025,5,OO,SkyWest Airlines Inc.,FCA,"Kalispell, MT: Glacier Park International",139.00,12.00,9.67,1.00,0.33,0.00,1.00,1.00,0.00,396.00,251.00,16.00,6.00,0.00,123.00
2025,5,OO,SkyWest Airlines Inc.,FLG,"Flagstaff, AZ: Flagstaff Pulliam",156.00,30.00,17.73,3.86,3.73,0.00,4.68,3.00,1.00,1747.00,1084.00,317.00,202.00,0.00,144.00
2025,5,OO,SkyWest Airlines Inc.,FMN,"Farmington, NM: Four Corners Regional",24.00,6.00,1.81,0.00,3.41,0.00,0.77,0.00,0.00,304.00,126.00,0.00,154.00,0.00,24.00
2025,5,OO,SkyWest Airlines Inc.,FNT,"Flint, MI: Bishop International",93.00,27.00,8.21,0.00,6.08,0.00,12.71,0.00,0.00,1450.00,324.00,0.00,303.00,0.00,823.00
2025,5,OO,SkyWest Airlines Inc.,FOD,"Fort Dodge, IA: Fort Dodge Regional",53.00,8.00,5.79,0.00,0.29,0.00,1.92,0.00,1.00,527.00,301.00,0.00,27.00,0.00,199.00
2025,5,OO,SkyWest Airlines Inc.,FSD,"Sioux Falls, SD: Joe Foss Field",275.00,46.00,24.31,11.76,6.02,0.00,3.91,3.00,1.00,2356.00,1257.00,639.00,281.00,0.00,179.00
2025,5,OO,SkyWest Airlines Inc.,FWA,"Fort Wayne, IN: Fort Wayne International",279.00,56.00,32.00,12.94,7.06,0.00,4.00,1.00,0.00,4335.00,1946.00,1515.00,582.00,0.00,292.00
2025,5,OO,SkyWest Airlines Inc.,GCC,"Gillette, WY: Northeast Wyoming Regional",62.00,18.00,3.02,2.93,4.88,0.00,7.16,0.00,0.00,2400.00,726.00,739.00,386.00,0.00,549.00
2025,5,OO,SkyWest Airlines Inc.,GEG,"Spokane, WA: Spokane International",580.00,83.00,41.16,4.08,17.34,0.00,20.42,0.00,1.00,4074.00,1935.00,114.00,592.00,0.00,1433.00
2025,5,OO,SkyWest Airlines Inc.,GFK,"Grand Forks, ND: Grand Forks International",57.00,6.00,1.56,1.93,2.51,0.00,0.00,0.00,0.00,493.00,69.00,169.00,255.00,0.00,0.00
2025,5,OO,SkyWest Airlines Inc.,GGG,"Longview, TX: East Texas Regional",62.00,15.00,3.50,5.72,2.13,0.00,3.65,4.00,0.00,722.00,105.00,377.00,83.00,0.00,157.00
2025,5,OO,SkyWest Airlines Inc.,GJT,"Grand Junction, CO: Grand Junction Regional",323.00,57.00,22.44,7.82,14.91,0.64,11.19,4.00,0.00,4258.00,1278.00,1125.00,944.00,37.00,874.00
2025,5,OO,SkyWest Airlines Inc.,GPT,"Gulfport/Biloxi, MS: Gulfport-Biloxi International",31.00,1.00,0.82,0.00,0.18,0.00,0.00,1.00,0.00,90.00,74.00,0.00,16.00,0.00,0.00
2025,5,OO,SkyWest Airlines Inc.,GRB,"Green Bay, WI: Green Bay Austin Straubel International",278.00,39.00,25.49,6.32,2.58,0.00,4.61,1.00,0.00,2099.00,1420.00,351.00,143.00,0.00,185.00
2025,5,OO,SkyWest Airlines Inc.,GRI,"Grand Island, NE: Central Nebraska Regional",62.00,12.00,3.00,6.97,0.03,0.00,2.00,4.00,0.00,1077.00,51.00,886.00,9.00,0.00,131.00
2025,5,OO,SkyWest Airlines Inc.,GRK,"Killeen, TX: Robert Gray AAF",62.00,9.00,1.73,2.55,1.84,0.00,2.88,5.00,0.00,676.00,173.00,260.00,122.00,0.00,121.00
2025,5,OO,SkyWest Airlines Inc.,GRR,"Grand Rapids, MI: Gerald R. Ford International",300.00,49.00,31.88,4.84,7.37,0.00,4.91,0.00,0.00,3174.00,1924.00,465.00,413.00,0.00,372.00
2025,5,OO,SkyWest Airlines Inc.,GSO,"Greensboro/High Point, NC: Piedmont Triad International",52.00,22.00,8.38,0.00,4.78,0.00,8.84,0.00,0.00,1983.00,377.00,0.00,237.00,0.00,1369.00
2025,5,OO,SkyWest Airlines Inc.,GSP,"Greer, SC: Greenville-Spartanburg International",65.00,15.00,9.88,0.00,2.83,0.00,2.29,0.00,0.00,607.00,352.00,0.00,137.00,0.00,118.00
2025,5,OO,SkyWest Airlines Inc.,GTF,"Great Falls, MT: Great Falls International",185.00,25.00,13.93,2.00,4.07,0.00,5.00,1.00,0.00,1385.00,866.00,114.00,163.00,0.00,242.00
2025,5,OO,SkyWest Airlines Inc.,GTR,"Columbus, MS: Golden Triangle Regional",27.00,4.00,2.00,0.74,0.30,0.00,0.96,1.00,0.00,156.00,40.00,20.00,11.00,0.00,85.00
2025,5,OO,SkyWest Airlines Inc.,GUC,"Gunnison, CO: Gunnison-Crested Butte Regional",72.00,15.00,6.87,0.00,6.52,0.00,1.61,1.00,0.00,2495.00,1216.00,0.00,1157.00,0.00,122.00
2025,5,OO,SkyWest Airlines Inc.,HDN,"Hayden, CO: Yampa Valley",41.00,20.00,5.64,0.00,6.71,0.00,7.65,2.00,0.00,1825.00,266.00,0.00,325.00,0.00,1234.00
2025,5,OO,SkyWest Airlines Inc.,HIB,"Hibbing, MN: Range Regional",54.00,8.00,4.51,1.82,1.67,0.00,0.00,0.00,1.00,475.00,243.00,126.00,106.00,0.00,0.00
2025,5,OO,SkyWest Airlines Inc.,HLN,"Helena, MT: Helena Regional",148.00,22.00,8.50,0.00,6.05,0.00,7.45,2.00,0.00,1676.00,549.00,0.00,469.00,0.00,658.00
2025,5,OO,SkyWest Airlines Inc.,HOB,"Hobbs, NM: Lea County Regional",62.00,28.00,8.41,1.98,9.88,0.00,7.73,2.00,1.00,2183.00,493.00,209.00,820.00,0.00,661.00
2025,5,OO,SkyWest Airlines Inc.,HOU,"Houston, TX: William P Hobby",62.00,9.00,3.90,2.49,1.03,0.00,1.57,4.00,0.00,647.00,219.00,174.00,118.00,0.00,136.00
2025,5,OO,SkyWest Airlines Inc.,HPN,"White Plains, NY: Westchester County",43.00,8.00,5.02,1.68,1.29,0.00,0.00,0.00,0.00,572.00,497.00,45.00,30.00,0.00,0.00
2025,5,OO,SkyWest Airlines Inc.,HRL,"Harlingen/San Benito, TX: Valley International",83.00,32.00,19.25,4.99,3.76,0.00,4.00,3.00,0.00,2431.00,1363.00,395.00,248.00,0.00,425.00
2025,5,OO,SkyWest Airlines Inc.,HSV,"Huntsville, AL: Huntsville International-Carl T Jones Field",136.00,35.00,13.85,3.63,8.40,0.00,9.12,0.00,2.00,2336.00,765.00,603.00,475.00,0.00,493.00
2025,5,OO,SkyWest Airlines Inc.,HYS,"Hays, KS: Hays Regional",53.00,13.00,5.01,1.98,4.44,0.00,1.57,1.00,0.00,1148.00,507.00,292.00,213.00,0.00,136.00
2025,5,OO,SkyWest Airlines Inc.,IAD,"Washington, DC: Washington Dulles International",269.00,39.00,28.25,4.05,5.70,0.00,1.00,0.00,0.00,3720.00,2738.00,264.00,394.00,0.00,324.00
2025,5,OO,SkyWest Airlines Inc.,IAH,"Houston, TX: George Bush Intercontinental/Houston",1272.00,344.00,159.05,28.06,59.11,0.55,97.23,31.00,1.00,40859.00,18436.00,5016.00,7071.00,46.00,10290.00
2025,5,OO,SkyWest Airlines Inc.,ICT,"Wichita, KS: Wichita Dwight D Eisenhower National",293.00,60.00,34.29,3.14,9.41,0.36,12.80,2.00,2.00,4596.00,2042.00,348.00,856.00,48.00,1302.00
2025,5,OO,SkyWest Airlines Inc.,IDA,"Idaho Falls, ID: Idaho Falls Regional",278.00,54.00,19.76,11.18,7.07,0.00,15.99,4.00,1.00,4818.00,1086.00,1887.00,554.00,0.00,1291.00
2025,5,OO,SkyWest Airlines Inc.,ILM,"Wilmington, NC: Wilmington International",11.00,1.00,0.00,1.00,0.00,0.00,0.00,0.00,0.00,32.00,0.00,32.00,0.00,0.00,0.00
2025,5,OO,SkyWest Airlines Inc.,IMT,"Iron Mountain/Kingsfd, MI: Ford",62.00,12.00,10.07,1.00,0.93,0.00,0.00,0.00,1.00,869.00,700.00,96.00,73.00,0.00,0.00
2025,5,OO,SkyWest Airlines Inc.,IND,"Indianapolis, IN: Indianapolis International",40.00,14.00,6.39,4.38,3.23,0.00,0.00,0.00,0.00,916.00,355.00,431.00,130.00,0.00,0.00
2025,5,OO,SkyWest Airlines Inc.,INL,"International Falls, MN: Falls International Einarson Field",54.00,3.00,1.38,0.00,1.63,0.00,0.00,1.00,0.00,238.00,132.00,0.00,106.00,0.00,0.00
2025,5,OO,SkyWest Airlines Inc.,JAC,"Jackson, WY: Jackson Hole",66.00,11.00,5.38,1.00,1.50,0.00,3.12,0.00,1.00,577.00,298.00,96.00,73.00,0.00,110.00
2025,5,OO,SkyWest Airlines Inc.,JAN,"Jackson/Vicksburg, MS: Jackson Medgar Wiley Evers International",111.00,24.00,12.86,7.33,2.81,0.00,1.00,11.00,2.00,2199.00,966.00,877.00,324.00,0.00,32.00
2025,5,OO,SkyWest Airlines Inc.,JAX,"Jacksonville, FL: Jacksonville International",62.00,8.00,4.98,1.00,0.02,0.00,2.00,0.00,1.00,1541.00,329.00,25.00,1.00,0.00,1186.00
2025,5,OO,SkyWest Airlines Inc.,JFK,"New York, NY: John F. Kennedy International",30.00,12.00,3.18,2.39,6.42,0.00,0.00,0.00,1.00,670.00,229.00,66.00,375.00,0.00,0.00
2025,5,OO,SkyWest Airlines Inc.,JLN,"Joplin, MO: Joplin Regional",62.00,15.00,6.54,1.75,3.82,0.00,2.89,0.00,0.00,2564.00,813.00,109.00,771.00,0.00,871.00
2025,5,OO,SkyWest Airlines Inc.,JMS,"Jamestown, ND: Jamestown Regional",58.00,5.00,3.95,0.78,0.27,0.00,0.00,0.00,1.00,738.00,679.00,39.00,20.00,0.00,0.00
2025,5,OO,SkyWest Airlines Inc.,JST,"Johnstown, PA: John Murtha Johnstown-Cambria County",62.00,13.00,7.27,2.00,2.73,0.00,1.00,0.00,0.00,786.00,349.00,149.00,208.00,0.00,80.00
2025,5,OO,SkyWest Airlines Inc.,LAN,"Lansing, MI: Capital Region International",87.00,8.00,5.96,1.11,0.93,0.00,0.00,0.00,0.00,507.00,402.00,35.00,70.00,0.00,0.00
2025,5,OO,SkyWest Airlines Inc.,LAR,"Laramie, WY: Laramie Regional",53.00,13.00,6.04,0.00,3.33,0.00,3.63,3.00,0.00,793.00,246.00,0.00,172.00,0.00,375.00
2025,5,OO,SkyWest Airlines Inc.,LAS,"Las Vegas, NV: Harry Reid International",464.00,107.00,46.39,14.26,34.00,0.00,12.36,2.00,0.00,6765.00,3447.00,713.00,2182.00,0.00,423.00
2025,5,OO,SkyWest Airlines Inc.,LAW,"Lawton/Fort Sill, OK: Lawton-Fort Sill Regional",93.00,17.00,8.65,5.30,1.05,0.00,2.00,7.00,0.00,1040.00,509.00,378.00,47.00,0.00,106.00
2025,5,OO,SkyWest Airlines Inc.,LAX,"Los Angeles, CA: Los Angeles International",3325.00,327.00,201.39,28.37,41.82,0.00,55.42,2.00,1.00,21532.00,15289.00,1564.00,1792.00,0.00,2887.00
2025,5,OO,SkyWest Airlines Inc.,LBB,"Lubbock, TX: Lubbock Preston Smith International",130.00,43.00,14.07,2.00,14.03,0.00,12.90,2.00,0.00,4379.00,810.00,51.00,1170.00,0.00,2348.00
2025,5,OO,SkyWest Airlines Inc.,LBF,"North Platte, NE: North Platte Regional Airport Lee Bird Field",54.00,10.00,1.96,0.00,2.77,0.00,5.27,2.00,0.00,709.00,88.00,0.00,144.00,0.00,477.00
2025,5,OO,SkyWest Airlines Inc.,LBL,"Liberal, KS: Liberal Mid-America Regional",53.00,7.00,3.56,1.67,1.77,0.00,0.00,2.00,4.00,1366.00,191.00,203.00,972.00,0.00,0.00
2025,5,OO,SkyWest Airlines Inc.,LCH,"Lake Charles, LA: Lake Charles Regional",114.00,18.00,8.76,6.37,1.00,0.00,1.88,8.00,3.00,981.00,336.00,405.00,82.00,0.00,158.00
2025,5,OO,SkyWest Airlines Inc.,LEX,"Lexington, KY: Blue Grass",165.00,31.00,13.87,1.10,10.13,0.00,5.90,2.00,0.00,2269.00,735.00,85.00,797.00,0.00,652.00
2025,5,OO,SkyWest Airlines Inc.,LFT,"Lafayette, LA: Lafayette Regional Paul Fournet Field",248.00,69.00,33.10,13.77,7.20,0.00,14.93,8.00,0.00,6902.00,2890.00,1603.00,347.00,0.00,2062.00
2025,5,OO,SkyWest Airlines Inc.,LGA,"New York, NY: LaGuardia",84.00,18.00,9.17,1.83,7.01,0.00,0.00,2.00,0.00,1256.00,550.00,174.00,532.00,0.00,0.00
2025,5,OO,SkyWest Airlines Inc.,LGB,"Long Beach, CA: Long Beach Airport",62.00,3.00,3.00,0.00,0.00,0.00,0.00,0.00,0.00,188.00,188.00,0.00,0.00,0.00,0.00
2025,5,OO,SkyWest Airlines Inc.,LIT,"Little Rock, AR: Bill and Hillary Clinton Nat Adams Field",140.00,33.00,14.88,1.98,5.74,0.00,10.40,4.00,0.00,2415.00,617.00,227.00,415.00,0.00,1156.00
2025,5,OO,SkyWest Airlines Inc.,LNK,"Lincoln, NE: Lincoln Airport",258.00,65.00,29.25,2.90,13.60,0.00,19.25,0.00,3.00,7196.00,1818.00,293.00,1127.00,0.00,3958.00
2025,5,OO,SkyWest Airlines Inc.,LWS,"Lewiston, ID: Lewiston Nez Perce County",62.00,6.00,3.94,0.98,1.07,0.00,0.00,0.00,0.00,410.00,313.00,56.00,41.00,0.00,0.00
2025,5,OO,SkyWest Airlines Inc.,MAF,"Midland/Odessa, TX: Midland International Air and Space Port",320.00,71.00,27.88,8.81,22.34,0.00,11.98,6.00,2.00,11901.00,3667.00,1335.00,4753.00,0.00,2146.00
2025,5,OO,SkyWest Airlines Inc.,MBS,"Saginaw/Bay City/Midland, MI: MBS International",211.00,24.00,15.53,0.00,3.15,0.00,5.32,0.00,1.00,1226.00,709.00,0.00,150.00,0.00,367.00
2025,5,OO,SkyWest Airlines Inc.,MCI,"Kansas City, MO: Kansas City International",172.00,33.00,19.05,2.80,4.07,0.00,7.08,1.00,1.00,2120.00,632.00,968.00,152.00,0.00,368.00
2025,5,OO,SkyWest Airlines Inc.,MCW,"Mason City, IA: Mason City Municipal",53.00,6.00,5.00,0.00,0.00,0.00,1.00,0.00,2.00,188.00,153.00,0.00,0.00,0.00,35.00
2025,5,OO,SkyWest Airlines Inc.,MDT,"Harrisburg, PA: Harrisburg International",93.00,13.00,10.19,0.00,1.81,0.00,1.00,0.00,1.00,699.00,595.00,0.00,77.00,0.00,27.00
2025,5,OO,SkyWest Airlines Inc.,MDW,"Chicago, IL: Chicago Midway International",186.00,26.00,21.15,1.14,3.71,0.00,0.00,0.00,0.00,1577.00,1168.00,34.00,375.00,0.00,0.00
2025,5,OO,SkyWest Airlines Inc.,MEI,"Meridian, MS: Key Field",53.00,20.00,5.82,2.94,2.47,0.00,8.76,1.00,0.00,1841.00,227.00,455.00,395.00,0.00,764.00
2025,5,OO,SkyWest Airlines Inc.,MEM,"Memphis, TN: Memphis International",306.00,61.00,28.03,10.25,9.07,0.00,13.65,3.00,0.00,4492.00,1777.00,1254.00,771.00,0.00,690.00
2025,5,OO,SkyWest Airlines Inc.,MFE,"Mission/McAllen/Edinburg, TX: McAllen International",143.00,48.00,32.72,8.12,3.30,0.00,3.86,2.00,0.00,3502.00,2625.00,420.00,149.00,0.00,308.00
2025,5,OO,SkyWest Airlines Inc.,MFR,"Medford, OR: Rogue Valley International - Medford",249.00,26.00,20.17,1.00,3.57,0.00,1.26,0.00,0.00,1284.00,1099.00,19.00,106.00,0.00,60.00
2025,5,OO,SkyWest Airlines Inc.,MGM,"Montgomery, AL: Montgomery Regional",143.00,46.00,27.55,12.55,5.00,0.00,0.90,0.00,0.00,5658.00,3415.00,1839.00,368.00,0.00,36.00
2025,5,OO,SkyWest Airlines Inc.,MGW,"Morgantown, WV: Morgantown Municipal Walter L Bill Hart Field",62.00,12.00,5.23,2.00,1.81,0.00,2.96,0.00,0.00,1345.00,405.00,681.00,51.00,0.00,208.00
2025,5,OO,SkyWest Airlines Inc.,MKE,"Milwaukee, WI: General Mitchell International",489.00,114.00,64.75,11.70,21.59,0.00,15.97,5.00,3.00,10077.00,6429.00,1221.00,1104.00,0.00,1323.00
2025,5,OO,SkyWest Airlines Inc.,MLI,"Moline, IL: Quad Cities International",199.00,45.00,22.56,4.60,6.88,1.00,9.97,2.00,0.00,2305.00,1214.00,286.00,279.00,33.00,493.00
2025,5,OO,SkyWest Airlines Inc.,MOB,"Mobile, AL: Mobile Regional",5.00,2.00,1.00,0.00,0.08,0.00,0.92,0.00,0.00,254.00,148.00,0.00,8.00,0.00,98.00
2025,5,OO,SkyWest Airlines Inc.,MOT,"Minot, ND: Minot International",231.00,49.00,13.26,9.83,14.60,0.00,11.31,1.00,0.00,3863.00,783.00,899.00,916.00,0.00,1265.00
2025,5,OO,SkyWest Airlines Inc.,MQT,"Marquette, MI: Marquette Sawyer Regional",62.00,12.00,5.00,6.89,0.11,0.00,0.00,0.00,0.00,804.00,257.00,541.00,6.00,0.00,0.00
2025,5,OO,SkyWest Airlines Inc.,MRY,"Monterey, CA: Monterey Regional",272.00,29.00,11.41,1.89,8.55,0.00,7.15,1.00,3.00,2614.00,509.00,773.00,411.00,0.00,921.00
2025,5,OO,SkyWest Airlines Inc.,MSN,"Madison, WI: Dane County Regional-Truax Field",193.00,24.00,16.03,3.45,2.52,0.00,2.00,0.00,1.00,1672.00,1277.00,254.00,104.00,0.00,37.00
2025,5,OO,SkyWest Airlines Inc.,MSO,"Missoula, MT: Missoula Montana",98.00,10.00,3.88,1.00,1.56,0.00,3.56,1.00,0.00,522.00,169.00,17.00,31.00,0.00,305.00
2025,5,OO,SkyWest Airlines Inc.,MSP,"Minneapolis, MN: Minneapolis-St Paul International",2107.00,339.00,187.84,66.46,81.41,2.29,1.00,3.00,2.00,27460.00,16013.00,5894.00,5424.00,54.00,75.00
2025,5,OO,SkyWest Airlines Inc.,MSY,"New Orleans, LA: Louis Armstrong New Orleans International",62.00,16.00,5.67,6.45,3.88,0.00,0.00,0.00,0.00,1210.00,497.00,532.00,181.00,0.00,0.00
2025,5,OO,SkyWest Airlines Inc.,MTJ,"Montrose/Delta, CO: Montrose Regional",13.00,3.00,1.08,0.00,0.92,0.00,1.00,0.00,0.00,115.00,48.00,0.00,23.00,0.00,44.00
2025,5,OO,SkyWest Airlines Inc.,OAK,"Oakland, CA: Metro Oakland International",62.00,3.00,3.00,0.00,0.00,0.00,0.00,0.00,0.00,63.00,63.00,0.00,0.00,0.00,0.00
2025,5,OO,SkyWest Airlines Inc.,OKC,"Oklahoma City, OK: Will Rogers World",721.00,168.00,83.13,16.40,35.04,1.00,32.43,4.00,8.00,14546.00,5752.00,1474.00,3979.00,44.00,3297.00
2025,5,OO,SkyWest Airlines Inc.,OMA,"Omaha, NE: Eppley Airfield",437.00,63.00,46.08,6.74,5.74,0.00,4.44,0.00,2.00,3706.00,2608.00,390.00,346.00,0.00,362.00
2025,5,OO,SkyWest Airlines Inc.,ONT,"Ontario, CA: Ontario International",217.00,19.00,14.65,0.00,1.48,0.00,2.87,0.00,0.00,858.00,661.00,0.00,48.00,0.00,149.00
2025,5,OO,SkyWest Airlines Inc.,ORD,"Chicago, IL: Chicago O'Hare International",5505.00,1154.00,656.68,60.58,195.43,0.00,241.31,21.00,6.00,96721.00,51022.00,9034.00,17213.00,0.00,19452.00
2025,5,OO,SkyWest Airlines Inc.,ORF,"Norfolk, VA: Norfolk International",59.00,16.00,12.31,0.97,2.72,0.00,0.00,0.00,0.00,622.00,528.00,38.00,56.00,0.00,0.00
2025,5,OO,SkyWest Airlines Inc.,OTH,"North Bend/Coos Bay, OR: Southwest Oregon Regional",41.00,11.00,1.47,2.00,3.61,0.00,3.92,0.00,0.00,507.00,71.00,139.00,150.00,0.00,147.00
2025,5,OO,SkyWest Airlines Inc.,PBI,"West Palm Beach/Palm Beach, FL: Palm Beach International",10.00,4.00,0.90,0.00,0.94,0.00,2.16,0.00,0.00,349.00,26.00,0.00,87.00,0.00,236.00
2025,5,OO,SkyWest Airlines Inc.,PDX,"Portland, OR: Portland International",938.00,100.00,41.75,3.14,22.25,0.24,32.62,4.00,0.00,4794.00,1720.00,78.00,905.00,4.00,2087.00
2025,5,OO,SkyWest Airlines Inc.,PHL,"Philadelphia, PA: Philadelphia International",5.00,3.00,2.82,0.00,0.18,0.00,0.00,0.00,0.00,133.00,128.00,0.00,5.00,0.00,0.00
2025,5,OO,SkyWest Airlines Inc.,PHX,"Phoenix, AZ: Phoenix Sky Harbor International",2443.00,307.00,203.35,18.12,41.25,0.00,44.28,6.00,4.00,25703.00,18304.00,1762.00,3226.00,0.00,2411.00
2025,5,OO,SkyWest Airlines Inc.,PIA,"Peoria, IL: General Downing - Peoria International",227.00,51.00,25.21,3.71,10.64,0.00,11.45,1.00,0.00,4012.00,1393.00,427.00,632.00,0.00,1560.00
2025,5,OO,SkyWest Airlines Inc.,PIB,"Hattiesburg/Laurel, MS: Hattiesburg-Laurel Regional",53.00,17.00,9.17,0.00,0.87,0.00,6.96,1.00,0.00,1181.00,593.00,0.00,69.00,0.00,519.00
2025,5,OO,SkyWest Airlines Inc.,PIH,"Pocatello, ID: Pocatello Regional",62.00,5.00,3.64,0.15,1.21,0.00,0.00,0.00,0.00,233.00,200.00,3.00,30.00,0.00,0.00
2025,5,OO,SkyWest Airlines Inc.,PIT,"Pittsburgh, PA: Pittsburgh International",57.00,8.00,7.00,1.00,0.00,0.00,0.00,0.00,0.00,343.00,314.00,29.00,0.00,0.00,0.00
2025,5,OO,SkyWest Airlines Inc.,PLN,"Pellston, MI: Pellston Regional Airport of Emmet County",94.00,13.00,11.37,0.00,1.63,0.00,0.00,0.00,2.00,716.00,666.00,0.00,50.00,0.00,0.00
2025,5,OO,SkyWest Airlines Inc.,PNS,"Pensacola, FL: Pensacola International",8.00,4.00,1.94,0.00,0.30,0.00,1.76,0.00,0.00,274.00,57.00,0.00,31.00,0.00,186.00
2025,5,OO,SkyWest Airlines Inc.,PRC,"Prescott, AZ: Prescott Regional Ernest A Love Field",62.00,22.00,7.60,3.00,2.83,0.00,8.57,1.00,0.00,2577.00,748.00,276.00,129.00,0.00,1424.00
2025,5,OO,SkyWest Airlines Inc.,PSC,"Pasco/Kennewick/Richland, WA: Tri Cities",475.00,68.00,34.80,1.42,15.63,0.00,16.15,0.00,1.00,2961.00,1396.00,37.00,502.00,0.00,1026.00
2025,5,OO,SkyWest Airlines Inc.,PSP,"Palm Springs, CA: Palm Springs International",520.00,79.00,28.02,1.00,16.61,0.00,33.37,4.00,3.00,3926.00,1191.00,166.00,854.00,0.00,1715.00
2025,5,OO,SkyWest Airlines Inc.,PVD,"Providence, RI: Rhode Island Tf Green International",85.00,14.00,8.68,0.00,1.32,0.00,4.00,0.00,1.00,728.00,401.00,0.00,40.00,0.00,287.00
2025,5,OO,SkyWest Airlines Inc.,PVU,"Provo, UT: Provo Municipal",124.00,40.00,21.54,9.30,4.71,0.00,4.45,3.00,1.00,3368.00,1669.00,1229.00,257.00,0.00,213.00
2025,5,OO,SkyWest Airlines Inc.,PWM,"Portland, ME: Portland International Jetport",46.00,5.00,5.00,0.00,0.00,0.00,0.00,0.00,0.00,224.00,224.00,0.00,0.00,0.00,0.00
2025,5,OO,SkyWest Airlines Inc.,RAP,"Rapid City, SD: Rapid City Regional",303.00,73.00,31.03,9.63,18.88,0.00,13.46,4.00,5.00,5873.00,1542.00,2250.00,1282.00,0.00,799.00
2025,5,OO,SkyWest Airlines Inc.,RDD,"Redding, CA: Redding Regional",149.00,27.00,3.99,0.00,7.73,1.00,14.28,0.00,0.00,3247.00,1160.00,0.00,419.00,43.00,1625.00
2025,5,OO,SkyWest Airlines Inc.,RDM,"Bend/Redmond, OR: Roberts Field",317.00,24.00,11.93,1.00,6.51,0.00,4.56,0.00,0.00,1130.00,573.00,17.00,354.00,0.00,186.00
2025,5,OO,SkyWest Airlines Inc.,RDU,"Raleigh/Durham, NC: Raleigh-Durham International",18.00,8.00,2.89,1.40,0.71,0.00,3.00,0.00,0.00,1051.00,300.00,132.00,63.00,0.00,556.00
2025,5,OO,SkyWest Airlines Inc.,RHI,"Rhinelander, WI: Rhinelander/Oneida County",72.00,9.00,4.95,2.00,1.05,0.00,1.00,0.00,0.00,882.00,440.00,288.00,106.00,0.00,48.00
2025,5,OO,SkyWest Airlines Inc.,RIC,"Richmond, VA: Richmond International",25.00,4.00,2.91,1.00,0.09,0.00,0.00,0.00,0.00,174.00,148.00,17.00,9.00,0.00,0.00
2025,5,OO,SkyWest Airlines Inc.,RIW,"Riverton/Lander, WY: Central Wyoming Regional",62.00,14.00,5.95,0.00,1.57,0.00,6.47,0.00,0.00,1919.00,965.00,0.00,97.00,0.00,857.00
2025,5,OO,SkyWest Airlines Inc.,RKS,"Rock Springs, WY: Southwest Wyoming Regional",62.00,16.00,5.99,2.00,5.01,0.00,3.00,2.00,0.00,1583.00,250.00,873.00,275.00,0.00,185.00
2025,5,OO,SkyWest Airlines Inc.,RNO,"Reno, NV: Reno/Tahoe International",383.00,49.00,22.23,2.00,5.58,0.00,19.18,1.00,2.00,3178.00,1454.00,69.00,446.00,0.00,1209.00
2025,5,OO,SkyWest Airlines Inc.,ROA,"Roanoke, VA: Roanoke Blacksburg Regional",18.00,1.00,1.00,0.00,0.00,0.00,0.00,0.00,0.00,41.00,41.00,0.00,0.00,0.00,0.00
2025,5,OO,SkyWest Airlines Inc.,ROC,"Rochester, NY: Frederick Douglass Grtr Rochester International",6.00,1.00,1.00,0.00,0.00,0.00,0.00,0.00,0.00,22.00,22.00,0.00,0.00,0.00,0.00
2025,5,OO,SkyWest Airlines Inc.,ROW,"Roswell, NM: Roswell Air Center",66.00,14.00,2.09,4.97,4.14,0.00,2.81,1.00,0.00,1301.00,91.00,894.00,207.00,0.00,109.00
2025,5,OO,SkyWest Airlines Inc.,RST,"Rochester, MN: Rochester International",193.00,32.00,17.87,2.51,7.17,0.00,4.44,1.00,0.00,1695.00,1007.00,142.00,331.00,0.00,215.00
2025,5,OO,SkyWest Airlines Inc.,SAF,"Santa Fe, NM: Santa Fe Municipal",312.00,70.00,32.88,10.62,16.56,0.00,9.95,6.00,2.00,6038.00,2134.00,1286.00,2007.00,0.00,611.00
2025,5,OO,SkyWest Airlines Inc.,SAN,"San Diego, CA: San Diego International",1392.00,271.00,108.44,9.05,73.16,0.00,80.34,7.00,0.00,12298.00,4193.00,511.00,3845.00,0.00,3749.00
2025,5,OO,SkyWest Airlines Inc.,SAT,"San Antonio, TX: San Antonio International",158.00,31.00,15.48,0.78,10.69,0.00,4.06,3.00,0.00,2048.00,930.00,62.00,700.00,0.00,356.00
2025,5,OO,SkyWest Airlines Inc.,SAV,"Savannah, GA: Savannah/Hilton Head International",26.00,8.00,6.09,1.00,0.91,0.00,0.00,0.00,0.00,412.00,304.00,67.00,41.00,0.00,0.00
2025,5,OO,SkyWest Airlines Inc.,SBA,"Santa Barbara, CA: Santa Barbara Municipal",356.00,40.00,24.41,0.98,9.85,0.00,4.76,0.00,2.00,2865.00,2113.00,51.00,402.00,0.00,299.00
2025,5,OO,SkyWest Airlines Inc.,SBN,"South Bend, IN: South Bend International",434.00,103.00,55.59,22.84,16.14,0.00,8.42,6.00,9.00,10597.00,4041.00,4086.00,878.00,0.00,1592.00
2025,5,OO,SkyWest Airlines Inc.,SBP,"San Luis Obispo, CA: San Luis County Regional",294.00,61.00,24.37,0.00,15.75,0.00,20.88,0.00,0.00,3986.00,987.00,0.00,1872.00,0.00,1127.00
2025,5,OO,SkyWest Airlines Inc.,SCE,"State College, PA: University Park",49.00,6.00,2.07,0.00,0.95,0.00,2.98,0.00,0.00,536.00,107.00,0.00,78.00,0.00,351.00
2025,5,OO,SkyWest Airlines Inc.,SDF,"Louisville, KY: Louisville Muhammad Ali International",180.00,39.00,31.30,3.21,4.49,0.00,0.00,0.00,0.00,2862.00,2536.00,128.00,198.00,0.00,0.00
2025,5,OO,SkyWest Airlines Inc.,SEA,"Seattle, WA: Seattle/Tacoma International",2611.00,362.00,211.33,9.25,64.20,0.00,77.22,1.00,0.00,16316.00,9292.00,367.00,2667.00,0.00,3990.00
2025,5,OO,SkyWest Airlines Inc.,SFO,"San Francisco, CA: San Francisco International",3112.00,627.00,294.56,13.50,160.89,2.06,155.99,5.00,2.00,38664.00,17561.00,1830.00,8895.00,575.00,9803.00
2025,5,OO,SkyWest Airlines Inc.,SGF,"Springfield, MO: Springfield-Branson National",268.00,66.00,28.63,5.16,16.83,0.00,15.38,3.00,0.00,8118.00,1291.00,1245.00,1937.00,0.00,3645.00
2025,5,OO,SkyWest Airlines Inc.,SGU,"St. George, UT: St George Regional",423.00,54.00,33.80,3.81,11.71,0.00,4.69,0.00,1.00,4735.00,2669.00,557.00,1174.00,0.00,335.00
2025,5,OO,SkyWest Airlines Inc.,SHR,"Sheridan, WY: Sheridan County",62.00,15.00,3.74,3.00,4.27,0.00,4.00,1.00,0.00,1939.00,520.00,901.00,276.00,0.00,242.00
2025,5,OO,SkyWest Airlines Inc.,SHV,"Shreveport, LA: Shreveport Regional",307.00,90.00,41.66,25.20,7.81,0.00,15.33,6.00,1.00,7805.00,2835.00,2454.00,648.00,0.00,1868.00
2025,5,OO,SkyWest Airlines Inc.,SJC,"San Jose, CA: Norman Y. Mineta San Jose International",735.00,94.00,44.33,7.83,15.78,0.00,26.06,3.00,0.00,4580.00,2271.00,302.00,612.00,0.00,1395.00
2025,5,OO,SkyWest Airlines Inc.,SJT,"San Angelo, TX: San Angelo Regional/Mathis Field",93.00,18.00,5.00,5.87,3.19,0.00,3.93,5.00,0.00,1448.00,197.00,697.00,248.00,0.00,306.00
2025,5,OO,SkyWest Airlines Inc.,SLC,"Salt Lake City, UT: Salt Lake City International",3095.00,238.00,157.35,16.70,34.35,0.00,29.60,2.00,0.00,16866.00,11733.00,1867.00,1696.00,0.00,1570.00
2025,5,OO,SkyWest Airlines Inc.,SLN,"Salina, KS: Salina Regional",93.00,30.00,10.73,1.86,11.12,0.00,6.29,2.00,1.00,3465.00,608.00,1157.00,654.00,0.00,1046.00
2025,5,OO,SkyWest Airlines Inc.,SMF,"Sacramento, CA: Sacramento International",904.00,101.00,53.12,6.67,13.41,0.00,27.79,1.00,1.00,6516.00,2970.00,444.00,844.00,0.00,2258.00
2025,5,OO,SkyWest Airlines Inc.,SNA,"Santa Ana, CA: John Wayne Airport-Orange County",514.00,95.00,32.69,13.61,20.63,0.00,28.07,4.00,1.00,3993.00,1181.00,786.00,869.00,0.00,1157.00
2025,5,OO,SkyWest Airlines Inc.,SPS,"Wichita Falls, TX: Sheppard AFB/Wichita Falls Municipal",62.00,14.00,7.97,4.62,0.41,0.00,1.00,3.00,0.00,975.00,610.00,173.00,23.00,0.00,169.00
2025,5,OO,SkyWest Airlines Inc.,SRQ,"Sarasota/Bradenton, FL: Sarasota/Bradenton International",2.00,0.00,0.00,0.00,0.00,0.00,0.00,0.00,0.00,0.00,0.00,0.00,0.00,0.00,0.00
2025,5,OO,SkyWest Airlines Inc.,STL,"St. Louis, MO: St Louis Lambert International",132.00,27.00,14.09,0.89,8.19,0.00,3.83,1.00,0.00,2063.00,659.00,17.00,1230.00,0.00,157.00
2025,5,OO,SkyWest Airlines Inc.,STS,"Santa Rosa, CA: Charles M. Schulz - Sonoma County",341.00,69.00,23.37,4.94,11.10,0.00,29.60,0.00,0.00,3351.00,1111.00,445.00,529.00,0.00,1266.00
2025,5,OO,SkyWest Airlines Inc.,SUN,"Sun Valley/Hailey/Ketchum, ID: Friedman Memorial",146.00,12.00,3.78,1.00,5.53,0.00,1.69,1.00,0.00,629.00,93.00,88.00,397.00,0.00,51.00
2025,5,OO,SkyWest Airlines Inc.,SUX,"Sioux City, IA: Sioux Gateway Brig Gen Bud Day Field",62.00,19.00,9.59,1.94,4.48,0.00,3.00,1.00,1.00,1761.00,472.00,181.00,898.00,0.00,210.00
2025,5,OO,SkyWest Airlines Inc.,SWO,"Stillwater, OK: Stillwater Regional",62.00,5.00,2.00,2.00,1.00,0.00,0.00,5.00,0.00,504.00,58.00,323.00,123.00,0.00,0.00
2025,5,OO,SkyWest Airlines Inc.,SYR,"Syracuse, NY: Syracuse Hancock International",33.00,6.00,5.94,0.00,0.06,0.00,0.00,0.00,0.00,265.00,261.00,0.00,4.00,0.00,0.00
2025,5,OO,SkyWest Airlines Inc.,TUL,"Tulsa, OK: Tulsa International",307.00,61.00,32.41,3.00,11.99,0.00,13.60,2.00,2.00,4023.00,1847.00,269.00,886.00,0.00,1021.00
2025,5,OO,SkyWest Airlines Inc.,TUS,"Tucson, AZ: Tucson International",721.00,86.00,52.31,4.76,12.98,0.00,15.95,2.00,0.00,4913.00,3113.00,429.00,615.00,0.00,756.00
2025,5,OO,SkyWest Airlines Inc.,TVC,"Traverse City, MI: Cherry Capital",88.00,8.00,6.00,1.00,0.00,0.00,1.00,0.00,0.00,521.00,465.00,28.00,0.00,0.00,28.00
2025,5,OO,SkyWest Airlines Inc.,TWF,"Twin Falls, ID: Joslin Field - Magic Valley Regional",62.00,2.00,1.03,0.00,0.97,0.00,0.00,0.00,0.00,58.00,27.00,0.00,31.00,0.00,0.00
2025,5,OO,SkyWest Airlines Inc.,TXK,"Texarkana, AR: Texarkana Regional-Webb Field",62.00,7.00,1.42,3.99,0.60,0.00,1.00,4.00,0.00,724.00,56.00,575.00,35.00,0.00,58.00
2025,5,OO,SkyWest Airlines Inc.,TYR,"Tyler, TX: Tyler Pounds Regional",93.00,18.00,6.82,4.09,1.46,0.00,5.62,6.00,0.00,915.00,400.00,242.00,71.00,0.00,202.00
2025,5,OO,SkyWest Airlines Inc.,TYS,"Knoxville, TN: McGhee Tyson",99.00,21.00,9.65,1.00,5.98,0.00,4.37,1.00,0.00,1034.00,395.00,114.00,229.00,0.00,296.00
2025,5,OO,SkyWest Airlines Inc.,VCT,"Victoria, TX: Victoria Regional",56.00,12.00,6.00,1.00,0.00,0.00,5.00,3.00,1.00,1415.00,915.00,80.00,0.00,0.00,420.00
2025,5,OO,SkyWest Airlines Inc.,WYS,"West Yellowstone, MT: Yellowstone",44.00,4.00,2.05,1.00,0.95,0.00,0.00,0.00,2.00,287.00,36.00,231.00,20.00,0.00,0.00
2025,5,OO,SkyWest Airlines Inc.,XNA,"Fayetteville, AR: Northwest Arkansas National",151.00,27.00,19.16,2.00,1.48,0.00,4.36,0.00,0.00,2128.00,721.00,1157.00,51.00,0.00,199.00
2025,5,OO,SkyWest Airlines Inc.,XWA,"Williston, ND: Williston Basin International",193.00,36.00,14.87,3.98,8.41,2.00,6.74,1.00,0.00,2756.00,571.00,192.00,330.00,778.00,885.00
2025,5,OO,SkyWest Airlines Inc.,YUM,"Yuma, AZ: Yuma MCAS/Yuma International",127.00,25.00,15.39,4.60,3.14,0.00,1.88,0.00,0.00,2112.00,1264.00,506.00,260.00,0.00,82.00
2025,5,PT,Piedmont Airlines,AGS,"Augusta, GA: Augusta Regional at Bush Field",35.00,7.00,1.27,0.00,2.33,0.00,3.39,1.00,0.00,314.00,61.00,0.00,125.00,0.00,128.00
2025,5,PT,Piedmont Airlines,ALB,"Albany, NY: Albany International",193.00,59.00,16.20,1.95,17.65,0.00,23.20,2.00,0.00,4606.00,1135.00,363.00,793.00,0.00,2315.00
2025,5,PT,Piedmont Airlines,ALO,"Waterloo, IA: Waterloo Regional",60.00,21.00,3.01,0.00,5.50,0.00,12.49,1.00,0.00,2851.00,314.00,0.00,254.00,0.00,2283.00
2025,5,PT,Piedmont Airlines,ART,"Watertown, NY: Watertown International",62.00,16.00,3.14,3.33,3.61,0.00,5.91,2.00,9.00,2365.00,206.00,1424.00,180.00,0.00,555.00
2025,5,PT,Piedmont Airlines,AVL,"Asheville, NC: Asheville Regional",54.00,16.00,1.96,0.00,12.03,0.00,2.01,1.00,1.00,704.00,110.00,0.00,371.00,0.00,223.00
2025,5,PT,Piedmont Airlines,AVP,"Scranton/Wilkes-Barre, PA: Wilkes Barre Scranton International",60.00,19.00,2.64,1.07,7.74,0.00,7.55,2.00,0.00,1604.00,195.00,198.00,230.00,0.00,981.00
2025,5,PT,Piedmont Airlines,AZO,"Kalamazoo, MI: Kalamazoo/Battle Creek International",89.00,23.00,6.36,0.02,6.14,0.00,10.48,2.00,0.00,3035.00,614.00,21.00,205.00,0.00,2195.00
2025,5,PT,Piedmont Airlines,BDL,"Hartford, CT: Bradley International",66.00,15.00,2.47,0.98,4.39,0.00,7.16,1.00,0.00,993.00,130.00,202.00,195.00,0.00,466.00
2025,5,PT,Piedmont Airlines,BGR,"Bangor, ME: Bangor International",46.00,13.00,5.26,0.00,1.66,0.00,6.08,2.00,0.00,709.00,320.00,0.00,73.00,0.00,316.00
2025,5,PT,Piedmont Airlines,BHM,"Birmingham, AL: Birmingham-Shuttlesworth International",1.00,1.00,0.83,0.00,0.17,0.00,0.00,0.00,0.00,64.00,53.00,0.00,11.00,0.00,0.00
2025,5,PT,Piedmont Airlines,BNA,"Nashville, TN: Nashville International",27.00,17.00,0.91,0.00,10.17,0.00,5.92,1.00,0.00,1020.00,79.00,0.00,530.00,0.00,411.00
2025,5,PT,Piedmont Airlines,BOS,"Boston, MA: Logan International",104.00,26.00,2.95,3.93,13.59,0.00,5.54,0.00,0.00,2823.00,1388.00,307.00,640.00,0.00,488.00
2025,5,PT,Piedmont Airlines,BUF,"Buffalo, NY: Buffalo Niagara International",92.00,28.00,6.19,1.00,5.62,0.00,15.19,0.00,0.00,1948.00,423.00,59.00,331.00,0.00,1135.00
2025,5,PT,Piedmont Airlines,CAE,"Columbia, SC: Columbia Metropolitan",212.00,63.00,15.42,0.63,16.97,0.00,29.98,6.00,2.00,4349.00,859.00,42.00,588.00,0.00,2860.00
2025,5,PT,Piedmont Airlines,CHA,"Chattanooga, TN: Lovell Field",160.00,48.00,13.85,3.67,10.72,0.00,19.76,4.00,0.00,3133.00,786.00,344.00,597.00,0.00,1406.00
2025,5,PT,Piedmont Airlines,CHO,"Charlottesville, VA: Charlottesville Albemarle",242.00,58.00,13.33,5.16,8.90,0.00,30.61,1.00,2.00,6044.00,769.00,326.00,373.00,0.00,4576.00
2025,5,PT,Piedmont Airlines,CLE,"Cleveland, OH: Cleveland-Hopkins International",39.00,11.00,6.07,0.54,3.88,0.00,0.51,0.00,0.00,935.00,530.00,84.00,295.00,0.00,26.00
2025,5,PT,Piedmont Airlines,CLT,"Charlotte, NC: Charlotte Douglas International",3296.00,830.00,144.15,62.45,156.13,0.72,466.56,58.00,11.00,85276.00,25054.00,11604.00,7060.00,41.00,41517.00
2025,5,PT,Piedmont Airlines,CMH,"Columbus, OH: John Glenn Columbus International",112.00,28.00,6.10,0.58,7.79,0.00,13.53,3.00,0.00,1844.00,301.00,120.00,459.00,0.00,964.00
2025,5,PT,Piedmont Airlines,CVG,"Cincinnati, OH: Cincinnati/Northern Kentucky International",89.00,24.00,3.23,2.05,10.13,0.00,8.59,0.00,0.00,2104.00,183.00,364.00,444.00,0.00,1113.00
2025,5,PT,Piedmont Airlines,CWA,"Mosinee, WI: Central Wisconsin",36.00,7.00,2.15,0.00,0.10,0.00,4.75,0.00,0.00,516.00,107.00,0.00,11.00,0.00,398.00
2025,5,PT,Piedmont Airlines,DAY,"Dayton, OH: James M Cox/Dayton International",56.00,20.00,4.35,0.00,5.88,0.00,9.77,0.00,0.00,1799.00,427.00,0.00,381.00,0.00,991.00
2025,5,PT,Piedmont Airlines,ERI,"Erie, PA: Erie International/Tom Ridge Field",93.00,27.00,6.78,1.22,5.69,0.00,13.32,1.00,0.00,1339.00,450.00,51.00,176.00,0.00,662.00
2025,5,PT,Piedmont Airlines,EVV,"Evansville, IN: Evansville Regional",155.00,40.00,11.41,2.17,10.77,0.00,15.66,1.00,0.00,4111.00,1530.00,221.00,484.00,0.00,1876.00
2025,5,PT,Piedmont Airlines,EWN,"New Bern/Morehead/Beaufort, NC: Coastal Carolina Regional",124.00,23.00,5.09,1.20,1.56,0.22,14.93,1.00,1.00,3336.00,204.00,70.00,97.00,7.00,2958.00
2025,5,PT,Piedmont Airlines,FAY,"Fayetteville, NC: Fayetteville Regional/Grannis Field",215.00,57.00,16.29,4.73,8.18,0.00,27.80,9.00,2.00,6210.00,1343.00,908.00,335.00,0.00,3624.00
2025,5,PT,Piedmont Airlines,FLO,"Florence, SC: Florence Regional",88.00,19.00,6.61,0.58,0.21,0.00,11.60,3.00,0.00,1579.00,452.00,11.00,4.00,0.00,1112.00
2025,5,PT,Piedmont Airlines,FNT,"Flint, MI: Bishop International",62.00,15.00,2.86,0.25,2.50,0.00,9.39,1.00,0.00,1893.00,163.00,59.00,76.00,0.00,1595.00
2025,5,PT,Piedmont Airlines,FSD,"Sioux Falls, SD: Joe Foss Field",4.00,0.00,0.00,0.00,0.00,0.00,0.00,0.00,0.00,0.00,0.00,0.00,0.00,0.00,0.00
2025,5,PT,Piedmont Airlines,FWA,"Fort Wayne, IN: Fort Wayne International",62.00,13.00,1.41,0.05,6.29,0.00,5.25,2.00,0.00,617.00,67.00,7.00,183.00,0.00,360.00
2025,5,PT,Piedmont Airlines,GNV,"Gainesville, FL: Gainesville Regional",120.00,32.00,5.31,0.97,6.86,0.00,18.86,4.00,0.00,1694.00,312.00,58.00,350.00,0.00,974.00
2025,5,PT,Piedmont Airlines,GRR,"Grand Rapids, MI: Gerald R. Ford International",60.00,15.00,2.02,1.27,3.59,0.00,8.13,2.00,0.00,1209.00,171.00,142.00,132.00,0.00,764.00
2025,5,PT,Piedmont Airlines,GSO,"Greensboro/High Point, NC: Piedmont Triad International",159.00,37.00,7.25,2.29,6.33,0.00,21.13,5.00,0.00,2762.00,517.00,263.00,265.00,0.00,1717.00
2025,5,PT,Piedmont Airlines,GSP,"Greer, SC: Greenville-Spartanburg International",66.00,12.00,1.74,0.24,6.70,0.00,3.32,0.00,0.00,705.00,57.00,62.00,301.00,0.00,285.00
2025,5,PT,Piedmont Airlines,HSV,"Huntsville, AL: Huntsville International-Carl T Jones Field",134.00,29.00,5.69,1.18,6.02,0.00,16.11,4.00,4.00,1883.00,286.00,144.00,364.00,0.00,1089.00
2025,5,PT,Piedmont Airlines,HTS,"Ashland, WV: Tri-State/Milton J. Ferguson Field",92.00,16.00,3.53,0.67,3.19,0.00,8.62,3.00,0.00,777.00,166.00,22.00,118.00,0.00,471.00
2025,5,PT,Piedmont Airlines,ILM,"Wilmington, NC: Wilmington International",92.00,26.00,3.93,0.00,10.37,0.00,11.70,2.00,0.00,1787.00,320.00,0.00,401.00,0.00,1066.00
2025,5,PT,Piedmont Airlines,IND,"Indianapolis, IN: Indianapolis International",2.00,0.00,0.00,0.00,0.00,0.00,0.00,0.00,0.00,0.00,0.00,0.00,0.00,0.00,0.00
2025,5,PT,Piedmont Airlines,JAN,"Jackson/Vicksburg, MS: Jackson Medgar Wiley Evers International",93.00,27.00,5.95,2.53,9.37,0.00,9.14,1.00,3.00,3007.00,797.00,143.00,321.00,0.00,1746.00
2025,5,PT,Piedmont Airlines,LEX,"Lexington, KY: Blue Grass",6.00,1.00,1.00,0.00,0.00,0.00,0.00,0.00,0.00,143.00,143.00,0.00,0.00,0.00,0.00
2025,5,PT,Piedmont Airlines,LSE,"La Crosse, WI: La Crosse Regional",1.00,0.00,0.00,0.00,0.00,0.00,0.00,0.00,0.00,0.00,0.00,0.00,0.00,0.00,0.00
2025,5,PT,Piedmont Airlines,LYH,"Lynchburg, VA: Lynchburg Regional/Preston Glenn Field",149.00,40.00,12.20,0.68,6.56,0.00,20.56,3.00,1.00,5099.00,1198.00,413.00,244.00,0.00,3244.00
2025,5,PT,Piedmont Airlines,MDT,"Harrisburg, PA: Harrisburg International",360.00,99.00,22.72,1.05,17.05,0.00,58.18,2.00,0.00,9924.00,1543.00,201.00,822.00,0.00,7358.00
2025,5,PT,Piedmont Airlines,MGM,"Montgomery, AL: Montgomery Regional",62.00,12.00,3.93,0.27,3.13,0.00,4.67,0.00,0.00,1261.00,660.00,44.00,66.00,0.00,491.00
2025,5,PT,Piedmont Airlines,MHT,"Manchester, NH: Manchester Boston Regional",61.00,12.00,4.01,1.21,3.87,0.00,2.91,0.00,0.00,1916.00,377.00,230.00,174.00,0.00,1135.00
2025,5,PT,Piedmont Airlines,MKE,"Milwaukee, WI: General Mitchell International",58.00,16.00,3.23,2.11,3.20,0.00,7.47,2.00,0.00,1182.00,120.00,385.00,169.00,0.00,508.00
2025,5,PT,Piedmont Airlines,MOB,"Mobile, AL: Mobile Regional",93.00,26.00,6.42,0.27,4.52,0.00,14.80,1.00,4.00,1446.00,340.00,18.00,154.00,0.00,934.00
2025,5,PT,Piedmont Airlines,MSN,"Madison, WI: Dane County Regional-Truax Field",89.00,15.00,3.75,0.12,4.33,0.00,6.80,1.00,1.00,984.00,135.00,34.00,149.00,0.00,666.00
2025,5,PT,Piedmont Airlines,MYR,"Myrtle Beach, SC: Myrtle Beach International",39.00,11.00,3.55,0.00,4.42,0.00,3.03,1.00,0.00,645.00,211.00,0.00,173.00,0.00,261.00
2025,5,PT,Piedmont Airlines,OAJ,"Jacksonville/Camp Lejeune, NC: Albert J Ellis",185.00,48.00,14.15,4.40,7.92,0.00,21.53,3.00,1.00,4704.00,873.00,895.00,380.00,0.00,2556.00
2025,5,PT,Piedmont Airlines,ORD,"Chicago, IL: Chicago O'Hare International",871.00,187.00,37.35,4.27,57.73,0.00,87.66,13.00,6.00,15298.00,3413.00,544.00,2372.00,0.00,8969.00
2025,5,PT,Piedmont Airlines,ORF,"Norfolk, VA: Norfolk International",31.00,2.00,0.00,0.00,2.00,0.00,0.00,0.00,0.00,106.00,0.00,0.00,106.00,0.00,0.00
2025,5,PT,Piedmont Airlines,PGV,"Greenville, NC: Pitt Greenville",88.00,18.00,2.68,0.71,3.91,0.00,10.71,2.00,0.00,2948.00,188.00,359.00,165.00,0.00,2236.00
2025,5,PT,Piedmont Airlines,PHF,"Newport News/Williamsburg, VA: Newport News/Williamsburg International",124.00,32.00,7.81,2.38,4.89,0.00,16.92,2.00,1.00,1994.00,528.00,130.00,260.00,0.00,1076.00
2025,5,PT,Piedmont Airlines,PHL,"Philadelphia, PA: Philadelphia International",2104.00,621.00,73.69,30.55,249.11,0.04,267.61,30.00,7.00,58108.00,9330.00,6960.00,14319.00,1.00,27498.00
2025,5,PT,Piedmont Airlines,PIT,"Pittsburgh, PA: Pittsburgh International",1.00,0.00,0.00,0.00,0.00,0.00,0.00,0.00,0.00,0.00,0.00,0.00,0.00,0.00,0.00
2025,5,PT,Piedmont Airlines,PVD,"Providence, RI: Rhode Island Tf Green International",39.00,10.00,3.73,0.59,3.47,0.00,2.21,0.00,1.00,608.00,231.00,90.00,198.00,0.00,89.00
2025,5,PT,Piedmont Airlines,PWM,"Portland, ME: Portland International Jetport",4.00,1.00,0.00,0.55,0.45,0.00,0.00,0.00,0.00,67.00,0.00,37.00,30.00,0.00,0.00
2025,5,PT,Piedmont Airlines,RDU,"Raleigh/Durham, NC: Raleigh-Durham International",34.00,4.00,2.73,1.00,0.27,0.00,0.00,0.00,0.00,204.00,105.00,93.00,6.00,0.00,0.00
2025,5,PT,Piedmont Airlines,RIC,"Richmond, VA: Richmond International",154.00,42.00,8.10,2.01,15.62,0.00,16.27,1.00,0.00,2984.00,556.00,271.00,720.00,0.00,1437.00
2025,5,PT,Piedmont Airlines,ROA,"Roanoke, VA: Roanoke Blacksburg Regional",298.00,92.00,24.76,3.43,29.65,0.00,34.17,3.00,4.00,8482.00,1853.00,1307.00,1698.00,0.00,3624.00
2025,5,PT,Piedmont Airlines,ROC,"Rochester, NY: Frederick Douglass Grtr Rochester International",145.00,28.00,4.58,0.04,6.29,0.00,17.08,0.00,0.00,3242.00,255.00,2.00,346.00,0.00,2639.00
2025,5,PT,Piedmont Airlines,SAV,"Savannah, GA: Savannah/Hilton Head International",32.00,3.00,0.17,0.33,1.54,0.43,0.52,1.00,0.00,87.00,4.00,5.00,45.00,21.00,12.00
2025,5,PT,Piedmont Airlines,SBY,"Salisbury, MD: Salisbury-Ocean City/Wicomico Regional",124.00,43.00,13.38,2.63,5.19,0.00,21.80,1.00,1.00,4060.00,1239.00,791.00,181.00,0.00,1849.00
2025,5,PT,Piedmont Airlines,SCE,"State College, PA: University Park",90.00,23.00,2.94,1.90,4.36,0.00,13.80,2.00,1.00,1912.00,145.00,286.00,203.00,0.00,1278.00
2025,5,PT,Piedmont Airlines,SDF,"Louisville, KY: Louisville Muhammad Ali International",60.00,17.00,1.78,1.38,7.48,0.00,6.37,0.00,0.00,1298.00,199.00,309.00,236.00,0.00,554.00
2025,5,PT,Piedmont Airlines,SYR,"Syracuse, NY: Syracuse Hancock International",145.00,32.00,7.01,0.00,13.03,0.00,11.95,3.00,1.00,1826.00,356.00,0.00,501.00,0.00,969.00
2025,5,PT,Piedmont Airlines,TLH,"Tallahassee, FL: Tallahassee International",92.00,25.00,4.34,2.42,6.71,0.00,11.52,1.00,0.00,1241.00,243.00,195.00,253.00,0.00,550.00
2025,5,PT,Piedmont Airlines,TRI,"Bristol/Johnson City/Kingsport, TN: Tri Cities",185.00,57.00,11.77,1.01,10.95,0.00,33.27,3.00,0.00,6649.00,1138.00,133.00,438.00,0.00,4940.00
2025,5,PT,Piedmont Airlines,TVC,"Traverse City, MI: Cherry Capital",30.00,4.00,0.94,0.00,1.35,0.00,1.71,0.00,0.00,483.00,68.00,0.00,40.00,0.00,375.00
2025,5,PT,Piedmont Airlines,TYS,"Knoxville, TN: McGhee Tyson",244.00,59.00,8.36,3.29,20.01,0.00,27.34,4.00,0.00,3583.00,496.00,165.00,766.00,0.00,2156.00
2025,5,QX,Horizon Air,ABQ,"Albuquerque, NM: Albuquerque International Sunport",31.00,4.00,1.00,0.00,1.00,0.00,2.00,0.00,0.00,238.00,46.00,0.00,16.00,0.00,176.00
2025,5,QX,Horizon Air,AKN,"King Salmon, AK: King Salmon Airport",27.00,0.00,0.00,0.00,0.00,0.00,0.00,0.00,0.00,0.00,0.00,0.00,0.00,0.00,0.00
2025,5,QX,Horizon Air,ALW,"Walla Walla, WA: Walla Walla Regional",62.00,13.00,3.00,0.00,2.18,0.00,7.82,1.00,0.00,509.00,158.00,0.00,33.00,0.00,318.00
2025,5,QX,Horizon Air,ANC,"Anchorage, AK: Ted Stevens Anchorage International",377.00,25.00,6.71,1.00,3.49,1.56,12.24,3.00,0.00,922.00,253.00,52.00,74.00,29.00,514.00
2025,5,QX,Horizon Air,BET,"Bethel, AK: Bethel Airport",14.00,0.00,0.00,0.00,0.00,0.00,0.00,1.00,0.00,0.00,0.00,0.00,0.00,0.00,0.00
2025,5,QX,Horizon Air,BIL,"Billings, MT: Billings Logan International",110.00,15.00,6.11,0.00,3.14,0.00,5.75,0.00,0.00,636.00,254.00,0.00,94.00,0.00,288.00
2025,5,QX,Horizon Air,BOI,"Boise, ID: Boise Air Terminal",475.00,58.00,17.67,0.00,19.38,0.00,20.94,0.00,0.00,1952.00,615.00,0.00,452.00,0.00,885.00
2025,5,QX,Horizon Air,BRW,"Barrow, AK: Wiley Post/Will Rogers Memorial",4.00,0.00,0.00,0.00,0.00,0.00,0.00,0.00,0.00,0.00,0.00,0.00,0.00,0.00,0.00
2025,5,QX,Horizon Air,BUR,"Burbank, CA: Bob Hope",62.00,8.00,1.99,0.00,0.85,0.00,5.16,0.00,0.00,456.00,133.00,0.00,63.00,0.00,260.00
2025,5,QX,Horizon Air,BZN,"Bozeman, MT: Bozeman Yellowstone International",96.00,7.00,1.97,0.00,1.71,0.00,3.32,0.00,0.00,224.00,76.00,0.00,50.00,0.00,98.00
2025,5,QX,Horizon Air,DLG,"Dillingham, AK: Dillingham Airport",31.00,2.00,0.93,1.00,0.07,0.00,0.00,0.00,0.00,104.00,25.00,77.00,2.00,0.00,0.00
2025,5,QX,Horizon Air,EAT,"Wenatchee, WA: Pangborn Memorial",62.00,8.00,3.24,0.00,0.20,0.00,4.56,0.00,0.00,242.00,129.00,0.00,9.00,0.00,104.00
2025,5,QX,Horizon Air,ELP,"El Paso, TX: El Paso International",31.00,5.00,1.95,0.00,1.57,0.00,1.48,1.00,0.00,135.00,59.00,0.00,31.00,0.00,45.00
2025,5,QX,Horizon Air,EUG,"Eugene, OR: Mahlon Sweet Field",108.00,19.00,6.14,0.00,7.43,0.00,5.43,0.00,0.00,732.00,288.00,0.00,186.00,0.00,258.00
2025,5,QX,Horizon Air,FAI,"Fairbanks, AK: Fairbanks International",195.00,14.00,3.78,1.00,5.69,0.00,3.53,1.00,0.00,477.00,134.00,32.00,131.00,0.00,180.00
2025,5,QX,Horizon Air,FCA,"Kalispell, MT: Glacier Park International",122.00,22.00,9.12,0.00,3.08,0.00,9.80,0.00,0.00,915.00,452.00,0.00,76.00,0.00,387.00
2025,5,QX,Horizon Air,GEG,"Spokane, WA: Spokane International",313.00,45.00,10.08,0.00,10.64,0.00,24.28,2.00,0.00,2038.00,708.00,0.00,291.00,0.00,1039.00
2025,5,QX,Horizon Air,GTF,"Great Falls, MT: Great Falls International",14.00,3.00,1.07,0.00,0.00,0.00,1.93,0.00,0.00,93.00,16.00,0.00,0.00,0.00,77.00
2025,5,QX,Horizon Air,HLN,"Helena, MT: Helena Regional",17.00,2.00,0.22,0.00,0.04,0.00,1.74,0.00,0.00,143.00,27.00,0.00,5.00,0.00,111.00
2025,5,QX,Horizon Air,ICT,"Wichita, KS: Wichita Dwight D Eisenhower National",31.00,1.00,0.53,0.00,0.47,0.00,0.00,0.00,0.00,17.00,9.00,0.00,8.00,0.00,0.00
2025,5,QX,Horizon Air,IDA,"Idaho Falls, ID: Idaho Falls Regional",62.00,15.00,3.31,0.00,4.77,0.00,6.91,0.00,0.00,463.00,153.00,0.00,113.00,0.00,197.00
2025,5,QX,Horizon Air,LAS,"Las Vegas, NV: Harry Reid International",220.00,35.00,7.61,0.00,16.71,0.00,10.67,2.00,0.00,2244.00,414.00,0.00,1163.00,0.00,667.00
2025,5,QX,Horizon Air,LAX,"Los Angeles, CA: Los Angeles International",493.00,61.00,11.34,0.03,19.22,0.00,30.41,6.00,0.00,3071.00,651.00,2.00,494.00,0.00,1924.00
2025,5,QX,Horizon Air,MCI,"Kansas City, MO: Kansas City International",31.00,2.00,1.00,0.00,1.00,0.00,0.00,0.00,0.00,36.00,20.00,0.00,16.00,0.00,0.00
2025,5,QX,Horizon Air,MFR,"Medford, OR: Rogue Valley International - Medford",281.00,41.00,11.91,0.00,17.05,0.00,12.04,2.00,0.00,1408.00,432.00,0.00,458.00,0.00,518.00
2025,5,QX,Horizon Air,MRY,"Monterey, CA: Monterey Regional",31.00,5.00,1.92,0.00,1.35,0.00,1.73,0.00,0.00,172.00,64.00,0.00,43.00,0.00,65.00
2025,5,QX,Horizon Air,MSO,"Missoula, MT: Missoula Montana",125.00,15.00,5.79,0.00,4.82,0.00,4.39,0.00,1.00,697.00,317.00,0.00,144.00,0.00,236.00
2025,5,QX,Horizon Air,MSP,"Minneapolis, MN: Minneapolis-St Paul International",29.00,4.00,0.42,0.00,3.58,0.00,0.00,0.00,0.00,71.00,10.00,0.00,61.00,0.00,0.00
2025,5,QX,Horizon Air,OAK,"Oakland, CA: Metro Oakland International",141.00,22.00,8.32,0.97,4.63,0.00,8.08,0.00,0.00,823.00,388.00,36.00,146.00,0.00,253.00
2025,5,QX,Horizon Air,OME,"Nome, AK: Nome Airport",31.00,1.00,0.86,0.00,0.14,0.00,0.00,0.00,0.00,21.00,18.00,0.00,3.00,0.00,0.00
2025,5,QX,Horizon Air,ONT,"Ontario, CA: Ontario International",91.00,14.00,5.63,0.00,4.53,0.00,3.84,0.00,0.00,645.00,333.00,0.00,102.00,0.00,210.00
2025,5,QX,Horizon Air,OTZ,"Kotzebue, AK: Ralph Wien Memorial",31.00,4.00,1.77,0.00,1.23,0.00,1.00,1.00,0.00,203.00,39.00,0.00,35.00,0.00,129.00
2025,5,QX,Horizon Air,PAE,"Everett, WA: Snohomish County",213.00,31.00,7.44,0.00,7.35,0.00,16.21,2.00,0.00,1630.00,509.00,0.00,224.00,0.00,897.00
2025,5,QX,Horizon Air,PDX,"Portland, OR: Portland International",1302.00,144.00,38.27,1.00,39.16,0.00,65.57,2.00,0.00,8470.00,3221.00,38.00,1035.00,0.00,4176.00
2025,5,QX,Horizon Air,PHX,"Phoenix, AZ: Phoenix Sky Harbor International",34.00,1.00,1.00,0.00,0.00,0.00,0.00,0.00,0.00,26.00,26.00,0.00,0.00,0.00,0.00
2025,5,QX,Horizon Air,PSC,"Pasco/Kennewick/Richland, WA: Tri Cities",34.00,12.00,4.03,0.00,2.42,0.00,5.54,0.00,0.00,437.00,165.00,0.00,91.00,0.00,181.00
2025,5,QX,Horizon Air,PUW,"Pullman, WA: Pullman Moscow Regional",98.00,25.00,6.39,0.00,7.14,0.00,11.47,0.00,0.00,967.00,314.00,0.00,167.00,0.00,486.00
2025,5,QX,Horizon Air,RDD,"Redding, CA: Redding Regional",14.00,1.00,0.00,0.00,0.00,0.00,1.00,0.00,0.00,103.00,0.00,0.00,0.00,0.00,103.00
2025,5,QX,Horizon Air,RDM,"Bend/Redmond, OR: Roberts Field",209.00,34.00,13.47,0.00,11.04,0.00,9.49,0.00,0.00,1725.00,627.00,0.00,293.00,0.00,805.00
2025,5,QX,Horizon Air,RNO,"Reno, NV: Reno/Tahoe International",160.00,32.00,9.72,0.00,12.09,0.00,10.20,1.00,0.00,1516.00,646.00,0.00,282.00,0.00,588.00
2025,5,QX,Horizon Air,SAN,"San Diego, CA: San Diego International",76.00,14.00,3.26,0.00,5.55,0.00,5.19,0.00,0.00,1057.00,459.00,0.00,168.00,0.00,430.00
2025,5,QX,Horizon Air,SBA,"Santa Barbara, CA: Santa Barbara Municipal",14.00,1.00,0.00,0.00,1.00,0.00,0.00,0.00,0.00,29.00,0.00,0.00,29.00,0.00,0.00
2025,5,QX,Horizon Air,SEA,"Seattle, WA: Seattle/Tacoma International",1815.00,362.00,61.54,3.24,170.31,0.00,126.91,6.00,0.00,16780.00,5295.00,265.00,5454.00,0.00,5766.00
2025,5,QX,Horizon Air,SFO,"San Francisco, CA: San Francisco International",269.00,53.00,10.54,0.00,25.45,0.00,17.02,0.00,1.00,2929.00,961.00,0.00,1007.00,0.00,961.00
2025,5,QX,Horizon Air,SJC,"San Jose, CA: Norman Y. Mineta San Jose International",165.00,14.00,4.96,0.00,3.93,0.00,5.11,1.00,0.00,672.00,131.00,0.00,108.00,0.00,433.00
2025,5,QX,Horizon Air,SLC,"Salt Lake City, UT: Salt Lake City International",4.00,0.00,0.00,0.00,0.00,0.00,0.00,0.00,0.00,0.00,0.00,0.00,0.00,0.00,0.00
2025,5,QX,Horizon Air,SMF,"Sacramento, CA: Sacramento International",130.00,14.00,6.15,0.00,3.21,0.00,4.63,0.00,0.00,465.00,176.00,0.00,96.00,0.00,193.00
2025,5,QX,Horizon Air,SNA,"Santa Ana, CA: John Wayne Airport-Orange County",62.00,2.00,2.00,0.00,0.00,0.00,0.00,0.00,0.00,102.00,102.00,0.00,0.00,0.00,0.00
2025,5,QX,Horizon Air,SUN,"Sun Valley/Hailey/Ketchum, ID: Friedman Memorial",4.00,0.00,0.00,0.00,0.00,0.00,0.00,0.00,0.00,0.00,0.00,0.00,0.00,0.00,0.00
2025,5,QX,Horizon Air,YKM,"Yakima, WA: Yakima Air Terminal/McAllister Field",62.00,9.00,1.00,0.00,0.00,0.00,8.00,0.00,0.00,272.00,37.00,0.00,0.00,0.00,235.00
2025,5,UA,United Air Lines Network,ABQ,"Albuquerque, NM: Albuquerque International Sunport",134.00,33.00,7.34,0.50,8.89,0.00,16.28,1.00,0.00,2489.00,565.00,38.00,305.00,0.00,1581.00
2025,5,UA,United Air Lines Network,ALB,"Albany, NY: Albany International",56.00,14.00,4.90,0.00,4.98,0.00,4.12,0.00,0.00,862.00,416.00,0.00,129.00,0.00,317.00
2025,5,UA,United Air Lines Network,ANC,"Anchorage, AK: Ted Stevens Anchorage International",143.00,14.00,2.79,0.44,1.73,0.00,9.03,0.00,2.00,804.00,84.00,8.00,56.00,0.00,656.00
2025,5,UA,United Air Lines Network,ATL,"Atlanta, GA: Hartsfield-Jackson Atlanta International",596.00,160.00,42.05,4.09,66.30,0.00,47.56,5.00,2.00,10724.00,2774.00,445.00,3264.00,0.00,4241.00
2025,5,UA,United Air Lines Network,AUS,"Austin, TX: Austin - Bergstrom International",912.00,242.00,62.54,10.83,100.35,0.00,68.27,14.00,2.00,17217.00,4070.00,813.00,5467.00,0.00,6867.00
2025,5,UA,United Air Lines Network,AVL,"Asheville, NC: Asheville Regional",2.00,0.00,0.00,0.00,0.00,0.00,0.00,0.00,0.00,0.00,0.00,0.00,0.00,0.00,0.00
2025,5,UA,United Air Lines Network,BDL,"Hartford, CT: Bradley International",236.00,68.00,26.63,2.93,22.83,0.00,15.60,1.00,0.00,3887.00,1487.00,354.00,875.00,0.00,1171.00
2025,5,UA,United Air Lines Network,BIL,"Billings, MT: Billings Logan International",62.00,22.00,5.39,0.61,0.57,0.00,15.43,0.00,0.00,1885.00,553.00,14.00,50.00,0.00,1268.00
2025,5,UA,United Air Lines Network,BNA,"Nashville, TN: Nashville International",619.00,154.00,40.40,6.82,60.83,0.00,45.94,6.00,3.00,9893.00,2409.00,776.00,2877.00,0.00,3831.00
2025,5,UA,United Air Lines Network,BOI,"Boise, ID: Boise Air Terminal",144.00,41.00,14.69,4.86,5.09,0.00,16.36,0.00,0.00,2460.00,775.00,255.00,220.00,0.00,1210.00
2025,5,UA,United Air Lines Network,BOS,"Boston, MA: Logan International",1119.00,359.00,55.50,17.80,214.99,0.00,70.71,10.00,2.00,24653.00,3803.00,1569.00,12361.00,0.00,6920.00
2025,5,UA,United Air Lines Network,BQN,"Aguadilla, PR: Rafael Hernandez",31.00,7.00,2.30,0.00,2.46,0.00,2.24,0.00,0.00,281.00,76.00,0.00,106.00,0.00,99.00
2025,5,UA,United Air Lines Network,BTV,"Burlington, VT: Burlington International",71.00,22.00,3.58,0.14,6.43,0.00,11.86,0.00,0.00,1595.00,397.00,27.00,362.00,0.00,809.00
2025,5,UA,United Air Lines Network,BUF,"Buffalo, NY: Buffalo Niagara International",93.00,35.00,8.03,0.99,6.95,0.00,19.02,1.00,0.00,2670.00,779.00,80.00,192.00,0.00,1619.00
2025,5,UA,United Air Lines Network,BUR,"Burbank, CA: Bob Hope",224.00,52.00,17.11,2.88,10.65,0.00,21.36,2.00,0.00,2982.00,790.00,159.00,389.00,0.00,1644.00
2025,5,UA,United Air Lines Network,BWI,"Baltimore, MD: Baltimore/Washington International Thurgood Marshall",357.00,72.00,11.86,4.60,32.30,0.00,23.24,1.00,1.00,3687.00,700.00,491.00,1207.00,0.00,1289.00
2025,5,UA,United Air Lines Network,BZN,"Bozeman, MT: Bozeman Yellowstone International",192.00,32.00,11.81,2.63,2.84,0.00,14.73,2.00,0.00,2302.00,519.00,301.00,78.00,0.00,1404.00
2025,5,UA,United Air Lines Network,CHS,"Charleston, SC: Charleston AFB/International",223.00,60.00,21.49,0.15,18.75,0.00,19.60,4.00,1.00,3136.00,1061.00,23.00,644.00,0.00,1408.00
2025,5,UA,United Air Lines Network,CID,"Cedar Rapids/Iowa City, IA: The Eastern Iowa",93.00,32.00,8.47,0.70,7.43,0.00,15.40,0.00,0.00,2231.00,448.00,28.00,278.00,0.00,1477.00
2025,5,UA,United Air Lines Network,CLE,"Cleveland, OH: Cleveland-Hopkins International",822.00,133.00,42.41,6.42,36.49,0.00,47.68,5.00,0.00,10206.00,3096.00,492.00,1463.00,0.00,5155.00
2025,5,UA,United Air Lines Network,CLT,"Charlotte, NC: Charlotte Douglas International",324.00,79.00,24.30,4.71,30.05,0.00,19.94,5.00,0.00,5838.00,1448.00,684.00,1583.00,0.00,2123.00
2025,5,UA,United Air Lines Network,CMH,"Columbus, OH: John Glenn Columbus International",281.00,62.00,20.55,3.68,19.17,0.00,18.59,1.00,1.00,4133.00,1504.00,128.00,953.00,0.00,1548.00
2025,5,UA,United Air Lines Network,COS,"Colorado Springs, CO: City of Colorado Springs Municipal",72.00,24.00,7.23,0.00,3.29,0.00,13.48,0.00,0.00,1465.00,367.00,0.00,265.00,0.00,833.00
2025,5,UA,United Air Lines Network,CVG,"Cincinnati, OH: Cincinnati/Northern Kentucky International",212.00,48.00,12.73,2.22,12.61,0.00,20.43,1.00,0.00,2842.00,684.00,154.00,439.00,0.00,1565.00
2025,5,UA,United Air Lines Network,DCA,"Washington, DC: Ronald Reagan Washington National",637.00,168.00,31.67,11.92,91.55,0.00,32.86,2.00,4.00,10128.00,1416.00,1416.00,4605.00,0.00,2691.00
2025,5,UA,United Air Lines Network,DEN,"Denver, CO: Denver International",8934.00,2406.00,424.68,86.95,1517.90,1.00,375.47,46.00,56.00,191523.00,36108.00,8310.00,104429.00,42.00,42634.00
2025,5,UA,United Air Lines Network,DFW,"Dallas/Fort Worth, TX: Dallas/Fort Worth International",807.00,252.00,62.56,13.18,104.43,0.00,71.84,9.00,3.00,21003.00,4107.00,1420.00,7457.00,0.00,8019.00
2025,5,UA,United Air Lines Network,DRO,"Durango, CO: Durango La Plata County",62.00,20.00,3.26,0.00,2.36,0.00,14.38,0.00,0.00,1525.00,181.00,0.00,69.00,0.00,1275.00
2025,5,UA,United Air Lines Network,DSM,"Des Moines, IA: Des Moines International",197.00,57.00,17.41,4.32,8.53,0.00,26.74,2.00,2.00,3316.00,879.00,374.00,358.00,0.00,1705.00
2025,5,UA,United Air Lines Network,DTW,"Detroit, MI: Detroit Metro Wayne County",194.00,36.00,10.24,2.41,6.63,0.00,16.72,3.00,0.00,2279.00,604.00,134.00,183.00,0.00,1358.00
2025,5,UA,United Air Lines Network,ECP,"Panama City, FL: Northwest Florida Beaches International",36.00,11.00,1.53,0.00,8.00,0.00,1.47,0.00,0.00,478.00,107.00,0.00,233.00,0.00,138.00
2025,5,UA,United Air Lines Network,EGE,"Eagle, CO: Eagle County Regional",41.00,11.00,3.77,0.91,3.51,0.00,2.82,0.00,0.00,634.00,285.00,105.00,82.00,0.00,162.00
2025,5,UA,United Air Lines Network,ELP,"El Paso, TX: El Paso International",52.00,14.00,4.02,0.00,0.50,0.00,9.48,0.00,0.00,742.00,197.00,0.00,30.00,0.00,515.00
2025,5,UA,United Air Lines Network,EUG,"Eugene, OR: Mahlon Sweet Field",124.00,31.00,8.84,0.00,2.97,0.00,19.19,1.00,0.00,2557.00,433.00,0.00,350.00,0.00,1774.00
2025,5,UA,United Air Lines Network,EWR,"Newark, NJ: Newark Liberty International",4984.00,2181.00,226.04,62.01,1607.80,0.00,285.14,151.00,23.00,260257.00,28011.00,10683.00,182823.00,0.00,38740.00
2025,5,UA,United Air Lines Network,EYW,"Key West, FL: Key West International",31.00,10.00,1.49,0.00,5.92,0.00,2.59,1.00,0.00,706.00,53.00,0.00,395.00,0.00,258.00
2025,5,UA,United Air Lines Network,FAI,"Fairbanks, AK: Fairbanks International",32.00,7.00,1.68,0.79,2.04,0.00,2.49,0.00,0.00,541.00,77.00,70.00,60.00,0.00,334.00
2025,5,UA,United Air Lines Network,FAR,"Fargo, ND: Hector International",31.00,10.00,2.15,1.94,1.55,0.00,4.36,0.00,0.00,3021.00,828.00,481.00,151.00,0.00,1561.00
2025,5,UA,United Air Lines Network,FAT,"Fresno, CA: Fresno Yosemite International",62.00,28.00,9.56,2.12,1.99,0.00,14.33,1.00,0.00,2689.00,549.00,454.00,91.00,0.00,1595.00
2025,5,UA,United Air Lines Network,FCA,"Kalispell, MT: Glacier Park International",72.00,18.00,6.11,1.00,0.11,0.00,10.78,0.00,0.00,1207.00,385.00,22.00,14.00,0.00,786.00
2025,5,UA,United Air Lines Network,FLL,"Fort Lauderdale, FL: Fort Lauderdale-Hollywood International",622.00,162.00,33.84,6.19,69.97,0.00,52.00,9.00,0.00,9884.00,1859.00,562.00,3172.00,0.00,4291.00
2025,5,UA,United Air Lines Network,FSD,"Sioux Falls, SD: Joe Foss Field",62.00,23.00,9.64,1.66,3.22,0.00,8.48,0.00,0.00,1470.00,610.00,62.00,114.00,0.00,684.00
2025,5,UA,United Air Lines Network,GEG,"Spokane, WA: Spokane International",72.00,20.00,7.03,3.77,1.36,0.00,7.84,1.00,0.00,1589.00,360.00,234.00,75.00,0.00,920.00
2025,5,UA,United Air Lines Network,GJT,"Grand Junction, CO: Grand Junction Regional",62.00,18.00,6.56,0.00,1.35,0.00,10.10,0.00,0.00,1471.00,510.00,0.00,72.00,0.00,889.00
2025,5,UA,United Air Lines Network,GRR,"Grand Rapids, MI: Gerald R. Ford International",113.00,38.00,11.65,2.33,9.54,0.00,14.48,0.00,1.00,3117.00,829.00,259.00,537.00,0.00,1492.00
2025,5,UA,United Air Lines Network,GSP,"Greer, SC: Greenville-Spartanburg International",31.00,10.00,2.37,0.41,3.55,0.00,3.67,0.00,0.00,522.00,72.00,14.00,156.00,0.00,280.00
2025,5,UA,United Air Lines Network,GTF,"Great Falls, MT: Great Falls International",20.00,7.00,1.18,0.00,0.74,0.00,5.08,0.00,0.00,764.00,108.00,0.00,27.00,0.00,629.00
2025,5,UA,United Air Lines Network,GUM,"Guam, TT: Guam International",62.00,2.00,1.79,0.00,0.09,0.00,0.13,0.00,0.00,67.00,57.00,0.00,4.00,0.00,6.00
2025,5,UA,United Air Lines Network,HDN,"Hayden, CO: Yampa Valley",31.00,7.00,1.77,0.00,0.29,0.00,4.94,0.00,0.00,224.00,57.00,0.00,8.00,0.00,159.00
2025,5,UA,United Air Lines Network,HNL,"Honolulu, HI: Daniel K Inouye International",421.00,56.00,25.42,3.04,18.80,0.00,8.74,2.00,1.00,3589.00,1612.00,188.00,644.00,0.00,1145.00
2025,5,UA,United Air Lines Network,IAD,"Washington, DC: Washington Dulles International",3310.00,694.00,201.37,27.56,282.40,0.00,182.66,22.00,6.00,46466.00,14358.00,1908.00,11695.00,0.00,18505.00
2025,5,UA,United Air Lines Network,IAH,"Houston, TX: George Bush Intercontinental/Houston",6301.00,1292.00,315.37,56.44,597.33,0.00,322.86,73.00,14.00,98164.00,24877.00,6617.00,34420.00,0.00,32250.00
2025,5,UA,United Air Lines Network,ICT,"Wichita, KS: Wichita Dwight D Eisenhower National",63.00,22.00,8.35,1.28,2.35,0.00,10.02,1.00,0.00,1961.00,565.00,59.00,203.00,0.00,1134.00
2025,5,UA,United Air Lines Network,IND,"Indianapolis, IN: Indianapolis International",233.00,43.00,15.64,3.76,9.28,0.00,14.33,2.00,0.00,2740.00,602.00,510.00,527.00,0.00,1101.00
2025,5,UA,United Air Lines Network,JAC,"Jackson, WY: Jackson Hole",147.00,31.00,10.06,2.86,4.09,0.00,13.99,1.00,0.00,2038.00,537.00,196.00,91.00,0.00,1214.00
2025,5,UA,United Air Lines Network,JAX,"Jacksonville, FL: Jacksonville International",335.00,96.00,22.05,3.70,38.70,0.00,31.55,10.00,4.00,7025.00,1691.00,469.00,1908.00,0.00,2957.00
2025,5,UA,United Air Lines Network,KOA,"Kona, HI: Ellison Onizuka Kona International at Keahole",139.00,12.00,5.35,0.00,2.47,0.00,4.18,0.00,0.00,1038.00,288.00,0.00,54.00,0.00,696.00
2025,5,UA,United Air Lines Network,LAS,"Las Vegas, NV: Harry Reid International",1275.00,270.00,82.34,11.61,93.84,0.00,82.20,6.00,3.00,16281.00,4396.00,924.00,4000.00,0.00,6961.00
2025,5,UA,United Air Lines Network,LAX,"Los Angeles, CA: Los Angeles International",2480.00,390.00,127.81,22.67,119.35,0.00,120.17,15.00,1.00,25899.00,8790.00,1946.00,4371.00,0.00,10792.00
2025,5,UA,United Air Lines Network,LGA,"New York, NY: LaGuardia",816.00,250.00,42.82,20.65,143.62,0.00,42.91,4.00,5.00,20563.00,3725.00,2572.00,10348.00,0.00,3918.00
2025,5,UA,United Air Lines Network,LIH,"Lihue, HI: Lihue Airport",101.00,6.00,1.88,0.00,1.00,0.00,3.12,0.00,0.00,422.00,105.00,0.00,16.00,0.00,301.00
2025,5,UA,United Air Lines Network,MAF,"Midland/Odessa, TX: Midland International Air and Space Port",29.00,10.00,4.88,1.06,0.62,0.00,3.44,0.00,0.00,770.00,455.00,88.00,47.00,0.00,180.00
2025,5,UA,United Air Lines Network,MCI,"Kansas City, MO: Kansas City International",319.00,87.00,20.28,3.39,22.26,0.00,41.07,3.00,0.00,6487.00,1641.00,269.00,1220.00,0.00,3357.00
2025,5,UA,United Air Lines Network,MCO,"Orlando, FL: Orlando International",1213.00,289.00,75.82,10.06,129.72,0.00,73.40,13.00,11.00,20239.00,5283.00,911.00,6746.00,0.00,7299.00
2025,5,UA,United Air Lines Network,MDT,"Harrisburg, PA: Harrisburg International",31.00,6.00,0.40,0.00,2.00,0.00,3.60,0.00,0.00,727.00,33.00,0.00,123.00,0.00,571.00
2025,5,UA,United Air Lines Network,MEM,"Memphis, TN: Memphis International",124.00,45.00,15.08,2.15,7.76,0.00,20.00,0.00,0.00,3910.00,1479.00,214.00,267.00,0.00,1950.00
2025,5,UA,United Air Lines Network,MFE,"Mission/McAllen/Edinburg, TX: McAllen International",31.00,8.00,2.82,1.00,1.56,0.00,2.62,1.00,0.00,297.00,92.00,22.00,45.00,0.00,138.00
2025,5,UA,United Air Lines Network,MFR,"Medford, OR: Rogue Valley International - Medford",118.00,20.00,8.72,0.48,3.90,0.00,6.89,1.00,0.00,761.00,308.00,72.00,123.00,0.00,258.00
2025,5,UA,United Air Lines Network,MIA,"Miami, FL: Miami International",531.00,132.00,36.64,7.20,56.00,0.00,32.16,5.00,1.00,8930.00,1977.00,520.00,2981.00,0.00,3452.00
2025,5,UA,United Air Lines Network,MKE,"Milwaukee, WI: General Mitchell International",62.00,20.00,5.23,1.00,8.87,0.00,4.90,0.00,2.00,1117.00,301.00,33.00,283.00,0.00,500.00
2025,5,UA,United Air Lines Network,MSN,"Madison, WI: Dane County Regional-Truax Field",96.00,27.00,5.23,4.01,6.54,0.00,11.21,0.00,0.00,1456.00,228.00,139.00,240.00,0.00,849.00
2025,5,UA,United Air Lines Network,MSO,"Missoula, MT: Missoula Montana",77.00,18.00,6.98,1.00,1.25,0.00,8.77,0.00,0.00,1606.00,729.00,45.00,36.00,0.00,796.00
2025,5,UA,United Air Lines Network,MSP,"Minneapolis, MN: Minneapolis-St Paul International",418.00,138.00,35.58,8.62,45.82,0.00,47.98,2.00,0.00,10198.00,2478.00,1073.00,2323.00,0.00,4324.00
2025,5,UA,United Air Lines Network,MSY,"New Orleans, LA: Louis Armstrong New Orleans International",586.00,139.00,37.81,9.83,33.81,0.00,57.56,7.00,1.00,9149.00,2294.00,850.00,1722.00,0.00,4283.00
2025,5,UA,United Air Lines Network,MTJ,"Montrose/Delta, CO: Montrose Regional",62.00,15.00,4.81,0.26,0.48,0.00,9.46,1.00,0.00,1240.00,325.00,83.00,63.00,0.00,769.00
2025,5,UA,United Air Lines Network,MYR,"Myrtle Beach, SC: Myrtle Beach International",22.00,5.00,0.98,0.00,4.02,0.00,0.00,0.00,0.00,226.00,96.00,0.00,130.00,0.00,0.00
2025,5,UA,United Air Lines Network,OGG,"Kahului, HI: Kahului Airport",153.00,20.00,10.36,0.00,3.42,0.00,6.22,0.00,1.00,1143.00,430.00,0.00,98.00,0.00,615.00
2025,5,UA,United Air Lines Network,OMA,"Omaha, NE: Eppley Airfield",301.00,80.00,28.50,4.97,14.30,0.00,32.23,2.00,0.00,5270.00,1902.00,242.00,704.00,0.00,2422.00
2025,5,UA,United Air Lines Network,ONT,"Ontario, CA: Ontario International",204.00,47.00,12.37,2.51,4.98,0.00,27.14,0.00,0.00,3588.00,546.00,159.00,241.00,0.00,2642.00
2025,5,UA,United Air Lines Network,ORD,"Chicago, IL: Chicago O'Hare International",8265.00,1691.00,398.36,65.96,801.31,0.00,425.37,40.00,12.00,114432.00,32343.00,6985.00,34710.00,0.00,40394.00
2025,5,UA,United Air Lines Network,ORF,"Norfolk, VA: Norfolk International",164.00,51.00,13.90,2.86,11.51,0.00,22.73,5.00,0.00,4270.00,639.00,1082.00,447.00,0.00,2102.00
2025,5,UA,United Air Lines Network,PBI,"West Palm Beach/Palm Beach, FL: Palm Beach International",234.00,60.00,10.25,0.96,27.62,0.00,21.17,8.00,1.00,4146.00,696.00,45.00,1108.00,0.00,2297.00
2025,5,UA,United Air Lines Network,PDX,"Portland, OR: Portland International",566.00,97.00,33.56,6.31,21.14,0.00,36.00,2.00,0.00,6567.00,2405.00,679.00,709.00,0.00,2774.00
2025,5,UA,United Air Lines Network,PHL,"Philadelphia, PA: Philadelphia International",356.00,89.00,28.81,6.71,33.75,0.00,19.73,1.00,0.00,5571.00,1420.00,440.00,1919.00,0.00,1792.00
2025,5,UA,United Air Lines Network,PHX,"Phoenix, AZ: Phoenix Sky Harbor International",900.00,179.00,54.67,12.93,51.52,0.00,59.87,7.00,0.00,12579.00,3472.00,1482.00,2210.00,0.00,5415.00
2025,5,UA,United Air Lines Network,PIT,"Pittsburgh, PA: Pittsburgh International",333.00,81.00,23.50,3.44,31.08,0.00,22.97,0.00,0.00,4450.00,1076.00,350.00,1176.00,0.00,1848.00
2025,5,UA,United Air Lines Network,PNS,"Pensacola, FL: Pensacola International",96.00,24.00,14.32,1.75,1.71,0.00,6.22,2.00,0.00,1281.00,830.00,99.00,78.00,0.00,274.00
2025,5,UA,United Air Lines Network,PSC,"Pasco/Kennewick/Richland, WA: Tri Cities",31.00,12.00,3.33,1.00,0.16,0.00,7.51,0.00,1.00,1392.00,327.00,36.00,11.00,0.00,1018.00
2025,5,UA,United Air Lines Network,PSP,"Palm Springs, CA: Palm Springs International",114.00,22.00,7.58,1.00,1.37,0.00,12.05,0.00,0.00,1340.00,288.00,30.00,81.00,0.00,941.00
2025,5,UA,United Air Lines Network,PWM,"Portland, ME: Portland International Jetport",80.00,17.00,4.09,0.00,3.20,0.00,9.72,0.00,0.00,831.00,161.00,0.00,54.00,0.00,616.00
2025,5,UA,United Air Lines Network,RAP,"Rapid City, SD: Rapid City Regional",95.00,19.00,7.51,0.66,0.45,0.00,10.37,2.00,1.00,2621.00,1152.00,38.00,38.00,0.00,1393.00
2025,5,UA,United Air Lines Network,RDM,"Bend/Redmond, OR: Roberts Field",93.00,21.00,6.36,2.00,2.36,0.00,10.28,0.00,1.00,1337.00,509.00,33.00,94.00,0.00,701.00
2025,5,UA,United Air Lines Network,RDU,"Raleigh/Durham, NC: Raleigh-Durham International",526.00,140.00,44.79,5.53,39.08,0.00,50.60,7.00,2.00,9261.00,2262.00,679.00,1693.00,0.00,4627.00
2025,5,UA,United Air Lines Network,RIC,"Richmond, VA: Richmond International",62.00,26.00,6.64,0.00,9.89,0.00,9.47,0.00,0.00,1339.00,288.00,0.00,337.00,0.00,714.00
2025,5,UA,United Air Lines Network,RNO,"Reno, NV: Reno/Tahoe International",213.00,51.00,15.55,5.10,2.94,0.00,27.41,1.00,1.00,3393.00,924.00,215.00,92.00,0.00,2162.00
2025,5,UA,United Air Lines Network,ROC,"Rochester, NY: Frederick Douglass Grtr Rochester International",61.00,22.00,5.48,0.31,6.10,0.00,10.12,0.00,0.00,1096.00,370.00,15.00,189.00,0.00,522.00
2025,5,UA,United Air Lines Network,RSW,"Fort Myers, FL: Southwest Florida International",408.00,88.00,18.38,3.72,35.22,0.00,30.69,2.00,0.00,6103.00,1427.00,319.00,1443.00,0.00,2914.00
2025,5,UA,United Air Lines Network,SAN,"San Diego, CA: San Diego International",904.00,168.00,46.84,9.84,55.91,0.00,55.41,6.00,0.00,10717.00,3495.00,876.00,2041.00,0.00,4305.00
2025,5,UA,United Air Lines Network,SAT,"San Antonio, TX: San Antonio International",442.00,96.00,31.93,6.58,30.50,0.00,26.99,4.00,3.00,6681.00,2364.00,474.00,1294.00,0.00,2549.00
2025,5,UA,United Air Lines Network,SAV,"Savannah, GA: Savannah/Hilton Head International",121.00,25.00,6.28,0.00,4.50,0.00,14.22,0.00,0.00,1971.00,343.00,0.00,176.00,0.00,1452.00
2025,5,UA,United Air Lines Network,SBA,"Santa Barbara, CA: Santa Barbara Municipal",121.00,22.00,6.17,1.36,3.77,0.00,10.70,1.00,1.00,1403.00,441.00,42.00,87.00,0.00,833.00
2025,5,UA,United Air Lines Network,SBP,"San Luis Obispo, CA: San Luis County Regional",31.00,11.00,4.94,0.00,0.54,0.00,5.52,1.00,0.00,818.00,286.00,0.00,15.00,0.00,517.00
2025,5,UA,United Air Lines Network,SDF,"Louisville, KY: Louisville Muhammad Ali International",87.00,25.00,4.75,0.91,10.08,0.00,9.26,0.00,1.00,2266.00,593.00,32.00,390.00,0.00,1251.00
2025,5,UA,United Air Lines Network,SEA,"Seattle, WA: Seattle/Tacoma International",780.00,145.00,42.83,9.38,40.21,0.00,52.58,1.00,0.00,9328.00,2763.00,833.00,1539.00,0.00,4193.00
2025,5,UA,United Air Lines Network,SFO,"San Francisco, CA: San Francisco International",4996.00,897.00,294.39,39.72,326.50,0.00,236.38,38.00,3.00,59457.00,23267.00,3354.00,12175.00,0.00,20661.00
2025,5,UA,United Air Lines Network,SJC,"San Jose, CA: Norman Y. Mineta San Jose International",149.00,38.00,13.59,4.12,4.95,0.00,15.34,0.00,0.00,2666.00,1084.00,294.00,230.00,0.00,1058.00
2025,5,UA,United Air Lines Network,SJU,"San Juan, PR: Luis Munoz Marin International",292.00,62.00,22.00,1.00,27.52,0.00,11.48,1.00,0.00,3656.00,1280.00,58.00,1235.00,0.00,1083.00
2025,5,UA,United Air Lines Network,SLC,"Salt Lake City, UT: Salt Lake City International",343.00,73.00,22.11,6.53,14.62,0.00,29.74,1.00,1.00,4954.00,957.00,383.00,623.00,0.00,2991.00
2025,5,UA,United Air Lines Network,SMF,"Sacramento, CA: Sacramento International",370.00,73.00,24.16,5.52,12.28,0.00,31.03,0.00,0.00,5028.00,1642.00,377.00,555.00,0.00,2454.00
2025,5,UA,United Air Lines Network,SNA,"Santa Ana, CA: John Wayne Airport-Orange County",543.00,86.00,30.53,5.84,17.05,0.00,32.59,5.00,7.00,4666.00,1309.00,391.00,583.00,0.00,2383.00
2025,5,UA,United Air Lines Network,SPN,"Saipan, TT: Francisco C. Ada Saipan International",31.00,0.00,0.00,0.00,0.00,0.00,0.00,0.00,0.00,0.00,0.00,0.00,0.00,0.00,0.00
2025,5,UA,United Air Lines Network,SRQ,"Sarasota/Bradenton, FL: Sarasota/Bradenton International",128.00,23.00,5.34,0.88,10.76,0.00,6.02,2.00,0.00,1119.00,242.00,66.00,325.00,0.00,486.00
2025,5,UA,United Air Lines Network,STL,"St. Louis, MO: St Louis Lambert International",270.00,60.00,15.08,3.80,19.09,0.00,22.04,1.00,1.00,3785.00,886.00,503.00,662.00,0.00,1734.00
2025,5,UA,United Air Lines Network,STT,"Charlotte Amalie, VI: Cyril E King",73.00,14.00,5.15,1.00,5.76,0.00,2.09,0.00,0.00,646.00,276.00,17.00,300.00,0.00,53.00
2025,5,UA,United Air Lines Network,SYR,"Syracuse, NY: Syracuse Hancock International",69.00,28.00,6.22,1.29,8.23,0.00,12.26,0.00,0.00,2286.00,542.00,71.00,428.00,0.00,1245.00
2025,5,UA,United Air Lines Network,TPA,"Tampa, FL: Tampa International",756.00,170.00,47.51,8.45,63.55,0.00,50.50,5.00,1.00,11066.00,2830.00,678.00,2537.00,0.00,5021.00
2025,5,UA,United Air Lines Network,TUL,"Tulsa, OK: Tulsa International",82.00,30.00,5.13,2.29,4.46,0.00,18.12,2.00,0.00,1896.00,271.00,90.00,285.00,0.00,1250.00
2025,5,UA,United Air Lines Network,TUS,"Tucson, AZ: Tucson International",101.00,16.00,6.21,1.00,2.81,0.00,5.98,1.00,0.00,770.00,321.00,39.00,107.00,0.00,303.00
2025,5,UA,United Air Lines Network,TVC,"Traverse City, MI: Cherry Capital",41.00,13.00,4.99,1.00,0.58,0.00,6.43,0.00,1.00,1527.00,582.00,188.00,16.00,0.00,741.00
2025,5,UA,United Air Lines Network,TYS,"Knoxville, TN: McGhee Tyson",62.00,20.00,7.36,0.00,1.53,0.00,11.11,1.00,0.00,1238.00,324.00,0.00,58.00,0.00,856.00
2025,5,UA,United Air Lines Network,XNA,"Fayetteville, AR: Northwest Arkansas National",31.00,14.00,4.84,1.76,3.66,0.00,3.75,0.00,0.00,1163.00,361.00,177.00,164.00,0.00,461.00
2025,5,WN,Southwest Airlines,ABQ,"Albuquerque, NM: Albuquerque International Sunport",1081.00,261.00,69.90,5.13,40.19,0.00,145.78,10.00,3.00,13871.00,3472.00,347.00,1555.00,0.00,8497.00
2025,5,WN,Southwest Airlines,ALB,"Albany, NY: Albany International",351.00,96.00,39.66,4.32,13.52,0.89,37.60,2.00,1.00,6435.00,2834.00,387.00,594.00,16.00,2604.00
2025,5,WN,Southwest Airlines,AMA,"Amarillo, TX: Rick Husband Amarillo International",151.00,42.00,8.62,0.52,3.30,0.00,29.56,2.00,1.00,2929.00,396.00,49.00,240.00,0.00,2244.00
2025,5,WN,Southwest Airlines,ATL,"Atlanta, GA: Hartsfield-Jackson Atlanta International",1618.00,421.00,118.90,9.35,105.62,1.91,185.22,15.00,1.00,25769.00,7086.00,663.00,5951.00,38.00,12031.00
2025,5,WN,Southwest Airlines,AUS,"Austin, TX: Austin - Bergstrom International",3300.00,850.00,189.38,19.31,290.57,1.41,349.33,26.00,9.00,51863.00,10617.00,1976.00,15648.00,34.00,23588.00
2025,5,WN,Southwest Airlines,BDL,"Hartford, CT: Bradley International",380.00,96.00,32.41,3.14,14.05,0.00,46.40,1.00,0.00,5528.00,1544.00,161.00,605.00,0.00,3218.00
2025,5,WN,Southwest Airlines,BHM,"Birmingham, AL: Birmingham-Shuttlesworth International",436.00,100.00,24.24,4.62,17.18,0.00,53.97,4.00,1.00,5379.00,945.00,258.00,703.00,0.00,3473.00
2025,5,WN,Southwest Airlines,BNA,"Nashville, TN: Nashville International",5040.00,1052.00,262.49,39.05,246.61,2.32,501.54,42.00,23.00,61255.00,13854.00,3396.00,12281.00,121.00,31603.00
2025,5,WN,Southwest Airlines,BOI,"Boise, ID: Boise Air Terminal",462.00,101.00,30.29,1.50,10.21,0.00,59.00,0.00,0.00,5382.00,1484.00,53.00,345.00,0.00,3500.00
2025,5,WN,Southwest Airlines,BOS,"Boston, MA: Logan International",583.00,212.00,58.78,7.54,72.30,0.00,73.38,1.00,1.00,14013.00,3571.00,721.00,4374.00,0.00,5347.00
2025,5,WN,Southwest Airlines,BUF,"Buffalo, NY: Buffalo Niagara International",558.00,154.00,44.66,4.86,26.25,0.00,78.24,0.00,0.00,9623.00,2689.00,303.00,1287.00,0.00,5344.00
2025,5,WN,Southwest Airlines,BUR,"Burbank, CA: Bob Hope",1617.00,307.00,93.89,5.54,26.92,0.52,180.13,7.00,2.00,16254.00,5252.00,301.00,868.00,12.00,9821.00
2025,5,WN,Southwest Airlines,BWI,"Baltimore, MD: Baltimore/Washington International Thurgood Marshall",6186.00,1246.00,314.49,47.93,308.49,1.32,573.76,20.00,18.00,78509.00,18695.00,4275.00,18900.00,31.00,36608.00
2025,5,WN,Southwest Airlines,BZN,"Bozeman, MT: Bozeman Yellowstone International",119.00,31.00,8.81,0.40,3.11,0.00,18.69,0.00,0.00,1732.00,356.00,16.00,69.00,0.00,1291.00
2025,5,WN,Southwest Airlines,CHS,"Charleston, SC: Charleston AFB/International",367.00,101.00,29.71,4.93,26.31,0.00,40.05,0.00,0.00,6033.00,1586.00,424.00,1084.00,0.00,2939.00
2025,5,WN,Southwest Airlines,CLE,"Cleveland, OH: Cleveland-Hopkins International",426.00,109.00,32.30,1.65,16.21,0.00,58.84,0.00,0.00,6506.00,1615.00,162.00,603.00,0.00,4126.00
2025,5,WN,Southwest Airlines,CLT,"Charlotte, NC: Charlotte Douglas International",291.00,105.00,27.16,1.87,24.38,0.00,51.59,0.00,1.00,5828.00,1330.00,98.00,1367.00,0.00,3033.00
2025,5,WN,Southwest Airlines,CMH,"Columbus, OH: John Glenn Columbus International",1038.00,267.00,68.50,12.53,43.54,1.47,140.97,0.00,1.00,15465.00,3564.00,829.00,1899.00,90.00,9083.00
2025,5,WN,Southwest Airlines,COS,"Colorado Springs, CO: City of Colorado Springs Municipal",409.00,113.00,44.86,4.00,12.89,0.00,51.26,2.00,0.00,6820.00,2527.00,452.00,479.00,0.00,3362.00
2025,5,WN,Southwest Airlines,CRP,"Corpus Christi, TX: Corpus Christi International",80.00,20.00,7.06,0.00,1.42,0.00,11.52,0.00,0.00,1685.00,673.00,0.00,62.00,0.00,950.00
2025,5,WN,Southwest Airlines,CVG,"Cincinnati, OH: Cincinnati/Northern Kentucky International",184.00,61.00,18.09,0.62,5.13,0.00,37.16,0.00,1.00,3469.00,946.00,86.00,256.00,0.00,2181.00
2025,5,WN,Southwest Airlines,DAL,"Dallas, TX: Dallas Love Field",6011.00,1464.00,352.23,58.40,425.64,2.10,625.63,113.00,31.00,97729.00,18490.00,5337.00,29793.00,99.00,44010.00
2025,5,WN,Southwest Airlines,DCA,"Washington, DC: Ronald Reagan Washington National",1351.00,409.00,80.66,17.30,177.60,0.56,132.89,5.00,7.00,26813.00,5991.00,1344.00,9230.00,32.00,10216.00
2025,5,WN,Southwest Airlines,DEN,"Denver, CO: Denver International",7713.00,2397.00,401.85,93.68,1293.28,4.49,603.70,36.00,42.00,165679.00,23935.00,10482.00,93610.00,125.00,37527.00
2025,5,WN,Southwest Airlines,DSM,"Des Moines, IA: Des Moines International",149.00,48.00,17.62,1.05,5.53,0.17,23.63,1.00,0.00,3001.00,912.00,83.00,286.00,17.00,1703.00
2025,5,WN,Southwest Airlines,DTW,"Detroit, MI: Detroit Metro Wayne County",347.00,92.00,27.76,3.24,12.58,1.00,47.42,0.00,1.00,5366.00,1438.00,268.00,524.00,17.00,3119.00
2025,5,WN,Southwest Airlines,ECP,"Panama City, FL: Northwest Florida Beaches International",365.00,86.00,27.33,1.84,12.86,0.00,43.97,0.00,0.00,4640.00,1622.00,122.00,389.00,0.00,2507.00
2025,5,WN,Southwest Airlines,ELP,"El Paso, TX: El Paso International",778.00,175.00,47.03,3.97,20.74,0.00,103.26,3.00,0.00,10333.00,2468.00,138.00,828.00,0.00,6899.00
2025,5,WN,Southwest Airlines,EUG,"Eugene, OR: Mahlon Sweet Field",111.00,26.00,11.62,0.00,0.70,0.00,13.68,0.00,0.00,1416.00,448.00,0.00,59.00,0.00,909.00
2025,5,WN,Southwest Airlines,FAT,"Fresno, CA: Fresno Yosemite International",133.00,31.00,11.38,0.00,3.82,0.00,15.80,0.00,0.00,1324.00,376.00,0.00,132.00,0.00,816.00
2025,5,WN,Southwest Airlines,FLL,"Fort Lauderdale, FL: Fort Lauderdale-Hollywood International",967.00,221.00,66.25,10.48,50.55,0.00,93.72,5.00,1.00,13020.00,4077.00,843.00,1993.00,0.00,6107.00
2025,5,WN,Southwest Airlines,GEG,"Spokane, WA: Spokane International",329.00,62.00,20.26,0.61,3.32,0.00,37.81,1.00,0.00,3441.00,1211.00,30.00,112.00,0.00,2088.00
2025,5,WN,Southwest Airlines,GRR,"Grand Rapids, MI: Gerald R. Ford International",167.00,51.00,21.92,0.07,7.49,0.00,21.52,1.00,0.00,3131.00,1042.00,13.00,335.00,0.00,1741.00
2025,5,WN,Southwest Airlines,GSP,"Greer, SC: Greenville-Spartanburg International",124.00,32.00,11.20,3.43,7.59,0.00,9.78,0.00,0.00,1596.00,451.00,200.00,441.00,0.00,504.00
2025,5,WN,Southwest Airlines,HDN,"Hayden, CO: Yampa Valley",23.00,5.00,3.80,0.00,0.79,0.00,0.41,0.00,0.00,366.00,276.00,0.00,58.00,0.00,32.00
2025,5,WN,Southwest Airlines,HNL,"Honolulu, HI: Daniel K Inouye International",1042.00,59.00,35.21,0.00,4.88,0.00,18.91,1.00,1.00,3065.00,2148.00,0.00,243.00,0.00,674.00
2025,5,WN,Southwest Airlines,HOU,"Houston, TX: William P Hobby",4416.00,927.00,247.39,21.55,209.21,1.24,447.61,26.00,12.00,56026.00,14439.00,1941.00,8999.00,25.00,30622.00
2025,5,WN,Southwest Airlines,HRL,"Harlingen/San Benito, TX: Valley International",194.00,55.00,18.83,3.05,6.90,0.00,26.22,0.00,0.00,3486.00,1140.00,239.00,502.00,0.00,1605.00
2025,5,WN,Southwest Airlines,IAD,"Washington, DC: Washington Dulles International",114.00,37.00,10.94,0.07,10.10,0.00,15.88,0.00,0.00,1872.00,329.00,5.00,277.00,0.00,1261.00
2025,5,WN,Southwest Airlines,ICT,"Wichita, KS: Wichita Dwight D Eisenhower National",149.00,38.00,10.89,0.16,2.62,0.00,24.33,1.00,0.00,2399.00,541.00,29.00,159.00,0.00,1670.00
2025,5,WN,Southwest Airlines,IND,"Indianapolis, IN: Indianapolis International",1059.00,265.00,83.58,10.25,35.43,1.16,134.57,6.00,2.00,16061.00,4717.00,897.00,1494.00,28.00,8925.00
2025,5,WN,Southwest Airlines,ISP,"Islip, NY: Long Island MacArthur",313.00,82.00,30.25,5.64,8.29,0.10,37.72,0.00,1.00,6438.00,1840.00,792.00,503.00,7.00,3296.00
2025,5,WN,Southwest Airlines,ITO,"Hilo, HI: Hilo International",155.00,14.00,7.51,0.00,0.00,0.00,6.49,1.00,0.00,435.00,216.00,0.00,0.00,0.00,219.00
2025,5,WN,Southwest Airlines,JAN,"Jackson/Vicksburg, MS: Jackson Medgar Wiley Evers International",115.00,28.00,10.68,1.25,2.66,0.00,13.41,0.00,0.00,1774.00,691.00,155.00,104.00,0.00,824.00
2025,5,WN,Southwest Airlines,JAX,"Jacksonville, FL: Jacksonville International",398.00,103.00,32.02,2.76,24.60,0.14,43.47,10.00,3.00,5222.00,1596.00,262.00,1179.00,4.00,2181.00
2025,5,WN,Southwest Airlines,KOA,"Kona, HI: Ellison Onizuka Kona International at Keahole",244.00,17.00,10.11,0.00,0.96,0.00,5.93,0.00,0.00,668.00,388.00,0.00,36.00,0.00,244.00
2025,5,WN,Southwest Airlines,LAS,"Las Vegas, NV: Harry Reid International",7717.00,1457.00,361.80,32.60,321.10,1.40,740.10,27.00,7.00,75908.00,17843.00,2220.00,15324.00,54.00,40467.00
2025,5,WN,Southwest Airlines,LAX,"Los Angeles, CA: Los Angeles International",2075.00,473.00,149.80,8.86,49.36,0.92,264.05,4.00,1.00,24424.00,6134.00,553.00,1754.00,17.00,15966.00
2025,5,WN,Southwest Airlines,LBB,"Lubbock, TX: Lubbock Preston Smith International",229.00,62.00,12.28,0.53,9.15,0.00,40.04,1.00,0.00,3637.00,580.00,49.00,440.00,0.00,2568.00
2025,5,WN,Southwest Airlines,LGA,"New York, NY: LaGuardia",994.00,307.00,84.87,13.24,120.34,1.00,87.55,8.00,6.00,20310.00,5093.00,1068.00,8233.00,68.00,5848.00
2025,5,WN,Southwest Airlines,LGB,"Long Beach, CA: Long Beach Airport",1293.00,224.00,75.17,2.61,23.51,0.10,122.62,2.00,0.00,10667.00,3368.00,114.00,693.00,4.00,6488.00
2025,5,WN,Southwest Airlines,LIH,"Lihue, HI: Lihue Airport",244.00,14.00,7.20,0.00,0.68,0.00,6.12,0.00,0.00,534.00,226.00,0.00,17.00,0.00,291.00
2025,5,WN,Southwest Airlines,LIT,"Little Rock, AR: Bill and Hillary Clinton Nat Adams Field",206.00,58.00,17.61,1.69,6.06,0.00,32.65,3.00,1.00,3582.00,1075.00,95.00,368.00,0.00,2044.00
2025,5,WN,Southwest Airlines,MAF,"Midland/Odessa, TX: Midland International Air and Space Port",306.00,74.00,20.03,2.43,14.42,0.00,37.12,7.00,1.00,4389.00,1473.00,146.00,748.00,0.00,2022.00
2025,5,WN,Southwest Airlines,MCI,"Kansas City, MO: Kansas City International",2077.00,463.00,115.59,10.67,71.32,1.03,264.38,7.00,9.00,26406.00,5452.00,769.00,2961.00,49.00,17175.00
2025,5,WN,Southwest Airlines,MCO,"Orlando, FL: Orlando International",3977.00,990.00,203.74,36.40,389.15,2.23,358.48,17.00,50.00,61772.00,13418.00,2818.00,20298.00,70.00,25168.00
2025,5,WN,Southwest Airlines,MDW,"Chicago, IL: Chicago Midway International",5594.00,1105.00,297.49,33.16,188.10,4.82,581.42,22.00,10.00,70045.00,17609.00,3204.00,11536.00,131.00,37565.00
2025,5,WN,Southwest Airlines,MEM,"Memphis, TN: Memphis International",360.00,89.00,30.93,2.38,25.10,0.00,30.59,0.00,2.00,4965.00,1727.00,142.00,1029.00,0.00,2067.00
2025,5,WN,Southwest Airlines,MHT,"Manchester, NH: Manchester Boston Regional",246.00,67.00,21.36,0.00,9.53,0.00,36.10,0.00,0.00,3580.00,1175.00,0.00,300.00,0.00,2105.00
2025,5,WN,Southwest Airlines,MIA,"Miami, FL: Miami International",460.00,129.00,37.22,6.89,38.71,0.00,46.18,0.00,0.00,9325.00,2979.00,481.00,1832.00,0.00,4033.00
2025,5,WN,Southwest Airlines,MKE,"Milwaukee, WI: General Mitchell International",819.00,204.00,61.88,8.24,24.32,0.27,109.29,3.00,2.00,12638.00,3262.00,545.00,1220.00,10.00,7601.00
2025,5,WN,Southwest Airlines,MSP,"Minneapolis, MN: Minneapolis-St Paul International",480.00,137.00,39.45,4.48,31.40,0.00,61.66,2.00,1.00,10065.00,2333.00,383.00,2555.00,0.00,4794.00
2025,5,WN,Southwest Airlines,MSY,"New Orleans, LA: Louis Armstrong New Orleans International",1587.00,385.00,95.53,10.68,74.99,0.00,203.80,9.00,3.00,25036.00,5610.00,695.00,3644.00,0.00,15087.00
2025,5,WN,Southwest Airlines,MTJ,"Montrose/Delta, CO: Montrose Regional",23.00,5.00,4.00,0.63,0.00,0.00,0.38,0.00,0.00,111.00,95.00,10.00,0.00,0.00,6.00
2025,5,WN,Southwest Airlines,MYR,"Myrtle Beach, SC: Myrtle Beach International",201.00,54.00,18.72,3.44,7.80,0.00,24.04,0.00,0.00,2657.00,702.00,376.00,349.00,0.00,1230.00
2025,5,WN,Southwest Airlines,OAK,"Oakland, CA: Metro Oakland International",2788.00,513.00,168.17,2.89,38.67,0.97,302.30,15.00,1.00,28285.00,8156.00,286.00,1540.00,36.00,18267.00
2025,5,WN,Southwest Airlines,OGG,"Kahului, HI: Kahului Airport",417.00,24.00,14.20,0.00,4.10,0.00,5.70,1.00,0.00,1064.00,637.00,0.00,130.00,0.00,297.00
2025,5,WN,Southwest Airlines,OKC,"Oklahoma City, OK: Will Rogers World",628.00,174.00,51.56,4.66,34.24,0.00,83.54,0.00,3.00,9617.00,2709.00,260.00,1724.00,0.00,4924.00
2025,5,WN,Southwest Airlines,OMA,"Omaha, NE: Eppley Airfield",635.00,143.00,53.84,4.63,17.17,0.29,67.08,3.00,1.00,8008.00,3008.00,258.00,651.00,6.00,4085.00
2025,5,WN,Southwest Airlines,ONT,"Ontario, CA: Ontario International",1047.00,214.00,79.60,2.39,10.03,0.00,121.98,7.00,1.00,11117.00,3657.00,71.00,353.00,0.00,7036.00
2025,5,WN,Southwest Airlines,ORD,"Chicago, IL: Chicago O'Hare International",419.00,138.00,35.64,3.01,40.19,0.00,59.17,3.00,1.00,8998.00,2881.00,242.00,1818.00,0.00,4057.00
2025,5,WN,Southwest Airlines,ORF,"Norfolk, VA: Norfolk International",259.00,55.00,17.06,3.96,8.11,1.00,24.87,2.00,2.00,2746.00,786.00,228.00,283.00,25.00,1424.00
2025,5,WN,Southwest Airlines,PBI,"West Palm Beach/Palm Beach, FL: Palm Beach International",215.00,56.00,18.42,0.41,15.79,0.00,21.39,0.00,0.00,3283.00,1232.00,37.00,608.00,0.00,1406.00
2025,5,WN,Southwest Airlines,PDX,"Portland, OR: Portland International",717.00,164.00,56.94,2.92,18.97,0.00,85.18,2.00,0.00,8295.00,2811.00,144.00,726.00,0.00,4614.00
2025,5,WN,Southwest Airlines,PHL,"Philadelphia, PA: Philadelphia International",398.00,110.00,36.89,4.86,34.52,0.00,33.72,1.00,2.00,6365.00,1794.00,325.00,1994.00,0.00,2252.00
2025,5,WN,Southwest Airlines,PHX,"Phoenix, AZ: Phoenix Sky Harbor International",6123.00,1301.00,320.69,19.35,218.54,0.86,741.56,39.00,4.00,68520.00,16797.00,1651.00,8530.00,36.00,41506.00
2025,5,WN,Southwest Airlines,PIT,"Pittsburgh, PA: Pittsburgh International",868.00,242.00,82.67,6.45,39.61,1.59,111.69,1.00,0.00,14660.00,4646.00,371.00,1926.00,52.00,7665.00
2025,5,WN,Southwest Airlines,PNS,"Pensacola, FL: Pensacola International",242.00,48.00,17.37,0.00,7.05,0.00,23.58,1.00,1.00,2355.00,890.00,0.00,312.00,0.00,1153.00
2025,5,WN,Southwest Airlines,PSP,"Palm Springs, CA: Palm Springs International",278.00,61.00,18.59,0.00,5.06,0.00,37.35,1.00,3.00,3038.00,940.00,0.00,175.00,0.00,1923.00
2025,5,WN,Southwest Airlines,PVD,"Providence, RI: Rhode Island Tf Green International",483.00,135.00,46.09,8.22,17.00,0.76,62.93,2.00,1.00,9096.00,2702.00,567.00,918.00,64.00,4845.00
2025,5,WN,Southwest Airlines,PWM,"Portland, ME: Portland International Jetport",119.00,30.00,14.78,0.59,5.38,0.00,9.25,0.00,0.00,1084.00,567.00,17.00,120.00,0.00,380.00
2025,5,WN,Southwest Airlines,RDU,"Raleigh/Durham, NC: Raleigh-Durham International",771.00,176.00,47.14,5.69,24.46,1.00,97.71,4.00,1.00,9867.00,2344.00,475.00,915.00,22.00,6111.00
2025,5,WN,Southwest Airlines,RIC,"Richmond, VA: Richmond International",178.00,51.00,17.59,1.55,4.64,0.00,27.22,1.00,0.00,3049.00,590.00,96.00,234.00,0.00,2129.00
2025,5,WN,Southwest Airlines,RNO,"Reno, NV: Reno/Tahoe International",720.00,151.00,43.96,0.68,13.06,0.00,93.31,2.00,3.00,8585.00,2037.00,52.00,1379.00,0.00,5117.00
2025,5,WN,Southwest Airlines,ROC,"Rochester, NY: Frederick Douglass Grtr Rochester International",170.00,48.00,24.04,3.62,7.95,0.00,12.40,0.00,0.00,2655.00,1255.00,229.00,387.00,0.00,784.00
2025,5,WN,Southwest Airlines,RSW,"Fort Myers, FL: Southwest Florida International",683.00,171.00,44.50,2.28,45.06,0.00,79.16,1.00,1.00,9863.00,2318.00,177.00,2086.00,0.00,5282.00
2025,5,WN,Southwest Airlines,SAN,"San Diego, CA: San Diego International",2984.00,750.00,201.48,11.28,149.24,1.00,386.99,9.00,1.00,37892.00,10472.00,803.00,4755.00,15.00,21847.00
2025,5,WN,Southwest Airlines,SAT,"San Antonio, TX: San Antonio International",1417.00,364.00,87.64,9.65,62.14,2.39,202.19,7.00,1.00,24111.00,4880.00,939.00,3216.00,94.00,14982.00
2025,5,WN,Southwest Airlines,SAV,"Savannah, GA: Savannah/Hilton Head International",266.00,77.00,21.66,0.49,26.36,2.00,26.49,1.00,2.00,4788.00,1336.00,28.00,1398.00,143.00,1883.00
2025,5,WN,Southwest Airlines,SBA,"Santa Barbara, CA: Santa Barbara Municipal",138.00,32.00,8.71,0.00,3.11,0.00,20.18,0.00,0.00,1373.00,276.00,0.00,79.00,0.00,1018.00
2025,5,WN,Southwest Airlines,SDF,"Louisville, KY: Louisville Muhammad Ali International",429.00,106.00,29.08,2.01,20.43,0.00,54.49,0.00,1.00,7354.00,2178.00,233.00,947.00,0.00,3996.00
2025,5,WN,Southwest Airlines,SEA,"Seattle, WA: Seattle/Tacoma International",593.00,178.00,54.23,1.74,24.34,1.00,96.69,3.00,1.00,8328.00,2149.00,170.00,791.00,15.00,5203.00
2025,5,WN,Southwest Airlines,SFO,"San Francisco, CA: San Francisco International",651.00,199.00,58.74,1.81,44.17,0.00,94.28,3.00,0.00,10656.00,2930.00,247.00,2010.00,0.00,5469.00
2025,5,WN,Southwest Airlines,SJC,"San Jose, CA: Norman Y. Mineta San Jose International",2360.00,417.00,107.49,7.53,31.40,0.09,270.50,7.00,1.00,22273.00,5374.00,665.00,997.00,2.00,15235.00
2025,5,WN,Southwest Airlines,SJU,"San Juan, PR: Luis Munoz Marin International",331.00,78.00,24.33,6.45,16.32,0.00,30.91,1.00,0.00,4250.00,1102.00,558.00,876.00,0.00,1714.00
2025,5,WN,Southwest Airlines,SLC,"Salt Lake City, UT: Salt Lake City International",961.00,205.00,66.62,1.16,30.46,1.00,105.75,1.00,2.00,11844.00,3801.00,28.00,920.00,38.00,7057.00
2025,5,WN,Southwest Airlines,SMF,"Sacramento, CA: Sacramento International",2826.00,541.00,144.59,6.42,57.19,0.00,332.81,10.00,1.00,25777.00,7118.00,330.00,1585.00,0.00,16744.00
2025,5,WN,Southwest Airlines,SNA,"Santa Ana, CA: John Wayne Airport-Orange County",1204.00,187.00,67.19,1.11,8.20,0.00,110.50,1.00,3.00,7367.00,2427.00,59.00,327.00,0.00,4554.00
2025,5,WN,Southwest Airlines,SRQ,"Sarasota/Bradenton, FL: Sarasota/Bradenton International",366.00,101.00,24.84,1.29,30.72,0.00,44.14,0.00,0.00,5786.00,1028.00,381.00,1185.00,0.00,3192.00
2025,5,WN,Southwest Airlines,STL,"St. Louis, MO: St Louis Lambert International",3563.00,717.00,193.73,27.28,101.88,1.99,392.11,36.00,10.00,41555.00,10255.00,2040.00,5033.00,63.00,24164.00
2025,5,WN,Southwest Airlines,TPA,"Tampa, FL: Tampa International",2109.00,466.00,115.32,11.24,98.81,0.00,240.63,3.00,1.00,29651.00,7372.00,687.00,4377.00,0.00,17215.00
2025,5,WN,Southwest Airlines,TUL,"Tulsa, OK: Tulsa International",515.00,139.00,35.21,2.02,19.90,0.00,81.87,2.00,3.00,8531.00,1911.00,117.00,989.00,0.00,5514.00
2025,5,WN,Southwest Airlines,TUS,"Tucson, AZ: Tucson International",420.00,92.00,24.88,2.52,9.74,1.00,53.85,2.00,0.00,5035.00,1164.00,105.00,335.00,30.00,3401.00
2025,5,WN,Southwest Airlines,VPS,"Valparaiso, FL: Eglin AFB Destin Fort Walton Beach",196.00,36.00,9.86,0.19,9.12,0.00,16.84,0.00,0.00,2579.00,833.00,11.00,422.00,0.00,1313.00
2025,5,YV,Mesa Airlines Inc.,ABQ,"Albuquerque, NM: Albuquerque International Sunport",72.00,13.00,5.62,0.93,1.07,0.00,5.38,1.00,0.00,1265.00,297.00,231.00,33.00,0.00,704.00
2025,5,YV,Mesa Airlines Inc.,ATL,"Atlanta, GA: Hartsfield-Jackson Atlanta International",68.00,14.00,3.86,1.85,4.00,0.00,4.28,2.00,0.00,1951.00,260.00,854.00,249.00,0.00,588.00
2025,5,YV,Mesa Airlines Inc.,AUS,"Austin, TX: Austin - Bergstrom International",17.00,5.00,2.19,0.23,1.00,0.00,1.58,0.00,0.00,427.00,209.00,24.00,35.00,0.00,159.00
2025,5,YV,Mesa Airlines Inc.,BDL,"Hartford, CT: Bradley International",20.00,2.00,0.29,0.00,0.00,0.00,1.71,0.00,0.00,236.00,38.00,0.00,0.00,0.00,198.00
2025,5,YV,Mesa Airlines Inc.,BHM,"Birmingham, AL: Birmingham-Shuttlesworth International",68.00,8.00,5.01,1.15,0.77,0.00,1.08,2.00,0.00,831.00,471.00,82.00,169.00,0.00,109.00
2025,5,YV,Mesa Airlines Inc.,BNA,"Nashville, TN: Nashville International",44.00,17.00,4.50,2.00,7.56,0.00,2.94,1.00,0.00,1139.00,506.00,119.00,257.00,0.00,257.00
2025,5,YV,Mesa Airlines Inc.,BRO,"Brownsville, TX: Brownsville South Padre Island International",20.00,4.00,0.80,0.00,1.31,0.00,1.89,0.00,0.00,468.00,24.00,0.00,56.00,0.00,388.00
2025,5,YV,Mesa Airlines Inc.,BTR,"Baton Rouge, LA: Baton Rouge Metropolitan/Ryan Field",79.00,10.00,3.93,2.75,2.50,0.00,0.82,2.00,0.00,560.00,327.00,95.00,73.00,0.00,65.00
2025,5,YV,Mesa Airlines Inc.,BUF,"Buffalo, NY: Buffalo Niagara International",25.00,2.00,2.00,0.00,0.00,0.00,0.00,0.00,0.00,222.00,222.00,0.00,0.00,0.00,0.00
2025,5,YV,Mesa Airlines Inc.,BWI,"Baltimore, MD: Baltimore/Washington International Thurgood Marshall",27.00,3.00,1.00,0.00,2.00,0.00,0.00,0.00,0.00,76.00,22.00,0.00,54.00,0.00,0.00
2025,5,YV,Mesa Airlines Inc.,CHS,"Charleston, SC: Charleston AFB/International",83.00,25.00,11.07,2.94,5.11,0.00,5.88,3.00,1.00,1944.00,694.00,240.00,340.00,0.00,670.00
2025,5,YV,Mesa Airlines Inc.,CLE,"Cleveland, OH: Cleveland-Hopkins International",29.00,11.00,3.96,0.00,5.66,0.00,1.39,1.00,1.00,683.00,413.00,0.00,164.00,0.00,106.00
2025,5,YV,Mesa Airlines Inc.,CLT,"Charlotte, NC: Charlotte Douglas International",92.00,21.00,5.20,0.92,9.29,0.00,5.60,1.00,0.00,1369.00,162.00,88.00,320.00,0.00,799.00
2025,5,YV,Mesa Airlines Inc.,CMH,"Columbus, OH: John Glenn Columbus International",77.00,12.00,3.34,0.00,4.92,0.00,3.74,1.00,1.00,542.00,191.00,0.00,146.00,0.00,205.00
2025,5,YV,Mesa Airlines Inc.,COS,"Colorado Springs, CO: City of Colorado Springs Municipal",62.00,11.00,4.57,1.00,3.47,0.00,1.96,2.00,0.00,674.00,160.00,22.00,132.00,0.00,360.00
2025,5,YV,Mesa Airlines Inc.,CRP,"Corpus Christi, TX: Corpus Christi International",47.00,8.00,3.00,2.15,2.06,0.00,0.79,3.00,0.00,558.00,126.00,259.00,70.00,0.00,103.00
2025,5,YV,Mesa Airlines Inc.,CVG,"Cincinnati, OH: Cincinnati/Northern Kentucky International",55.00,10.00,5.27,1.50,1.23,0.00,2.00,1.00,0.00,441.00,263.00,50.00,34.00,0.00,94.00
2025,5,YV,Mesa Airlines Inc.,DCA,"Washington, DC: Ronald Reagan Washington National",1.00,0.00,0.00,0.00,0.00,0.00,0.00,0.00,0.00,0.00,0.00,0.00,0.00,0.00,0.00
2025,5,YV,Mesa Airlines Inc.,DFW,"Dallas/Fort Worth, TX: Dallas/Fort Worth International",54.00,12.00,4.22,1.84,2.48,0.00,3.46,4.00,0.00,669.00,168.00,111.00,160.00,0.00,230.00
2025,5,YV,Mesa Airlines Inc.,DRO,"Durango, CO: Durango La Plata County",3.00,0.00,0.00,0.00,0.00,0.00,0.00,0.00,0.00,0.00,0.00,0.00,0.00,0.00,0.00
2025,5,YV,Mesa Airlines Inc.,DSM,"Des Moines, IA: Des Moines International",31.00,4.00,3.03,0.00,0.07,0.00,0.90,1.00,0.00,326.00,174.00,0.00,8.00,0.00,144.00
2025,5,YV,Mesa Airlines Inc.,DTW,"Detroit, MI: Detroit Metro Wayne County",134.00,28.00,11.98,3.69,7.91,0.00,4.42,2.00,0.00,1976.00,894.00,208.00,348.00,0.00,526.00
2025,5,YV,Mesa Airlines Inc.,ECP,"Panama City, FL: Northwest Florida Beaches International",71.00,17.00,4.76,1.21,2.16,0.00,8.88,2.00,0.00,1646.00,337.00,102.00,231.00,0.00,976.00
2025,5,YV,Mesa Airlines Inc.,ELP,"El Paso, TX: El Paso International",180.00,41.00,18.53,4.94,9.89,0.00,7.64,5.00,0.00,3198.00,1384.00,565.00,456.00,0.00,793.00
2025,5,YV,Mesa Airlines Inc.,GRR,"Grand Rapids, MI: Gerald R. Ford International",31.00,9.00,2.30,1.19,1.32,0.00,4.20,1.00,0.00,825.00,200.00,57.00,123.00,0.00,445.00
2025,5,YV,Mesa Airlines Inc.,GSP,"Greer, SC: Greenville-Spartanburg International",62.00,11.00,2.56,2.57,2.66,0.00,3.21,1.00,0.00,695.00,122.00,156.00,201.00,0.00,216.00
2025,5,YV,Mesa Airlines Inc.,IAD,"Washington, DC: Washington Dulles International",982.00,206.00,51.84,4.02,61.14,1.00,88.00,23.00,5.00,16587.00,4075.00,430.00,2533.00,169.00,9380.00
2025,5,YV,Mesa Airlines Inc.,IAH,"Houston, TX: George Bush Intercontinental/Houston",2557.00,475.00,111.10,26.97,205.15,0.00,131.78,69.00,7.00,47231.00,8697.00,4882.00,14396.00,0.00,19256.00
2025,5,YV,Mesa Airlines Inc.,ICT,"Wichita, KS: Wichita Dwight D Eisenhower National",89.00,18.00,7.33,1.62,1.68,0.00,7.37,3.00,0.00,1553.00,613.00,99.00,122.00,0.00,719.00
2025,5,YV,Mesa Airlines Inc.,IND,"Indianapolis, IN: Indianapolis International",107.00,27.00,12.70,0.84,7.01,0.00,6.45,4.00,0.00,2766.00,1544.00,184.00,273.00,0.00,765.00
2025,5,YV,Mesa Airlines Inc.,JAX,"Jacksonville, FL: Jacksonville International",33.00,7.00,2.24,0.00,3.62,0.00,1.14,0.00,0.00,573.00,299.00,0.00,135.00,0.00,139.00
2025,5,YV,Mesa Airlines Inc.,LFT,"Lafayette, LA: Lafayette Regional Paul Fournet Field",12.00,3.00,1.86,0.00,0.00,0.00,1.14,1.00,0.00,248.00,68.00,0.00,0.00,0.00,180.00
2025,5,YV,Mesa Airlines Inc.,LGA,"New York, NY: LaGuardia",84.00,36.00,9.25,1.25,21.97,0.00,3.54,9.00,0.00,3949.00,887.00,592.00,1950.00,0.00,520.00
2025,5,YV,Mesa Airlines Inc.,LIT,"Little Rock, AR: Bill and Hillary Clinton Nat Adams Field",30.00,7.00,2.07,0.81,1.00,0.00,3.12,0.00,0.00,643.00,313.00,22.00,49.00,0.00,259.00
2025,5,YV,Mesa Airlines Inc.,MAF,"Midland/Odessa, TX: Midland International Air and Space Port",137.00,29.00,8.56,1.30,8.98,0.00,10.16,3.00,3.00,3032.00,1223.00,384.00,333.00,0.00,1092.00
2025,5,YV,Mesa Airlines Inc.,MCI,"Kansas City, MO: Kansas City International",111.00,32.00,8.99,4.82,6.95,0.00,11.25,2.00,0.00,3144.00,811.00,188.00,310.00,0.00,1835.00
2025,5,YV,Mesa Airlines Inc.,MEM,"Memphis, TN: Memphis International",47.00,5.00,2.98,0.10,0.87,0.00,1.05,1.00,0.00,564.00,306.00,12.00,106.00,0.00,140.00
2025,5,YV,Mesa Airlines Inc.,MFE,"Mission/McAllen/Edinburg, TX: McAllen International",65.00,13.00,4.74,1.11,0.90,0.00,6.25,2.00,0.00,1475.00,289.00,57.00,71.00,0.00,1058.00
2025,5,YV,Mesa Airlines Inc.,MKE,"Milwaukee, WI: General Mitchell International",69.00,15.00,4.71,0.56,3.21,0.00,6.52,1.00,0.00,964.00,185.00,37.00,84.00,0.00,658.00
2025,5,YV,Mesa Airlines Inc.,MOB,"Mobile, AL: Mobile Regional",52.00,10.00,1.75,1.00,1.75,0.00,5.50,2.00,0.00,840.00,182.00,17.00,46.00,0.00,595.00
2025,5,YV,Mesa Airlines Inc.,MSP,"Minneapolis, MN: Minneapolis-St Paul International",71.00,12.00,3.25,0.00,5.00,0.00,3.75,1.00,1.00,639.00,122.00,0.00,246.00,0.00,271.00
2025,5,YV,Mesa Airlines Inc.,MSY,"New Orleans, LA: Louis Armstrong New Orleans International",27.00,7.00,3.20,0.00,2.16,0.00,1.63,0.00,0.00,564.00,249.00,0.00,104.00,0.00,211.00
2025,5,YV,Mesa Airlines Inc.,OKC,"Oklahoma City, OK: Will Rogers World",95.00,14.00,4.03,0.20,6.40,0.00,3.37,4.00,0.00,1573.00,204.00,64.00,269.00,0.00,1036.00
2025,5,YV,Mesa Airlines Inc.,OMA,"Omaha, NE: Eppley Airfield",31.00,6.00,2.83,0.56,0.82,0.00,1.80,0.00,0.00,654.00,239.00,106.00,90.00,0.00,219.00
2025,5,YV,Mesa Airlines Inc.,ORF,"Norfolk, VA: Norfolk International",77.00,18.00,6.68,2.09,2.87,0.00,6.36,0.00,1.00,1287.00,510.00,83.00,83.00,0.00,611.00
2025,5,YV,Mesa Airlines Inc.,PHL,"Philadelphia, PA: Philadelphia International",34.00,9.00,5.15,0.56,2.81,0.00,0.48,0.00,0.00,622.00,412.00,35.00,101.00,0.00,74.00
2025,5,YV,Mesa Airlines Inc.,PHX,"Phoenix, AZ: Phoenix Sky Harbor International",21.00,2.00,1.76,0.00,0.24,0.00,0.00,2.00,0.00,163.00,159.00,0.00,4.00,0.00,0.00
2025,5,YV,Mesa Airlines Inc.,PIT,"Pittsburgh, PA: Pittsburgh International",58.00,8.00,3.00,1.00,3.00,0.00,1.00,0.00,0.00,425.00,257.00,19.00,57.00,0.00,92.00
2025,5,YV,Mesa Airlines Inc.,PNS,"Pensacola, FL: Pensacola International",18.00,6.00,3.35,0.92,0.30,0.00,1.43,0.00,0.00,786.00,465.00,33.00,44.00,0.00,244.00
2025,5,YV,Mesa Airlines Inc.,PVD,"Providence, RI: Rhode Island Tf Green International",63.00,16.00,7.74,0.00,3.73,0.00,4.53,0.00,0.00,1607.00,818.00,0.00,295.00,0.00,494.00
2025,5,YV,Mesa Airlines Inc.,PWM,"Portland, ME: Portland International Jetport",6.00,2.00,0.08,0.00,0.00,0.00,1.92,1.00,0.00,295.00,10.00,0.00,0.00,0.00,285.00
2025,5,YV,Mesa Airlines Inc.,RDU,"Raleigh/Durham, NC: Raleigh-Durham International",35.00,3.00,1.00,0.00,2.00,0.00,0.00,0.00,0.00,142.00,86.00,0.00,56.00,0.00,0.00
2025,5,YV,Mesa Airlines Inc.,RIC,"Richmond, VA: Richmond International",50.00,11.00,3.99,1.28,2.74,0.00,2.99,1.00,0.00,650.00,186.00,58.00,85.00,0.00,321.00
2025,5,YV,Mesa Airlines Inc.,ROC,"Rochester, NY: Frederick Douglass Grtr Rochester International",19.00,3.00,2.32,0.00,0.68,0.00,0.00,0.00,0.00,247.00,229.00,0.00,18.00,0.00,0.00
2025,5,YV,Mesa Airlines Inc.,SAT,"San Antonio, TX: San Antonio International",73.00,23.00,9.88,1.06,7.76,0.00,4.30,3.00,0.00,1649.00,620.00,466.00,265.00,0.00,298.00
2025,5,YV,Mesa Airlines Inc.,SAV,"Savannah, GA: Savannah/Hilton Head International",155.00,43.00,10.67,6.12,12.90,0.00,13.31,1.00,2.00,4396.00,850.00,1352.00,564.00,0.00,1630.00
2025,5,YV,Mesa Airlines Inc.,SBN,"South Bend, IN: South Bend International",10.00,3.00,2.00,0.92,0.08,0.00,0.00,0.00,0.00,227.00,51.00,162.00,14.00,0.00,0.00
2025,5,YV,Mesa Airlines Inc.,SDF,"Louisville, KY: Louisville Muhammad Ali International",147.00,42.00,12.72,3.32,16.01,0.00,9.94,3.00,0.00,5122.00,977.00,718.00,677.00,0.00,2750.00
2025,5,YV,Mesa Airlines Inc.,SHV,"Shreveport, LA: Shreveport Regional",21.00,6.00,3.21,0.00,1.00,0.00,1.79,1.00,0.00,589.00,258.00,0.00,48.00,0.00,283.00
2025,5,YV,Mesa Airlines Inc.,SLC,"Salt Lake City, UT: Salt Lake City International",28.00,8.00,1.30,2.11,1.81,0.00,2.78,0.00,0.00,717.00,78.00,371.00,88.00,0.00,180.00
2025,5,YV,Mesa Airlines Inc.,STL,"St. Louis, MO: St Louis Lambert International",61.00,13.00,5.25,1.92,3.48,0.00,2.35,0.00,0.00,1228.00,594.00,156.00,161.00,0.00,317.00
2025,5,YV,Mesa Airlines Inc.,TUL,"Tulsa, OK: Tulsa International",53.00,12.00,4.00,1.25,1.57,0.00,5.18,1.00,0.00,918.00,117.00,210.00,185.00,0.00,406.00
2025,5,YV,Mesa Airlines Inc.,TUS,"Tucson, AZ: Tucson International",21.00,5.00,1.01,0.56,1.11,0.00,2.32,0.00,0.00,210.00,33.00,18.00,24.00,0.00,135.00
2025,5,YV,Mesa Airlines Inc.,XNA,"Fayetteville, AR: Northwest Arkansas National",83.00,19.00,8.57,0.00,2.52,0.00,7.91,3.00,1.00,1557.00,403.00,0.00,77.00,0.00,1077.00
2025,5,YX,Republic Airline,ACK,"Nantucket, MA: Nantucket Memorial",30.00,2.00,2.00,0.00,0.00,0.00,0.00,0.00,0.00,52.00,52.00,0.00,0.00,0.00,0.00
2025,5,YX,Republic Airline,ALB,"Albany, NY: Albany International",31.00,1.00,0.00,0.00,1.00,0.00,0.00,0.00,0.00,26.00,0.00,0.00,26.00,0.00,0.00
2025,5,YX,Republic Airline,ATL,"Atlanta, GA: Hartsfield-Jackson Atlanta International",106.00,24.00,6.62,2.36,7.59,0.00,7.43,1.00,0.00,1325.00,374.00,226.00,331.00,0.00,394.00
2025,5,YX,Republic Airline,AUS,"Austin, TX: Austin - Bergstrom International",2.00,0.00,0.00,0.00,0.00,0.00,0.00,0.00,0.00,0.00,0.00,0.00,0.00,0.00,0.00
2025,5,YX,Republic Airline,AVL,"Asheville, NC: Asheville Regional",87.00,6.00,2.91,0.00,2.04,0.00,1.05,2.00,1.00,308.00,173.00,0.00,115.00,0.00,20.00
2025,5,YX,Republic Airline,BDL,"Hartford, CT: Bradley International",16.00,2.00,0.00,1.00,1.00,0.00,0.00,0.00,0.00,304.00,0.00,282.00,22.00,0.00,0.00
2025,5,YX,Republic Airline,BGR,"Bangor, ME: Bangor International",33.00,7.00,2.63,0.00,1.88,0.00,2.49,5.00,0.00,429.00,231.00,0.00,68.00,0.00,130.00
2025,5,YX,Republic Airline,BNA,"Nashville, TN: Nashville International",588.00,135.00,20.81,2.93,62.28,0.00,48.98,11.00,3.00,9538.00,1434.00,143.00,3664.00,0.00,4297.00
2025,5,YX,Republic Airline,BOS,"Boston, MA: Logan International",2778.00,783.00,138.50,29.60,414.71,0.23,199.96,33.00,5.00,58742.00,10620.00,2443.00,27589.00,44.00,18046.00
2025,5,YX,Republic Airline,BTV,"Burlington, VT: Burlington International",229.00,38.00,9.23,2.23,14.08,0.00,12.46,0.00,0.00,2517.00,636.00,272.00,528.00,0.00,1081.00
2025,5,YX,Republic Airline,BUF,"Buffalo, NY: Buffalo Niagara International",289.00,62.00,17.40,1.25,22.63,0.00,20.72,6.00,0.00,4672.00,1358.00,936.00,925.00,0.00,1453.00
2025,5,YX,Republic Airline,BWI,"Baltimore, MD: Baltimore/Washington International Thurgood Marshall",87.00,24.00,8.38,0.00,7.94,0.00,7.68,0.00,0.00,1770.00,721.00,0.00,454.00,0.00,595.00
2025,5,YX,Republic Airline,CAE,"Columbia, SC: Columbia Metropolitan",59.00,20.00,2.38,0.02,9.96,0.00,7.64,3.00,0.00,2110.00,204.00,4.00,968.00,0.00,934.00
2025,5,YX,Republic Airline,CHA,"Chattanooga, TN: Lovell Field",1.00,1.00,0.98,0.00,0.00,0.00,0.01,0.00,0.00,2849.00,2805.00,0.00,4.00,0.00,40.00
2025,5,YX,Republic Airline,CHO,"Charlottesville, VA: Charlottesville Albemarle",27.00,4.00,0.00,0.00,1.22,0.00,2.78,1.00,0.00,164.00,0.00,0.00,79.00,0.00,85.00
2025,5,YX,Republic Airline,CHS,"Charleston, SC: Charleston AFB/International",265.00,71.00,15.88,1.00,28.00,0.00,26.12,4.00,0.00,5242.00,1155.00,241.00,1340.00,0.00,2506.00
2025,5,YX,Republic Airline,CID,"Cedar Rapids/Iowa City, IA: The Eastern Iowa",6.00,1.00,0.00,0.00,0.04,0.00,0.96,0.00,0.00,48.00,0.00,0.00,2.00,0.00,46.00
2025,5,YX,Republic Airline,CLE,"Cleveland, OH: Cleveland-Hopkins International",580.00,118.00,17.95,3.41,47.63,0.00,49.00,9.00,0.00,7440.00,1227.00,539.00,1952.00,0.00,3722.00
2025,5,YX,Republic Airline,CLT,"Charlotte, NC: Charlotte Douglas International",255.00,70.00,22.62,0.27,23.69,0.00,23.42,3.00,0.00,4267.00,1530.00,13.00,1300.00,0.00,1424.00
2025,5,YX,Republic Airline,CMH,"Columbus, OH: John Glenn Columbus International",1055.00,256.00,51.44,6.37,120.11,0.00,78.07,23.00,1.00,18034.00,3821.00,1634.00,5794.00,0.00,6785.00
2025,5,YX,Republic Airline,CVG,"Cincinnati, OH: Cincinnati/Northern Kentucky International",440.00,82.00,18.99,0.00,34.24,0.77,28.00,9.00,0.00,5429.00,1286.00,0.00,1454.00,83.00,2606.00
2025,5,YX,Republic Airline,DAY,"Dayton, OH: James M Cox/Dayton International",27.00,8.00,2.83,0.00,1.07,0.00,4.10,2.00,0.00,411.00,138.00,0.00,34.00,0.00,239.00
2025,5,YX,Republic Airline,DCA,"Washington, DC: Ronald Reagan Washington National",2238.00,613.00,85.48,16.18,318.12,0.80,192.41,49.00,8.00,42516.00,6861.00,2023.00,17646.00,53.00,15933.00
2025,5,YX,Republic Airline,DSM,"Des Moines, IA: Des Moines International",62.00,14.00,0.00,1.00,6.11,0.00,6.89,0.00,0.00,1693.00,0.00,962.00,301.00,0.00,430.00
2025,5,YX,Republic Airline,DTW,"Detroit, MI: Detroit Metro Wayne County",464.00,73.00,30.63,1.49,17.35,0.00,23.54,7.00,0.00,5122.00,2374.00,287.00,826.00,0.00,1635.00
2025,5,YX,Republic Airline,ECP,"Panama City, FL: Northwest Florida Beaches International",27.00,12.00,0.91,0.21,10.00,0.00,0.88,0.00,0.00,489.00,79.00,4.00,283.00,0.00,123.00
2025,5,YX,Republic Airline,ELP,"El Paso, TX: El Paso International",10.00,3.00,1.72,0.00,1.28,0.00,0.00,0.00,0.00,90.00,59.00,0.00,31.00,0.00,0.00
2025,5,YX,Republic Airline,EWR,"Newark, NJ: Newark Liberty International",1247.00,393.00,27.88,4.01,339.71,0.00,21.39,182.00,2.00,42100.00,4479.00,321.00,34906.00,0.00,2394.00
2025,5,YX,Republic Airline,EYW,"Key West, FL: Key West International",44.00,13.00,2.75,0.00,6.38,0.00,3.88,0.00,0.00,522.00,106.00,0.00,220.00,0.00,196.00
2025,5,YX,Republic Airline,GRB,"Green Bay, WI: Green Bay Austin Straubel International",14.00,0.00,0.00,0.00,0.00,0.00,0.00,0.00,0.00,0.00,0.00,0.00,0.00,0.00,0.00
2025,5,YX,Republic Airline,GRR,"Grand Rapids, MI: Gerald R. Ford International",202.00,42.00,10.03,0.00,13.00,0.00,18.97,10.00,0.00,3040.00,945.00,0.00,638.00,0.00,1457.00
2025,5,YX,Republic Airline,GSO,"Greensboro/High Point, NC: Piedmont Triad International",187.00,40.00,9.62,1.03,12.75,0.40,16.20,4.00,0.00,2808.00,526.00,45.00,560.00,10.00,1667.00
2025,5,YX,Republic Airline,GSP,"Greer, SC: Greenville-Spartanburg International",144.00,29.00,4.38,0.00,17.17,0.00,7.46,12.00,0.00,1727.00,250.00,0.00,826.00,0.00,651.00
2025,5,YX,Republic Airline,HHH,"Hilton Head, SC: Hilton Head Airport",129.00,20.00,3.46,2.60,11.22,0.00,2.73,4.00,0.00,1335.00,164.00,182.00,768.00,0.00,221.00
2025,5,YX,Republic Airline,IAD,"Washington, DC: Washington Dulles International",965.00,137.00,30.40,4.83,57.05,0.00,44.72,6.00,2.00,9686.00,2017.00,1474.00,2258.00,0.00,3937.00
2025,5,YX,Republic Airline,ILM,"Wilmington, NC: Wilmington International",119.00,27.00,7.08,0.00,9.73,0.00,10.19,10.00,0.00,1633.00,553.00,0.00,407.00,0.00,673.00
2025,5,YX,Republic Airline,IND,"Indianapolis, IN: Indianapolis International",1242.00,263.00,50.78,3.94,90.81,0.96,116.51,24.00,0.00,18154.00,3624.00,1365.00,4201.00,71.00,8893.00
2025,5,YX,Republic Airline,JAX,"Jacksonville, FL: Jacksonville International",142.00,51.00,7.10,0.41,22.84,0.00,20.65,6.00,0.00,2545.00,334.00,24.00,835.00,0.00,1352.00
2025,5,YX,Republic Airline,JFK,"New York, NY: John F. Kennedy International",1271.00,340.00,63.44,5.82,173.39,1.84,95.50,17.00,0.00,25180.00,4192.00,482.00,13007.00,74.00,7425.00
2025,5,YX,Republic Airline,LEX,"Lexington, KY: Blue Grass",57.00,16.00,12.05,0.00,0.03,0.00,3.92,1.00,0.00,1883.00,1393.00,0.00,2.00,0.00,488.00
2025,5,YX,Republic Airline,LGA,"New York, NY: LaGuardia",4599.00,1152.00,192.25,49.35,661.39,1.00,248.00,115.00,22.00,94803.00,16214.00,6468.00,47189.00,179.00,24753.00
2025,5,YX,Republic Airline,LIT,"Little Rock, AR: Bill and Hillary Clinton Nat Adams Field",62.00,12.00,4.82,0.00,4.67,0.00,2.51,1.00,0.00,960.00,381.00,0.00,290.00,0.00,289.00
2025,5,YX,Republic Airline,MCI,"Kansas City, MO: Kansas City International",167.00,26.00,6.58,0.78,5.59,0.00,13.06,8.00,0.00,1781.00,636.00,25.00,243.00,0.00,877.00
2025,5,YX,Republic Airline,MCO,"Orlando, FL: Orlando International",93.00,27.00,2.66,1.84,9.95,0.21,12.34,0.00,1.00,2542.00,228.00,245.00,653.00,26.00,1390.00
2025,5,YX,Republic Airline,MDT,"Harrisburg, PA: Harrisburg International",41.00,10.00,4.09,0.00,2.28,0.00,3.62,0.00,0.00,417.00,160.00,0.00,83.00,0.00,174.00
2025,5,YX,Republic Airline,MEM,"Memphis, TN: Memphis International",221.00,64.00,10.37,3.60,22.06,0.00,27.97,11.00,1.00,4172.00,770.00,511.00,1081.00,0.00,1810.00
2025,5,YX,Republic Airline,MIA,"Miami, FL: Miami International",88.00,28.00,6.35,3.66,11.05,0.00,6.93,0.00,0.00,1876.00,477.00,285.00,503.00,0.00,611.00
2025,5,YX,Republic Airline,MKE,"Milwaukee, WI: General Mitchell International",155.00,31.00,9.00,0.48,11.08,0.00,10.44,10.00,0.00,2057.00,582.00,43.00,701.00,0.00,731.00
2025,5,YX,Republic Airline,MSN,"Madison, WI: Dane County Regional-Truax Field",163.00,27.00,8.29,0.00,7.25,0.00,11.46,8.00,0.00,1782.00,481.00,0.00,354.00,0.00,947.00
2025,5,YX,Republic Airline,MSP,"Minneapolis, MN: Minneapolis-St Paul International",101.00,16.00,1.26,0.00,11.71,0.00,3.03,2.00,0.00,977.00,42.00,0.00,669.00,0.00,266.00
2025,5,YX,Republic Airline,MSY,"New Orleans, LA: Louis Armstrong New Orleans International",11.00,1.00,0.00,0.00,1.00,0.00,0.00,0.00,0.00,17.00,0.00,0.00,17.00,0.00,0.00
2025,5,YX,Republic Airline,MVY,"Martha's Vineyard, MA: Martha's Vineyard Airport",30.00,2.00,1.00,0.00,1.00,0.00,0.00,0.00,1.00,237.00,77.00,0.00,160.00,0.00,0.00
2025,5,YX,Republic Airline,MYR,"Myrtle Beach, SC: Myrtle Beach International",70.00,10.00,2.13,0.00,5.61,0.00,2.25,7.00,0.00,376.00,94.00,0.00,221.00,0.00,61.00
2025,5,YX,Republic Airline,OKC,"Oklahoma City, OK: Will Rogers World",73.00,27.00,2.40,0.35,12.79,0.00,11.46,1.00,3.00,2111.00,145.00,75.00,651.00,0.00,1240.00
2025,5,YX,Republic Airline,OMA,"Omaha, NE: Eppley Airfield",105.00,24.00,10.36,1.58,7.18,0.00,4.89,1.00,0.00,2030.00,689.00,190.00,466.00,0.00,685.00
2025,5,YX,Republic Airline,ORD,"Chicago, IL: Chicago O'Hare International",2103.00,293.00,50.30,17.14,130.46,0.49,94.62,12.00,1.00,17908.00,2788.00,1802.00,6029.00,21.00,7268.00
2025,5,YX,Republic Airline,ORF,"Norfolk, VA: Norfolk International",239.00,57.00,6.88,0.89,20.11,0.00,29.11,7.00,1.00,3682.00,321.00,134.00,789.00,0.00,2438.00
2025,5,YX,Republic Airline,ORH,"Worcester, MA: Worcester Regional",31.00,3.00,0.00,0.00,2.15,0.00,0.85,0.00,0.00,159.00,0.00,0.00,91.00,0.00,68.00
2025,5,YX,Republic Airline,PBI,"West Palm Beach/Palm Beach, FL: Palm Beach International",36.00,8.00,0.40,0.00,6.05,0.00,1.55,1.00,0.00,363.00,26.00,0.00,230.00,0.00,107.00
2025,5,YX,Republic Airline,PHL,"Philadelphia, PA: Philadelphia International",634.00,184.00,26.27,2.43,90.59,0.13,64.58,11.00,0.00,11037.00,1257.00,190.00,4514.00,25.00,5051.00
2025,5,YX,Republic Airline,PIA,"Peoria, IL: General Downing - Peoria International",20.00,2.00,0.50,0.00,1.50,0.00,0.00,0.00,0.00,112.00,8.00,0.00,104.00,0.00,0.00
2025,5,YX,Republic Airline,PIT,"Pittsburgh, PA: Pittsburgh International",832.00,188.00,45.33,2.54,54.21,0.00,85.92,33.00,0.00,14389.00,3665.00,350.00,3151.00,0.00,7223.00
2025,5,YX,Republic Airline,PVD,"Providence, RI: Rhode Island Tf Green International",166.00,29.00,5.69,1.16,6.57,0.00,15.58,0.00,0.00,1722.00,310.00,207.00,286.00,0.00,919.00
2025,5,YX,Republic Airline,PWM,"Portland, ME: Portland International Jetport",284.00,45.00,10.45,1.30,20.99,0.00,12.26,6.00,0.00,3109.00,912.00,48.00,980.00,0.00,1169.00
2025,5,YX,Republic Airline,RDU,"Raleigh/Durham, NC: Raleigh-Durham International",626.00,145.00,28.29,6.38,60.79,0.00,49.53,8.00,2.00,11050.00,2301.00,1324.00,3380.00,0.00,4045.00
2025,5,YX,Republic Airline,RIC,"Richmond, VA: Richmond International",303.00,66.00,15.70,0.00,22.00,0.00,28.30,5.00,1.00,4705.00,944.00,0.00,1200.00,0.00,2561.00
2025,5,YX,Republic Airline,ROA,"Roanoke, VA: Roanoke Blacksburg Regional",26.00,6.00,1.00,0.00,4.56,0.00,0.44,3.00,0.00,190.00,21.00,0.00,157.00,0.00,12.00
2025,5,YX,Republic Airline,ROC,"Rochester, NY: Frederick Douglass Grtr Rochester International",37.00,9.00,1.22,0.00,3.84,0.00,3.94,1.00,0.00,497.00,134.00,0.00,150.00,0.00,213.00
2025,5,YX,Republic Airline,RSW,"Fort Myers, FL: Southwest Florida International",1.00,0.00,0.00,0.00,0.00,0.00,0.00,0.00,0.00,0.00,0.00,0.00,0.00,0.00,0.00
2025,5,YX,Republic Airline,SAV,"Savannah, GA: Savannah/Hilton Head International",162.00,50.00,10.74,0.52,24.36,0.00,14.38,4.00,0.00,3093.00,576.00,14.00,1228.00,0.00,1275.00
2025,5,YX,Republic Airline,SBN,"South Bend, IN: South Bend International",21.00,7.00,1.78,0.93,3.49,0.00,0.80,0.00,0.00,393.00,115.00,75.00,120.00,0.00,83.00
2025,5,YX,Republic Airline,SDF,"Louisville, KY: Louisville Muhammad Ali International",507.00,89.00,32.99,1.53,25.49,0.00,29.00,11.00,0.00,6995.00,2755.00,194.00,1155.00,0.00,2891.00
2025,5,YX,Republic Airline,SRQ,"Sarasota/Bradenton, FL: Sarasota/Bradenton International",2.00,1.00,0.24,0.00,0.76,0.00,0.00,0.00,0.00,37.00,9.00,0.00,28.00,0.00,0.00
2025,5,YX,Republic Airline,STL,"St. Louis, MO: St Louis Lambert International",197.00,34.00,6.29,0.00,15.03,0.00,12.68,12.00,0.00,2070.00,315.00,0.00,543.00,0.00,1212.00
2025,5,YX,Republic Airline,SYR,"Syracuse, NY: Syracuse Hancock International",74.00,9.00,1.02,0.00,1.02,0.00,6.96,11.00,0.00,583.00,62.00,0.00,27.00,0.00,494.00
2025,5,YX,Republic Airline,TUL,"Tulsa, OK: Tulsa International",97.00,38.00,10.88,1.00,17.44,0.00,8.68,4.00,1.00,2125.00,853.00,149.00,560.00,0.00,563.00
2025,5,YX,Republic Airline,TYS,"Knoxville, TN: McGhee Tyson",82.00,26.00,3.54,0.00,11.87,0.00,10.59,3.00,0.00,1248.00,171.00,0.00,440.00,0.00,637.00
2025,5,YX,Republic Airline,XNA,"Fayetteville, AR: Northwest Arkansas National",61.00,21.00,4.20,0.00,8.31,0.00,8.50,1.00,1.00,2503.00,1105.00,0.00,653.00,0.00,745.00
